Metric,Metric source,ModelYear,Horizon H,Flow category,SSP1-1.9 value,SSP2-4.5 value,SSP5-8.5 value,SSP2-4.5 - SSP1-1.9,SSP5-8.5 - SSP1-1.9,Difference SSP2-4.5 vs SSP1-1.9,Difference SSP5-8.5 vs SSP1-1.9
dpRF,rf,2030,0,CO2 total,1.619986750284261e-15,1.588207122553424e-15,1.5653415754165389e-15,-3.1779627730837034e-17,-5.464517486772212e-17,-1.9617214600835855,-3.3731865311943734
dpRF,rf,2030,1,CO2 total,1.4962951148541222e-15,1.4708991429993932e-15,1.45323090536708e-15,-2.539597185472905e-17,-4.3064209487042195e-17,-1.697256884862915,-2.8780558767807407
dpRF,rf,2030,2,CO2 total,1.4127764526894784e-15,1.39206205031016e-15,1.3777673051144079e-15,-2.0714402379318374e-17,-3.5009147575070475e-17,-1.4662193965566683,-2.4780387235662205
dpRF,rf,2030,3,CO2 total,1.3536524864498202e-15,1.3367577006243888e-15,1.3249611576892457e-15,-1.6894785825431403e-17,-2.869132876057452e-17,-1.2480888554891072,-2.119549075392483
dpRF,rf,2030,4,CO2 total,1.309520818194627e-15,1.2960508871911892e-15,1.2863834381918407e-15,-1.346993100343779e-17,-2.313738000278635e-17,-1.0286152626430278,-1.7668585089532778
dpRF,rf,2030,5,CO2 total,1.2750268316516175e-15,1.264824771598525e-15,1.2571671484062807e-15,-1.0202060053092382e-17,-1.7859683245336803e-17,-0.8001447341995973,-1.4007299926545154
dpRF,rf,2030,6,CO2 total,1.2467288632160793e-15,1.2397816719269384e-15,1.2341469088287223e-15,-6.94719128914087e-18,-1.2581954387356956e-17,-0.5572335328164134,-1.0091973289926384
dpRF,rf,2030,7,CO2 total,1.2226439281067632e-15,1.2190017196209257e-15,1.2154579069076026e-15,-3.642208485837494e-18,-7.186021199160627e-18,-0.2978960924034009,-0.5877443983456427
dpRF,rf,2030,8,CO2 total,1.2014813318522656e-15,1.2012295985667278e-15,1.199869606193002e-15,-2.5173328553786593e-19,-1.6117256592636069e-18,-0.020951909851964233,-0.13414487737224243
dpRF,rf,2030,9,CO2 total,1.1824714869691867e-15,1.1857033307667134e-15,1.18662218767465e-15,3.23184379752662e-18,4.1507007054632704e-18,0.2733126196395834,0.35101909443093665
dpRF,rf,2030,10,CO2 total,1.1651045751638132e-15,1.1719019201225715e-15,1.1751990693497317e-15,6.79734495875827e-18,1.0094494185918533e-17,0.583410717257081,0.8664024158088343
dpRF,rf,2030,11,CO2 total,1.1490258054115034e-15,1.1594539250658914e-15,1.16523404592133e-15,1.0428119654388004e-17,1.6208240509826645e-17,0.9075618324040474,1.410607179881565
dpRF,rf,2030,12,CO2 total,1.134023801201411e-15,1.1481322314508775e-15,1.1564936900594706e-15,1.4108430249466447e-17,2.2469888858059516e-17,1.2441035394953484,1.981430092935827
dpRF,rf,2030,13,CO2 total,1.1199215225754415e-15,1.1377541784683497e-15,1.1487909746600101e-15,1.783265589290816e-17,2.8869452084568604e-17,1.592312990994143,2.5778102753288112
dpRF,rf,2030,14,CO2 total,1.1066326306328241e-15,1.1282193686329693e-15,1.1420128029331271e-15,2.1586738000145128e-17,3.538017230030298e-17,1.9506688491374797,3.1971018494250387
dpRF,rf,2030,15,CO2 total,1.0940566741075118e-15,1.119428059002165e-15,1.1360565666415765e-15,2.537138489465315e-17,4.19998925340647e-17,2.3190192514798307,3.8389137901221204
dpRF,rf,2030,16,CO2 total,1.0821109078142443e-15,1.1112969222958524e-15,1.1308364620832076e-15,2.918601448160806e-17,4.8725554268963306e-17,2.697137074476117,4.5028244255835155
dpRF,rf,2030,17,CO2 total,1.0707268568751937e-15,1.1037561290504019e-15,1.1262800706606523e-15,3.3029272175208215e-17,5.55532137854586e-17,3.0847523776139094,5.188364654229834
dpRF,rf,2030,18,CO2 total,1.0598603334006083e-15,1.0967568134992352e-15,1.122333984170163e-15,3.689648009862685e-17,6.247365076955466e-17,3.481258703233366,5.894517305794926
dpRF,rf,2030,19,CO2 total,1.049456152226628e-15,1.0902457572332075e-15,1.1189448163622063e-15,4.0789605006579583e-17,6.948866413557836e-17,3.8867374230010854,6.621397567506225
dpRF,rf,2030,20,CO2 total,1.0394743380286487e-15,1.0841668091993594e-15,1.1160689704127612e-15,4.4692471170710694e-17,7.659463238411247e-17,4.299526167761818,7.3685929110451465
dpRF,rf,2030,21,CO2 total,1.0299124494617588e-15,1.0784865942469196e-15,1.1136790761031093e-15,4.8574144785160794e-17,8.376662664135054e-17,4.7163372780420385,8.133373539190414
dpRF,rf,2030,22,CO2 total,1.020736097756038e-15,1.0731649214396e-15,1.1117434085438397e-15,5.24288236835619e-17,9.100731078780163e-17,5.1363740146762895,8.91585111841052
dpRF,rf,2030,23,CO2 total,1.0119312361344007e-15,1.0681765345672248e-15,1.1102310452867092e-15,5.624529843282401e-17,9.829980915230849e-17,5.558213485699114,9.714079933713272
dpRF,rf,2030,24,CO2 total,1.0034671069014264e-15,1.0634961646334508e-15,1.1091202680775277e-15,6.002905773202439e-17,1.0565316117610136e-16,5.982164967757257,10.52881160224019
dpRF,rf,2030,25,CO2 total,9.95339414078338e-16,1.0591130739481063e-15,1.1083915693292757e-15,6.377365986976831e-17,1.1305215525093778e-16,6.407227420891526,11.35815116450719
dpRF,rf,2030,26,CO2 total,9.87524517538091e-16,1.055004987843387e-15,1.1080207859619092e-15,6.748047030529605e-17,1.204962684238182e-16,6.833295691080721,12.201850818267951
dpRF,rf,2030,27,CO2 total,9.799989822950178e-16,1.0511542091770869e-15,1.1079919176986262e-15,7.115522688206911e-17,1.2799293540360845e-16,7.260744977044132,13.060517175626781
dpRF,rf,2030,28,CO2 total,9.727387473599207e-16,1.047539021294184e-15,1.1082841011589828e-15,7.480027393426322e-17,1.3554535379906207e-16,7.689657077738114,13.934404707013204
dpRF,rf,2030,29,CO2 total,9.657249276519166e-16,1.0441414192968735e-15,1.108877564206263e-15,7.841649164495686e-17,1.4315263655434637e-16,8.11996142997161,14.823334518495926
dpRF,rf,2030,30,CO2 total,9.589558574264581e-16,1.040951061657116e-15,1.1097574657791338e-15,8.199520423065791e-17,1.5080160835267572e-16,8.550467010098647,15.72560480076536
dpRF,rf,2030,31,CO2 total,9.524046811476816e-16,1.0379413434588883e-15,1.1109070306700763e-15,8.553666231120667e-17,1.585023495223947e-16,8.981125776086268,16.64233205273558
dpRF,rf,2030,32,CO2 total,9.460688479218463e-16,1.0351008724757388e-15,1.1123084846610592e-15,8.903202455389247e-17,1.6623963673921286e-16,9.41073419228019,17.57162146331931
dpRF,rf,2030,33,CO2 total,9.399300914220916e-16,1.0324151724555704e-15,1.1139505954211872e-15,9.248508103347873e-17,1.7402050399909557e-16,9.839570184794384,18.514196490486516
dpRF,rf,2030,34,CO2 total,9.339924687090636e-16,1.0298814134200165e-15,1.1158194476002072e-15,9.588894471095294e-17,1.8182697889114357e-16,10.266565087348912,19.467713603992905
dpRF,rf,2030,35,CO2 total,9.28233405036602e-16,1.027484910935426e-15,1.1179085481320428e-15,9.925150589882389e-17,1.8967514309544074e-16,10.692516059030456,20.433992362940383
dpRF,rf,2030,36,CO2 total,9.226399389769203e-16,1.0252145293716758e-15,1.1202069259648462e-15,1.0257459039475543e-16,1.9756698698792586e-16,11.117510315941495,21.413227266857778
dpRF,rf,2030,37,CO2 total,9.172154053018901e-16,1.0230668412044114e-15,1.1226979557052192e-15,1.0585143590252124e-16,2.0548255040332907e-16,11.540520938773541,22.402867332532104
dpRF,rf,2030,38,CO2 total,9.119466865613472e-16,1.0210345159416908e-15,1.1253779368734984e-15,1.090878293803436e-16,2.1343125031215125e-16,11.962084076611774,23.403917515938428
dpRF,rf,2030,39,CO2 total,9.068259731645527e-16,1.0191086870231846e-15,1.1282358902414921e-15,1.122827138586319e-16,2.2140991707693942e-16,12.381947273389033,24.415921425837055
dpRF,rf,2030,40,CO2 total,9.018451233808945e-16,1.0172764195748642e-15,1.1312602810275185e-15,1.1543129619396972e-16,2.2941515764662397e-16,12.799458931621599,25.43842082181226
dpRF,rf,2030,41,CO2 total,8.969855515804649e-16,1.0155182908387095e-15,1.1344426268834084e-15,1.1853273925824462e-16,2.3745707530294354e-16,13.214565056192159,26.472787090555745
dpRF,rf,2030,42,CO2 total,8.92250282706383e-16,1.0138270297705567e-15,1.1377653128606011e-15,1.2157674706417377e-16,2.4551503015421817e-16,13.625856939535607,27.516385807076393
dpRF,rf,2030,43,CO2 total,8.87626095287467e-16,1.012190596494544e-15,1.1412210515287896e-15,1.2456450120707697e-16,2.5359495624132257e-16,14.033442895427207,28.570020370930305
dpRF,rf,2030,44,CO2 total,8.831070903135106e-16,1.0106022620920503e-15,1.144802430470866e-15,1.2749517177853975e-16,2.616953401573555e-16,14.437113366769355,29.63347741489103
dpRF,rf,2030,45,CO2 total,8.786947679233281e-16,1.009058166634035e-15,1.1484938395307863e-15,1.3036339871070693e-16,2.6979907160745815e-16,14.836027648008255,30.704526925213226
dpRF,rf,2030,46,CO2 total,8.74371959541806e-16,1.0075507183030748e-15,1.152301048908377e-15,1.3317875876126883e-16,2.7792908936657105e-16,15.231362043112409,31.78613933505064
dpRF,rf,2030,47,CO2 total,8.701465994190559e-16,1.0060782829650588e-15,1.1562036071367624e-15,1.3593168354600295e-16,2.860570077177065e-16,15.62169910642141,32.87457629653318
dpRF,rf,2030,48,CO2 total,8.660081039155988e-16,1.0046379815670776e-15,1.1602041689036088e-15,1.3862987765147882e-16,2.9419606498801005e-16,16.007919212842577,33.97151408373916
dpRF,rf,2030,49,CO2 total,8.619565878119703e-16,1.0032273645022045e-15,1.164292322119148e-15,1.4127077669023427e-16,3.0233573430717776e-16,16.389546606847386,35.075517558794985
dpRF,rf,2030,50,CO2 total,8.5798843666107e-16,1.0018407997295181e-15,1.1684519869911775e-15,1.4385236306844807e-16,3.104635503301075e-16,16.766235641620174,36.18505064454027
dpRF,rf,2030,51,CO2 total,8.540891451751293e-16,1.000467829663921e-15,1.1726731276601396e-15,1.4637868448879177e-16,3.185839824850103e-16,17.138572163773034,37.301022297817084
dpRF,rf,2030,52,CO2 total,8.502576612357858e-16,9.991025997803187e-16,1.1769408040152486e-15,1.4884493854453296e-16,3.266831427794628e-16,17.505862673227547,38.42166412292637
dpRF,rf,2030,53,CO2 total,8.464853132437109e-16,9.977398835984061e-16,1.1812498972911308e-15,1.5125457035469524e-16,3.347645840474199e-16,17.868540420989877,39.547595074580826
dpRF,rf,2030,54,CO2 total,8.427744336812776e-16,9.963768264901159e-16,1.1855875245695739e-15,1.536023928088383e-16,3.428130908882963e-16,18.225801195451073,40.67673118545765
dpRF,rf,2030,55,CO2 total,8.391205388171943e-16,9.950095764243778e-16,1.189945545151481e-15,1.5588903760718345e-16,3.5082500633428667e-16,18.577669166210754,41.808654431078736
dpRF,rf,2030,56,CO2 total,8.35509757914195e-16,9.936325780589796e-16,1.194330277875239e-15,1.5812282014478465e-16,3.5882051996104406e-16,18.92531100289358,42.9462991380041
dpRF,rf,2030,57,CO2 total,8.319572644444708e-16,9.922496390987118e-16,1.1987206132587353e-15,1.6029237465424104e-16,3.667633488142645e-16,19.266900056612197,44.084397659435815
dpRF,rf,2030,58,CO2 total,8.284481851797807e-16,9.908530868747068e-16,1.203123207635466e-15,1.6240490169492607e-16,3.7467502245568536e-16,19.603507449253783,45.226126287472944
dpRF,rf,2030,59,CO2 total,8.249780594475331e-16,9.894412231368777e-16,1.2075367325366107e-15,1.6446316368934462e-16,3.8255867308907763e-16,19.93545910778299,46.37198149794038
dpRF,rf,2030,60,CO2 total,8.215588924175468e-16,9.880206414896101e-16,1.2119364682733365e-15,1.6646174907206334e-16,3.9037757585578973e-16,20.261694031723934,47.51668802549889
dpRF,rf,2030,61,CO2 total,8.181804475398485e-16,9.86596907640495e-16,1.216327936571337e-15,1.6841646010064655e-16,3.981474890314885e-16,20.5842684956663,48.662552402548975
dpRF,rf,2030,62,CO2 total,8.14841020758289e-16,9.85174367746641e-16,1.2207066779718635e-15,1.7033334698835195e-16,4.058656572135746e-16,20.90387482331709,49.809183248516014
dpRF,rf,2030,63,CO2 total,8.115341453973814e-16,9.837522159721674e-16,1.2250722000575019e-15,1.7221807057478596e-16,4.1353805466012043e-16,21.221296916651173,50.95756685106879
dpRF,rf,2030,64,CO2 total,8.082558875584504e-16,9.823306408063999e-16,1.2294241968139644e-15,1.7407475324794941e-16,4.211683092555139e-16,21.537084471328505,52.10828844411682
dpRF,rf,2030,65,CO2 total,8.05008938987137e-16,9.809089062911772e-16,1.2337593250959127e-15,1.758999673040401e-16,4.287503861087757e-16,21.850684978151623,53.26032610870506
dpRF,rf,2030,66,CO2 total,8.017875139441674e-16,9.794850107328618e-16,1.23807605582643e-15,1.7769749678869444e-16,4.3628854188226255e-16,22.1626670032016,54.4144844231939
dpRF,rf,2030,67,CO2 total,7.985866782382281e-16,9.780559707894181e-16,1.2423778149701583e-15,1.7946929255119004e-16,4.4379113673193017e-16,22.473364187231304,55.572068608880784
dpRF,rf,2030,68,CO2 total,7.954103749516221e-16,9.766216803405086e-16,1.2466561009237468e-15,1.8121130538888654e-16,4.512457259721247e-16,22.782114879996136,56.73118432728138
dpRF,rf,2030,69,CO2 total,7.922579106774315e-16,9.751819176918982e-16,1.2509080784588547e-15,1.8292400701446665e-16,4.586501677814232e-16,23.088946736808833,57.89152264686733
dpRF,rf,2030,70,CO2 total,7.891350615056818e-16,9.73741716489667e-16,1.2551411200248774e-15,1.846066549839852e-16,4.660060585191956e-16,23.393543639000512,59.0527631138387
dpRF,rf,2030,71,CO2 total,7.860573576607154e-16,9.723155587605871e-16,1.2593466412537734e-15,1.862582010998717e-16,4.73289283593058e-16,23.69524301053181,60.210527766262956
dpRF,rf,2030,72,CO2 total,7.830257377212476e-16,9.709101954134217e-16,1.2635272591052593e-15,1.878844576921741e-16,4.805015213840117e-16,23.994672031976023,61.36471615637586
dpRF,rf,2030,73,CO2 total,7.800397275184862e-16,9.695291930675386e-16,1.267680850644999e-15,1.8948946554905246e-16,4.876411231265129e-16,24.292283952237774,62.51490865443854
dpRF,rf,2030,74,CO2 total,7.770939999931662e-16,9.6817233720155e-16,1.2718132319207304e-15,1.910783372083837e-16,4.947192319275642e-16,24.588831880063935,63.662727022974664
dpRF,rf,2030,75,CO2 total,7.741893285543286e-16,9.668419283086031e-16,1.2759201840893875e-15,1.9265259975427457e-16,5.017308555350589e-16,24.884429770431176,64.80725541282763
dpRF,rf,2030,76,CO2 total,7.713232965016504e-16,9.655374873810094e-16,1.2799950939967417e-15,1.9421419087935902e-16,5.086717974950913e-16,25.179349795373835,65.94793646220472
dpRF,rf,2030,77,CO2 total,7.684958522170564e-16,9.642596627898861e-16,1.284038350784164e-15,1.9576381057282972e-16,5.155424985671076e-16,25.473632682344988,67.08461692796438
dpRF,rf,2030,78,CO2 total,7.657052602947117e-16,9.63007486750939e-16,1.2880439548601003e-15,1.9730222645622734e-16,5.223386945653886e-16,25.76738553164541,68.21667835536954
dpRF,rf,2030,79,CO2 total,7.629523330110045e-16,9.6178109155623e-16,1.2920117309882305e-15,1.9882875854522536e-16,5.290593979772259e-16,26.060443089615344,69.34370275653839
dpRF,rf,2030,80,CO2 total,7.602348856639713e-16,9.605798783269169e-16,1.2959386648419187e-15,2.0034499266294554e-16,5.357037791779474e-16,26.353038572804895,70.46556127322101
dpRF,rf,2030,81,CO2 total,7.575509730013621e-16,9.594019531918113e-16,1.2998227381998269e-15,2.018509801904492e-16,5.422717651984648e-16,26.645201099898298,71.58221486404055
dpRF,rf,2030,82,CO2 total,7.549042318854135e-16,9.582484599075023e-16,1.3036647452273528e-15,2.0334422802208885e-16,5.487605133419393e-16,26.936427090125832,72.69273242400307
dpRF,rf,2030,83,CO2 total,7.522939973973952e-16,9.571186451490725e-16,1.3074614956888145e-15,2.048246477516773e-16,5.551674982914192e-16,27.226675802316652,73.79661411789186
dpRF,rf,2030,84,CO2 total,7.497149061227251e-16,9.560099839245206e-16,1.3112261930961662e-15,2.0629507780179552e-16,5.615112869734411e-16,27.516470076430082,74.89664169509311
dpRF,rf,2030,85,CO2 total,7.47166514094577e-16,9.549210723763797e-16,1.3149580818358836e-15,2.077545582818027e-16,5.677915677413066e-16,27.8056570205855,75.99264113560568
dpRF,rf,2030,86,CO2 total,7.446434536394831e-16,9.538495666844438e-16,1.3186686800770919e-15,2.092061130449607e-16,5.740252264376087e-16,28.094803227296914,77.08725882595637
dpRF,rf,2030,87,CO2 total,7.421557082351649e-16,9.52795433654924e-16,1.3223451115007025e-15,2.1063972541975906e-16,5.801894032655376e-16,28.382147180496283,78.17623671523314
dpRF,rf,2030,88,CO2 total,7.396958123827135e-16,9.517579056987376e-16,1.3259988790687371e-15,2.120620933160241e-16,5.863030666860237e-16,28.668824368888636,79.2627262276124
dpRF,rf,2030,89,CO2 total,7.372699161491108e-16,9.50738648681759e-16,1.3296191848402042e-15,2.1346873253264822e-16,5.923492686910935e-16,28.953945882890842,80.34361035440547
dpRF,rf,2030,90,CO2 total,7.348744660044648e-16,9.497360306969447e-16,1.333215131204958e-15,2.1486156469247985e-16,5.983406652004931e-16,29.237859611681543,81.42079945350255
dpRF,rf,2030,91,CO2 total,7.325110812874815e-16,9.487509010133695e-16,1.336785713882135e-15,2.1623981972588797e-16,6.042746325946535e-16,29.520347916896895,82.49358242233876
dpRF,rf,2030,92,CO2 total,7.301797437235333e-16,9.477831256553166e-16,1.3403337276765103e-15,2.176033819317833e-16,6.10153983952977e-16,29.80134464181659,83.5621624946088
dpRF,rf,2030,93,CO2 total,7.278766021559985e-16,9.46831605980904e-16,1.3438661899764468e-15,2.1895500382490542e-16,6.159895878204483e-16,30.081335651723425,84.62829908199596
dpRF,rf,2030,94,CO2 total,7.256032644417569e-16,9.458963239213056e-16,1.347380170482605e-15,2.2029305947954874e-16,6.217769060408481e-16,30.359987375336754,85.69102931465066
dpRF,rf,2030,95,CO2 total,7.233550454122982e-16,9.449755823100023e-16,1.3508818359373218e-15,2.2162053689770405e-16,6.275267905250236e-16,30.63786425535812,86.75225181671962
dpRF,rf,2030,96,CO2 total,7.211356496293762e-16,9.440694105779819e-16,1.3543522038160263e-15,2.229337609486057e-16,6.332165541866501e-16,30.91426156274223,87.80824446996738
dpRF,rf,2030,97,CO2 total,7.189421945199866e-16,9.431774245879104e-16,1.3577958380276742e-15,2.2423523006792383e-16,6.388536435076876e-16,31.189604919160168,88.86022386462218
dpRF,rf,2030,98,CO2 total,7.167761348119079e-16,9.422993296577305e-16,1.3612092075588672e-15,2.2552319484582254e-16,6.444330727469593e-16,31.463546830420487,89.90716089006891
dpRF,rf,2030,99,CO2 total,7.146360705169714e-16,9.414342577551638e-16,1.3645878817730885e-15,2.2679818723819234e-16,6.49951811256117e-16,31.736179657727792,90.94864338234963
dpRF,rf,2030,100,CO2 total,7.12522912486226e-16,9.405829072288581e-16,1.367921352534817e-15,2.2805999474263216e-16,6.553984400485911e-16,32.00739102506277,91.98278800069617
dpRF,rf,2030,101,CO2 total,7.104386666760458e-16,9.397471401719723e-16,1.3711919338637139e-15,2.293084734959265e-16,6.60753267187668e-16,32.2770260476953,93.00637735262318
dpRF,rf,2030,102,CO2 total,7.083777963816962e-16,9.38924460718372e-16,1.3744215135296334e-15,2.3054666433667574e-16,6.660437171479372e-16,32.5457214376677,94.0237992424387
dpRF,rf,2030,103,CO2 total,7.063435343734997e-16,9.38116456227467e-16,1.3775992952108774e-15,2.317729218539673e-16,6.712557608373777e-16,32.813059166676055,95.03247756529073
dpRF,rf,2030,104,CO2 total,7.043336191145756e-16,9.373224201000194e-16,1.3807212576109543e-15,2.3298880098544384e-16,6.763876384963787e-16,33.07932415299673,96.03228074597261
dpRF,rf,2030,105,CO2 total,7.023414981590359e-16,9.365395858420119e-16,1.3838169561654728e-15,2.34198087682976e-16,6.814754580064369e-16,33.34532962908379,97.0290748578444
dpRF,rf,2030,106,CO2 total,7.003717005630364e-16,9.357677176797108e-16,1.3868878828289106e-15,2.353960171166744e-16,6.865161822658741e-16,33.61015542567426,98.02169072707768
dpRF,rf,2030,107,CO2 total,6.98426697667826e-16,9.350088108449087e-16,1.389917138574934e-15,2.3658211317708267e-16,6.91490440907108e-16,33.87357813884742,99.00687405222632
dpRF,rf,2030,108,CO2 total,6.964999438396806e-16,9.342620517552078e-16,1.392928321313155e-15,2.377621079155272e-16,6.964283774734745e-16,34.136701663576154,99.98972485685907
dpRF,rf,2030,109,CO2 total,6.945922891979775e-16,9.335264438461003e-16,1.3959153907229747e-15,2.3893415464812274e-16,7.013231015249972e-16,34.39919480304223,100.96903067190559
dpRF,rf,2030,110,CO2 total,6.927124800947874e-16,9.328019744070765e-16,1.3988747913501598e-15,2.400894943122891e-16,7.061623112553724e-16,34.65932853980579,101.94161813841505
dpRF,rf,2030,111,CO2 total,6.908722790263344e-16,9.32089949665265e-16,1.4017921116112836e-15,2.412176706389305e-16,7.109198325849491e-16,34.914944188944055,102.90177420157431
dpRF,rf,2030,112,CO2 total,6.890697959649144e-16,9.313899301411319e-16,1.4046723601240641e-15,2.4232013417621754e-16,7.156025641591498e-16,35.16626843829269,103.85051969330353
dpRF,rf,2030,113,CO2 total,6.873056048230876e-16,9.307018724958159e-16,1.4075227602785816e-15,2.4339626767272825e-16,7.20217155455494e-16,35.41310677007769,104.78848861430103
dpRF,rf,2030,114,CO2 total,6.855767860226237e-16,9.300256607351691e-16,1.4103268991020701e-15,2.4444887471254536e-16,7.247501130794464e-16,35.655943972478475,105.71392262040943
dpRF,rf,2030,115,CO2 total,6.838821313269248e-16,9.293599097922026e-16,1.413100780140194e-15,2.454777784652778e-16,7.292186488132693e-16,35.89474958045496,106.62928820765924
dpRF,rf,2030,116,CO2 total,6.822204944998979e-16,9.287046478400971e-16,1.4158304807375474e-15,2.4648415334019924e-16,7.336099862376495e-16,36.12969052196014,107.5326807318245
dpRF,rf,2030,117,CO2 total,6.805919966530252e-16,9.280599415278831e-16,1.4185149800612047e-15,2.474679448748579e-16,7.379229834081795e-16,36.360689824717454,108.42369393661595
dpRF,rf,2030,118,CO2 total,6.789945915177597e-16,9.274252639692866e-16,1.4211455548709657e-15,2.484306724515269e-16,7.42150963353206e-16,36.58801933844697,109.30145433033165
dpRF,rf,2030,119,CO2 total,6.774287466377227e-16,9.268012544401065e-16,1.423737302820597e-15,2.493725078023838e-16,7.463085561828743e-16,36.811621744735895,110.16783091757209
dpRF,rf,2030,120,CO2 total,6.758930665539679e-16,9.261865704329527e-16,1.4262776023228268e-15,2.502935038789848e-16,7.503845357688589e-16,37.03152410707555,111.02119150218314
dpRF,rf,2030,121,CO2 total,6.7438792286118665e-16,9.255797059838147e-16,1.4287741161593396e-15,2.51191783122628e-16,7.543861932981529e-16,37.24737270752287,111.86235217522315
dpRF,rf,2030,122,CO2 total,6.729093681553237e-16,9.249794809383147e-16,1.4311967535659931e-15,2.520701127829911e-16,7.582873854106695e-16,37.4597419373135,112.68789250020346
dpRF,rf,2030,123,CO2 total,6.714595668425545e-16,9.243852555225068e-16,1.4335632245458496e-15,2.5292568867995234e-16,7.621036577032951e-16,37.66804453606943,113.49956055983861
dpRF,rf,2030,124,CO2 total,6.700368267822497e-16,9.237974464560966e-16,1.435881303906212e-15,2.5376061967384693e-16,7.658444771239623e-16,37.87263767164767,114.2988633627519
dpRF,rf,2030,125,CO2 total,6.686401238252588e-16,9.232144549827256e-16,1.438151020138073e-15,2.5457433115746674e-16,7.695108963128142e-16,38.07344520413446,115.08595863354391
dpRF,rf,2030,126,CO2 total,6.672686766830668e-16,9.22636109553149e-16,1.4403631737740952e-15,2.553674328700822e-16,7.730944970910284e-16,38.27055604340532,115.85955164777286
dpRF,rf,2030,127,CO2 total,6.659227768281442e-16,9.220605942508317e-16,1.4425288514753774e-15,2.5613781742268754e-16,7.766060746472332e-16,38.46359162584845,116.62104100813076
dpRF,rf,2030,128,CO2 total,6.646030598101302e-16,9.214895868366183e-16,1.4446317693850597e-15,2.5688652702648807e-16,7.800287095749295e-16,38.65262478627133,117.36760733508737
dpRF,rf,2030,129,CO2 total,6.633082247637434e-16,9.209218209450414e-16,1.4466768895558313e-15,2.57613596181298e-16,7.833686647920879e-16,38.83769061857399,118.1002489560728
dpRF,rf,2030,130,CO2 total,6.620378618572872e-16,9.203566577390316e-16,1.4486749582707471e-15,2.583187958817444e-16,7.866370964134599e-16,39.01873454141345,118.82056023300855
dpRF,rf,2030,131,CO2 total,6.60792823044879e-16,9.19794727659784e-16,1.4506145242853176e-15,2.5900190461490505e-16,7.898217012404386e-16,39.195629186988675,119.52637403066898
dpRF,rf,2030,132,CO2 total,6.59571508531537e-16,9.192356929090996e-16,1.4525227521064916e-15,2.596641843775626e-16,7.929512435749546e-16,39.36861750679258,120.22217959965748
dpRF,rf,2030,133,CO2 total,6.583755333729576e-16,9.186805294004072e-16,1.4543882735563605e-15,2.603049960274496e-16,7.96012740183403e-16,39.53746499264146,120.90557741496089
dpRF,rf,2030,134,CO2 total,6.57203333259139e-16,9.181293342198792e-16,1.4561973628825867e-15,2.609260009607402e-16,7.989940296234477e-16,39.70247680680213,121.574859588912
dpRF,rf,2030,135,CO2 total,6.560541094277749e-16,9.175817991154687e-16,1.4579683082357976e-15,2.6152768968769377e-16,8.019141988080227e-16,39.86373775111387,122.23293586370036
dpRF,rf,2030,136,CO2 total,6.549254580576842e-16,9.170365282607473e-16,1.459698565936652e-15,2.621110702030631e-16,8.047731078789677e-16,40.02151191074588,122.88010764853871
dpRF,rf,2030,137,CO2 total,6.538180250946799e-16,9.164943173174237e-16,1.46141116787098e-15,2.6267629222274383e-16,8.075931427763001e-16,40.17574954203893,123.5195592319976
dpRF,rf,2030,138,CO2 total,6.527307163261535e-16,9.159538230460467e-16,1.4630879086758406e-15,2.632231067198932e-16,8.103571923496871e-16,40.326447053300164,124.14877561005902
dpRF,rf,2030,139,CO2 total,6.516629789241796e-16,9.154151050487341e-16,1.4647372622610912e-15,2.6375212612455456e-16,8.130742833369116e-16,40.473701077814624,124.76913828666522
dpRF,rf,2030,140,CO2 total,6.506159421525942e-16,9.14878569388134e-16,1.466379252278449e-15,2.642626272355399e-16,8.157633101258547e-16,40.617299717743514,125.38323414376575
dpRF,rf,2030,141,CO2 total,6.495875391060157e-16,9.14343491848315e-16,1.4680197846574425e-15,2.6475595274229934e-16,8.184322455514267e-16,40.75754795214598,125.99260242549923
dpRF,rf,2030,142,CO2 total,6.485783800399657e-16,9.138103769040247e-16,1.4696610536449568e-15,2.65231996864059e-16,8.21082673604991e-16,40.89436296777504,126.59729322990931
dpRF,rf,2030,143,CO2 total,6.475876138092639e-16,9.132794669887633e-16,1.4712868235387597e-15,2.656918531794994e-16,8.236992097294957e-16,41.02793931104347,127.19502228961757
dpRF,rf,2030,144,CO2 total,6.4661538999078185e-16,9.127503321501522e-16,1.4729018401299163e-15,2.661349421593704e-16,8.262864501391345e-16,41.158151550207364,127.78638784810148
dpRF,rf,2030,145,CO2 total,6.456610646869184e-16,9.122233811059653e-16,1.4745075373000285e-15,2.665623164190469e-16,8.288464726131101e-16,41.28517747129497,128.37176003713628
dpRF,rf,2030,146,CO2 total,6.447246776888177e-16,9.116988338774575e-16,1.4760992729547586e-15,2.6697415618863975e-16,8.313745952659409e-16,41.409017744702695,128.95032934774858
dpRF,rf,2030,147,CO2 total,6.438066495656518e-16,9.11176978524997e-16,1.4776605687350997e-15,2.6737032895934523e-16,8.338539191694479e-16,41.5296004071608,129.51930827865985
dpRF,rf,2030,148,CO2 total,6.429042126277143e-16,9.106563973095184e-16,1.4791904182497149e-15,2.6775218468180414e-16,8.362862056220006e-16,41.64729043964922,130.0794409487355
dpRF,rf,2030,149,CO2 total,6.420174741247827e-16,9.101369931954412e-16,1.4806795259147861e-15,2.6811951907065854e-16,8.386620517900034e-16,41.76202827441217,130.62916284845556
dpRF,rf,2030,150,CO2 total,6.41147549075917e-16,9.096189132623552e-16,1.4821454788406877e-15,2.6847136418643814e-16,8.409979297647707e-16,41.87356944175871,131.1707314450312
dpRF,rf,2030,151,CO2 total,6.402919909514202e-16,9.091014735769255e-16,1.483572423882696e-15,2.688094826255053e-16,8.432804329312758e-16,41.98232781673201,131.70248025096046
dpRF,rf,2030,152,CO2 total,6.394517334119536e-16,9.085848142874576e-16,1.4849475778660629e-15,2.69133080875504e-16,8.454958444541092e-16,42.08809935340664,132.22199585616195
dpRF,rf,2030,153,CO2 total,6.386263670523772e-16,9.080687471930345e-16,1.4862870342998225e-15,2.694423801406573e-16,8.476606672474453e-16,42.1909263446617,132.73186184903074
dpRF,rf,2030,154,CO2 total,6.378148785517854e-16,9.07552808143618e-16,1.4876009591631306e-15,2.697379295918326e-16,8.497860806113452e-16,42.290943448088925,133.23396947729708
dpRF,rf,2030,155,CO2 total,6.370181990677853e-16,9.070375953654006e-16,1.4888796063791414e-15,2.7001939629761536e-16,8.518614073113561e-16,42.38801916377942,133.72638467126578
dpRF,rf,2030,156,CO2 total,6.362376217152839e-16,9.065240040644158e-16,1.4901228590773817e-15,2.702863823491319e-16,8.538852373620979e-16,42.48198678041786,134.2085422518776
dpRF,rf,2030,157,CO2 total,6.354716975896968e-16,9.06011860897169e-16,1.491345176965387e-15,2.7054016330747213e-16,8.558734793756902e-16,42.57312549616506,134.68317827874367
dpRF,rf,2030,158,CO2 total,6.347194072919828e-16,9.055000275786384e-16,1.4925330324619247e-15,2.707806202866556e-16,8.578136251699419e-16,42.6614685443345,135.14847904679422
dpRF,rf,2030,159,CO2 total,6.339808800177052e-16,9.049886055636788e-16,1.4937069862214144e-15,2.7100772554597355e-16,8.597261062037091e-16,42.746987186491346,135.60757639563192
dpRF,rf,2030,160,CO2 total,6.332486055508501e-16,9.044785559041694e-16,1.4948574789073642e-15,2.7122995035331934e-16,8.616088733565141e-16,42.83151166474057,136.06170875133915
dpRF,rf,2030,161,CO2 total,6.325132309099123e-16,9.039691314123447e-16,1.4959819813792195e-15,2.7145590050243244e-16,8.634687504693072e-16,42.91703117607913,136.5139428351799
dpRF,rf,2030,162,CO2 total,6.317712261017759e-16,9.034594245816513e-16,1.497094836587526e-15,2.716881984798754e-16,8.6532361048575e-16,43.004205835121,136.9678729791264
dpRF,rf,2030,163,CO2 total,6.31023879853315e-16,9.029495318130563e-16,1.498181734163743e-15,2.7192565195974127e-16,8.671578543104281e-16,43.09276726943391,137.42076678809744
dpRF,rf,2030,164,CO2 total,6.302722946003894e-16,9.024397192582015e-16,1.499247274008255e-15,2.7216742465781217e-16,8.689749794078657e-16,43.182514444867685,137.87294584459255
dpRF,rf,2030,165,CO2 total,6.295179033043878e-16,9.019304318534884e-16,1.5002861729436921e-15,2.7241252854910066e-16,8.707682696393044e-16,43.273197969301016,138.3230349873411
dpRF,rf,2030,166,CO2 total,6.287604635101521e-16,9.014211880164153e-16,1.501302571078214e-15,2.7266072450626324e-16,8.725421075680619e-16,43.36480111743871,138.7717832474646
dpRF,rf,2030,167,CO2 total,6.280011138648943e-16,9.00912645199182e-16,1.5022907030229738e-15,2.7291153133428777e-16,8.742895891580795e-16,43.45717313377264,139.2178405190171
dpRF,rf,2030,168,CO2 total,6.272387513028263e-16,9.00404022206372e-16,1.5032596583750865e-15,2.731652709035457e-16,8.760209070722602e-16,43.55044555779742,139.66307171753866
dpRF,rf,2030,169,CO2 total,6.264739271222763e-16,8.998959547421023e-16,1.5042065029354408e-15,2.7342202761982594e-16,8.777325758131645e-16,43.644598088191294,140.10680058866154
dpRF,rf,2030,170,CO2 total,6.257053361814269e-16,8.993876610196809e-16,1.505135188251434e-15,2.7368232483825395e-16,8.79429852070007e-16,43.73980994128811,140.5501601499865
dpRF,rf,2030,171,CO2 total,6.249331371611791e-16,8.988793535444266e-16,1.5060475950299494e-15,2.739462163832475e-16,8.811144578687703e-16,43.83608422937459,140.9933968090283
dpRF,rf,2030,172,CO2 total,6.241573368969094e-16,8.983712151174776e-16,1.5069489957139033e-15,2.742138782205682e-16,8.827916588169939e-16,43.93345427674745,141.43735988203287
dpRF,rf,2030,173,CO2 total,6.233766897303639e-16,8.9786201719721e-16,1.50782464833513e-15,2.7448532746684605e-16,8.844479586047661e-16,44.03201659426378,141.88017825743955
dpRF,rf,2030,174,CO2 total,6.225916548511684e-16,8.973520394157088e-16,1.5086856814661734e-15,2.747603845645404e-16,8.86094026615005e-16,44.13171657917939,142.32346670737616
dpRF,rf,2030,175,CO2 total,6.218021088571787e-16,8.96841302258676e-16,1.5095285667017828e-15,2.750391934014973e-16,8.877264578446041e-16,44.23259256984458,142.76671712744312
dpRF,rf,2030,176,CO2 total,6.210069503291219e-16,8.963294147117136e-16,1.5103538761757406e-15,2.7532246438259166e-16,8.893469258466188e-16,44.33484427777756,143.21046251982878
dpRF,rf,2030,177,CO2 total,6.202082683116512e-16,8.958169254445888e-16,1.5111628655226016e-15,2.756086571329376e-16,8.909545972109503e-16,44.43808172425812,143.65409858793606
dpRF,rf,2030,178,CO2 total,6.194047276297735e-16,8.95303527844911e-16,1.5119622679054049e-15,2.758988002151375e-16,8.925575402756313e-16,44.54257255524951,144.09924568885833
dpRF,rf,2030,179,CO2 total,6.185975180223285e-16,8.947899286297377e-16,1.5127319735835092e-15,2.761924106074092e-16,8.941344555611808e-16,44.64816016242729,144.54219900845234
dpRF,rf,2030,180,CO2 total,6.17787074152756e-16,8.942761230912324e-16,1.5134738129118645e-15,2.764890489384765e-16,8.956867387591085e-16,44.75474811732803,144.9830817498843
dpRF,rf,2030,181,CO2 total,6.169722572487828e-16,8.937613014128472e-16,1.5141947467197704e-15,2.767890441640644e-16,8.972224894709875e-16,44.86247816041658,145.4234738968496
dpRF,rf,2030,182,CO2 total,6.1615422411295e-16,8.93246219271633e-16,1.514905806629294e-15,2.770919951586831e-16,8.98751582516344e-16,44.971207583231326,145.86471168159838
dpRF,rf,2030,183,CO2 total,6.15332082650385e-16,8.927301334751506e-16,1.5155918353837216e-15,2.773980508247656e-16,9.002597527333366e-16,45.08103163253649,146.3046992212236
dpRF,rf,2030,184,CO2 total,6.145042015095157e-16,8.922118576996014e-16,1.5162670477913005e-15,2.777076561900857e-16,9.017628462817847e-16,45.1921492982315,146.74640857892015
dpRF,rf,2030,185,CO2 total,6.136735829742127e-16,8.916930599627036e-16,1.5169211327605558e-15,2.780194769884909e-16,9.032475497863432e-16,45.30412986673627,147.1869695626606
dpRF,rf,2030,186,CO2 total,6.128386606713158e-16,8.911724049855613e-16,1.517558041193265e-15,2.7833374431424553e-16,9.047193805219494e-16,45.41713213871873,147.62766101128503
dpRF,rf,2030,187,CO2 total,6.119992723420768e-16,8.906498291002558e-16,1.518178514133718e-15,2.7865055675817907e-16,9.061792417916412e-16,45.53119086102891,148.06867961194774
dpRF,rf,2030,188,CO2 total,6.11156581698285e-16,8.901256467138616e-16,1.5187809383557542e-15,2.789690650155766e-16,9.076243566574693e-16,45.64608700447535,148.5092992266169
dpRF,rf,2030,189,CO2 total,6.103107784170177e-16,8.895995861813332e-16,1.5193576198493263e-15,2.792888077643155e-16,9.090468414323085e-16,45.761736092669985,148.94818731370466
dpRF,rf,2030,190,CO2 total,6.094630363465669e-16,8.89072381840344e-16,1.5199002716638497e-15,2.7960934549377717e-16,9.104372353172828e-16,45.877982554922205,149.3835033499175
dpRF,rf,2030,191,CO2 total,6.086134844580031e-16,8.885441116486216e-16,1.52042527055016e-15,2.799306271906185e-16,9.11811786092157e-16,45.99481186978776,149.81787446003852
dpRF,rf,2030,192,CO2 total,6.077628360875079e-16,8.880148949235292e-16,1.5209161156536854e-15,2.8025205883602133e-16,9.131532795661774e-16,46.112075664276,150.2482918245923
dpRF,rf,2030,193,CO2 total,6.069104360810116e-16,8.874841511760427e-16,1.5213854527564874e-15,2.805737150950312e-16,9.144750166754758e-16,46.229838607945716,150.6770953850281
dpRF,rf,2030,194,CO2 total,6.060568849039359e-16,8.869524101810491e-16,1.5218459482031437e-15,2.8089552527711323e-16,9.157890632992078e-16,46.34804624348704,151.10612322214055
dpRF,rf,2030,195,CO2 total,6.052017397832307e-16,8.864188195660882e-16,1.5222827339781444e-15,2.8121707978285745e-16,9.170809941949135e-16,46.46666744275767,151.53310605541068
dpRF,rf,2030,196,CO2 total,6.043435369391631e-16,8.858824618457355e-16,1.5227081599300939e-15,2.8153892490657237e-16,9.183646229909308e-16,46.585908129752,151.96069236418074
dpRF,rf,2030,197,CO2 total,6.03484414923948e-16,8.853442550975798e-16,1.5231146590088588e-15,2.8185984017363177e-16,9.196302440849108e-16,46.70540501185141,152.38674294526794
dpRF,rf,2030,198,CO2 total,6.026229628625737e-16,8.848031963333547e-16,1.5235162848173067e-15,2.8218023347078105e-16,9.20893321954733e-16,46.82533704496942,152.81417713993417
dpRF,rf,2030,199,CO2 total,6.017620154577354e-16,8.842607367650856e-16,1.523894854668968e-15,2.824987213073502e-16,9.221328392112327e-16,46.94525643870445,153.23879133677198
dpRF,rf,2030,200,CO2 total,6.009008140217779e-16,8.837165765851213e-16,1.5242489952936024e-15,2.8281576256334346e-16,9.233481812718247e-16,47.06529862565532,153.66066407730986
dpRF,rf_final,2030,0,CH4 total,2.2217740518706108e-13,2.11035555307616e-13,2.1004926402323349e-13,-1.1141849879445089e-14,-1.2128141163827599e-14,-5.0148438226939716,-5.458764429090516
dpRF,rf_final,2030,1,CH4 total,2.0554536548909095e-13,1.9607445903927793e-13,1.9390200631233693e-13,-9.470906449813017e-15,-1.1643359176754013e-14,-4.607696421311758,-5.664617710571523
dpRF,rf_final,2030,2,CH4 total,1.901562807545381e-13,1.8228284843029283e-13,1.7903238360843257e-13,-7.873432324245267e-15,-1.1123897146105528e-14,-4.1405060579664115,-5.849871012393607
dpRF,rf_final,2030,3,CH4 total,1.7587316243824074e-13,1.695147541169984e-13,1.6529772531631503e-13,-6.358408321242355e-15,-1.0575437121925709e-14,-3.615337458593298,-6.013104543815409
dpRF,rf_final,2030,4,CH4 total,1.6260174444619694e-13,1.5766780714663227e-13,1.5259544533525756e-13,-4.9339372995646675e-15,-1.000629911093938e-14,-3.034369229167311,-6.153869471093128
dpRF,rf_final,2030,5,CH4 total,1.5026653053051921e-13,1.4666084844976876e-13,1.408414373587211e-13,-3.605682080750457e-15,-9.425093171798113e-15,-2.3995244104063085,-6.27225047289148
dpRF,rf_final,2030,6,CH4 total,1.3880928578298833e-13,1.3643176132864653e-13,1.2996919289814754e-13,-2.377524454341803e-15,-8.84009288484079e-15,-1.7127992849547378,-6.368516943932134
dpRF,rf_final,2030,7,CH4 total,1.2817245850754498e-13,1.2692196937022297e-13,1.1991420414514681e-13,-1.2504891373220047e-15,-8.258254362398162e-15,-0.9756301407360409,-6.4430802518405565
dpRF,rf_final,2030,8,CH4 total,1.183039724448922e-13,1.180799795815063e-13,1.1061842194669144e-13,-2.2399286338590637e-16,-7.685550498200772e-15,-0.18933672196869436,-6.496443305638633
dpRF,rf_final,2030,9,CH4 total,1.0915664715096214e-13,1.0986052365862667e-13,1.0202969823950438e-13,7.038765076645273e-16,-7.126948911457763e-15,0.6448315572491667,-6.529102072548354
dpRF,rf_final,2030,10,CH4 total,1.0065659173320197e-13,1.0220659389631606e-13,9.414915381504227e-14,1.5500021631140852e-15,-6.507437918159704e-15,1.539891363719611,-6.46498933264914
dpRF,rf_final,2030,11,CH4 total,9.276603839148704e-14,9.507933072216894e-14,8.691614653131267e-14,2.3132923306819014e-15,-5.849891860174369e-15,2.4936845108329946,-6.306070585322314
dpRF,rf_final,2030,12,CH4 total,8.544634148406528e-14,8.844090319817465e-14,8.027359473727924e-14,2.994561714109368e-15,-5.172746746786046e-15,3.504610802637838,-6.053795466188217
dpRF,rf_final,2030,13,CH4 total,7.866269758863565e-14,8.225843464929645e-14,7.417175000436811e-14,3.5957370606608e-15,-4.490947584267546e-15,4.571082826913214,-5.709119725022436
dpRF,rf_final,2030,14,CH4 total,7.237803667169705e-14,7.649799291463497e-14,6.856186382007349e-14,4.119956242937914e-15,-3.81617285162356e-15,5.692274110205307,-5.272556464792653
dpRF,rf_final,2030,15,CH4 total,6.655928996935653e-14,7.113011110654702e-14,6.34015256462441e-14,4.570821137190494e-15,-3.1577643231124234e-15,6.867292513629383,-4.744287874113798
dpRF,rf_final,2030,16,CH4 total,6.117635740633366e-14,6.612873653892111e-14,5.865336111769665e-14,4.952379132587451e-15,-2.5229962886370125e-15,8.095250097506991,-4.124136178751636
dpRF,rf_final,2030,17,CH4 total,5.619809866867364e-14,6.146721896990021e-14,5.4280916536478657e-14,5.2691203012265744e-15,-1.917182132194984e-15,9.37597610248641,-3.4114715223696237
dpRF,rf_final,2030,18,CH4 total,5.1597777815640946e-14,5.712336389019974e-14,5.025342601810542e-14,5.525586074558793e-15,-1.3443517975355255e-15,10.708961332214214,-2.605445145988456
dpRF,rf_final,2030,19,CH4 total,4.7350173642392295e-14,5.3076652285543454e-14,4.6542936786162564e-14,5.7264786431511595e-15,-8.072368562297315e-16,12.093891537547142,-1.7048234338617456
dpRF,rf_final,2030,20,CH4 total,4.342407415857383e-14,4.9302947097156357e-14,4.3110753811733405e-14,5.8788729385825245e-15,-3.1332034684042676e-16,13.538280441200323,-0.7215360440299992
dpRF,rf_final,2030,21,CH4 total,3.979733310431958e-14,4.5783125466977725e-14,3.9932810696603874e-14,5.9857923626581474e-15,1.3547759228429666e-16,15.040687140939236,0.34041877109999613
dpRF,rf_final,2030,22,CH4 total,3.6450137495615835e-14,4.2500722174389086e-14,3.698868170805199e-14,6.050584678773251e-15,5.385442124361527e-16,16.599621001432453,1.4774819779511885
dpRF,rf_final,2030,23,CH4 total,3.33620940334631e-14,3.943883555221478e-14,3.4258478749267244e-14,6.076741518751679e-15,8.963847158041456e-16,18.2145086955769,2.686835888973417
dpRF,rf_final,2030,24,CH4 total,3.051577001883447e-14,3.658367521451477e-14,3.172601328412331e-14,6.067905195680303e-15,1.2102432652888445e-15,19.884489861914563,3.9659601069934562
dpRF,rf_final,2030,25,CH4 total,2.789226431425483e-14,3.391985958036348e-14,2.937429656097456e-14,6.02759526610865e-15,1.4820322467197291e-15,21.610275875050206,5.313416759650849
dpRF,rf_final,2030,26,CH4 total,2.5475987000640286e-14,3.1435336656273005e-14,2.718995910585814e-14,5.959349655632719e-15,1.7139721052178551e-15,23.39202659933428,6.727794707913684
dpRF,rf_final,2030,27,CH4 total,2.325159784899537e-14,2.9118167017960345e-14,2.516020072560189e-14,5.866569168964975e-15,1.9086028766065197e-15,25.230821585100017,8.208480505304218
dpRF,rf_final,2030,28,CH4 total,2.1205254630146715e-14,2.6957817048296773e-14,2.3273900752749368e-14,5.752562418150058e-15,2.0686461226026526e-15,27.128004442690617,9.755346769860221
dpRF,rf_final,2030,29,CH4 total,1.9323329205339872e-14,2.4943722835315398e-14,2.1520224347470914e-14,5.6203936299755255e-15,2.1968951421310414e-15,29.086052254506782,11.36913374908473
dpRF,rf_final,2030,30,CH4 total,1.7592050632701564e-14,2.3066408073326833e-14,1.9894670679556732e-14,5.474357440625269e-15,2.3026200468551685e-15,31.118358825372404,13.088980329415762
dpRF,rf_final,2030,31,CH4 total,1.600080255852407e-14,2.1318002501413507e-14,1.838813591176255e-14,5.3171999428894355e-15,2.387333353238478e-15,33.23083278755175,14.920085067649804
dpRF,rf_final,2030,32,CH4 total,1.4538479864425796e-14,1.9689717859749445e-14,1.699106697013491e-14,5.151237995323648e-15,2.4525871057091122e-15,35.43175107273912,16.86962549441188
dpRF,rf_final,2030,33,CH4 total,1.3194936582203392e-14,1.8173490395067766e-14,1.5694905391927237e-14,4.978553812864374e-15,2.4999688097238447e-15,37.73079000303173,18.946425351491765
dpRF,rf_final,2030,34,CH4 total,1.1960659193721481e-14,1.6761617451734352e-14,1.4491675974618603e-14,4.8009582580128706e-15,2.5310167808971222e-15,40.13957910056531,21.161181335437856
dpRF,rf_final,2030,35,CH4 total,1.0827220246126885e-14,1.544735875983869e-14,1.3374515656711932e-14,4.620138513711804e-15,2.5472954105850463e-15,42.67151132687562,23.52677190155308
dpRF,rf_final,2030,36,CH4 total,9.786912701502609e-15,1.4224537597834645e-14,1.233725951487266e-14,4.437624896332036e-15,2.5503468133700516e-15,45.34243874118461,26.058746932303695
dpRF,rf_final,2030,37,CH4 total,8.831905896695529e-15,1.308649016297803e-14,1.13734567133667e-14,4.2545842662825015e-15,2.5415508166711706e-15,48.1728894764873,28.77692364931216
dpRF,rf_final,2030,38,CH4 total,7.955398552893157e-15,1.2027521408515916e-14,1.0477661178799902e-14,4.072122855622759e-15,2.5222626259067455e-15,51.186911988738025,31.7050441802123
dpRF,rf_final,2030,39,CH4 total,7.151356037041521e-15,1.1042635944108428e-14,9.645170972003193e-15,3.8912799070669075e-15,2.4938149349616717e-15,54.41317544408976,34.87191690701153
dpRF,rf_final,2030,40,CH4 total,6.413958779237685e-15,1.0125792668878366e-14,8.87251502074172e-15,3.711833889640681e-15,2.4585562415040345e-15,57.8711840440272,38.33133835319472
dpRF,rf_final,2030,41,CH4 total,5.7378148648277545e-15,9.272547792218054e-15,8.155101947958395e-15,3.5347329273903e-15,2.4172870831306403e-15,61.604164837347184,42.129053308226695
dpRF,rf_final,2030,42,CH4 total,5.117852978294336e-15,8.478599161382066e-15,7.488633557678267e-15,3.3607461830877293e-15,2.3707805793839305e-15,65.66711074626824,46.323733593731674
dpRF,rf_final,2030,43,CH4 total,4.549511442997004e-15,7.740054452940908e-15,6.869310915416603e-15,3.1905430099439043e-15,2.3197994724195993e-15,70.1293545454218,50.99007885759761
dpRF,rf_final,2030,44,CH4 total,4.028531839947013e-15,7.05319044523628e-15,6.2935894266752036e-15,3.0246586052892674e-15,2.265057586728191e-15,75.08091596289954,56.225386237929875
dpRF,rf_final,2030,45,CH4 total,3.550916525290225e-15,6.4143926863281436e-15,5.7580979083308364e-15,2.8634761610379185e-15,2.2071813830406114e-15,80.64048086300423,62.15807573398852
dpRF,rf_final,2030,46,CH4 total,3.1131524892856238e-15,5.820528155534993e-15,5.259982816911091e-15,2.7073756662493693e-15,2.146830327625467e-15,86.96572607886071,68.9600119176334
dpRF,rf_final,2030,47,CH4 total,2.7118032296115174e-15,5.268344537232424e-15,4.796317218689417e-15,2.556541307620907e-15,2.0845139890778994e-15,94.27458746655255,76.86818742289495
dpRF,rf_final,2030,48,CH4 total,2.343834236573731e-15,4.754985589610139e-15,4.364580475043396e-15,2.411151353036408e-15,2.0207462384696653e-15,102.87209374333071,86.21540751207888
dpRF,rf_final,2030,49,CH4 total,2.0064291978413637e-15,4.277729954813394e-15,3.962399279116288e-15,2.2713007569720307e-15,1.9559700812749244e-15,113.20114158105513,97.48512847496805
dpRF,rf_final,2030,50,CH4 total,1.6971713929059199e-15,3.834137690986742e-15,3.5883950874682e-15,2.136966298080822e-15,1.8912236945622797e-15,125.91340550596244,111.43386592936267
dpRF,rf_final,2030,51,CH4 total,1.413768025243825e-15,3.4220308754937472e-15,3.240512477931445e-15,2.0082628502499225e-15,1.82674445268762e-15,142.0503798636674,129.21104594741215
dpRF,rf_final,2030,52,CH4 total,1.1540110955065345e-15,3.039201371876732e-15,2.916727443762288e-15,1.8851902763701975e-15,1.7627163482557534e-15,163.3598050929245,152.74691509634383
dpRF,rf_final,2030,53,CH4 total,9.15903801724389e-16,2.6836268813102944e-15,2.615235120679698e-15,1.7677230795859053e-15,1.6993313189553088e-15,193.00313813063997,185.5360045188093
dpRF,rf_final,2030,54,CH4 total,6.975880046798158e-16,2.353365429198605e-15,2.3343376689554705e-15,1.6557774245187893e-15,1.6367496642756546e-15,237.3574966041411,234.62984645598976
dpRF,rf_final,2030,55,CH4 total,4.973715541663471e-16,2.0466139691349336e-15,2.072488165124014e-15,1.5492424149685864e-15,1.5751166109576667e-15,311.48593078775843,316.6881173165897
dpRF,rf_final,2030,56,CH4 total,3.13750289294713e-16,1.761775236020273e-15,1.8283625721397437e-15,1.44802494672556e-15,1.5146122828450308e-15,461.52146982258114,482.74450559066094
dpRF,rf_final,2030,57,CH4 total,1.4522564332320354e-16,1.4971268837242903e-15,1.6005022391443773e-15,1.3519012404010868e-15,1.4552765958211737e-15,930.897057479301,1002.0796345053311
dpRF,rf_final,2030,58,CH4 total,-9.44064802029188e-18,1.2513085372899925e-15,1.387819172365556e-15,1.2607491853102844e-15,1.3972598203858478e-15,-13354.477177842133,-14800.465152207298
dpRF,rf_final,2030,59,CH4 total,-1.5145420371281168e-16,1.0229205469679882e-15,1.189181341777234e-15,1.1743747506808e-15,1.3406355454900458e-15,-775.3992440564119,-885.1755267434944
dpRF,rf_final,2030,60,CH4 total,-2.819838253691705e-16,8.106277528379609e-16,1.0033220365547298e-15,1.0926115782071313e-15,1.2853058619239003e-15,-387.4731384953356,-455.8083642709614
dpRF,rf_final,2030,61,CH4 total,-4.019586113020779e-16,6.133403365265297e-16,8.294376045933387e-16,1.0152989478286076e-15,1.2313962158954166e-15,-252.58793300626547,-306.34900740315373
dpRF,rf_final,2030,62,CH4 total,-5.122865865027187e-16,4.299338647349808e-16,6.666644373263308e-16,9.422204512376996e-16,1.1789510238290494e-15,-183.92448212826653,-230.13505621482688
dpRF,rf_final,2030,63,CH4 total,-6.13761620473512e-16,2.5943832323334495e-16,5.142800291817655e-16,8.73199943706857e-16,1.1280416496552774e-15,-142.2702095698311,-183.79149363966462
dpRF,rf_final,2030,64,CH4 total,-7.071360775593496e-16,1.0090391666317523e-16,3.715634201090529e-16,8.080399942225247e-16,1.0786994976684025e-15,-114.26937754490491,-152.54482579809653
dpRF,rf_final,2030,65,CH4 total,-7.931054811245698e-16,-4.65709074221312e-17,2.378180034581754e-16,7.465345737024387e-16,1.0309234845827452e-15,-94.12803107146647,-129.98567140413223
dpRF,rf_final,2030,66,CH4 total,-8.722934797936054e-16,-1.8379594831415663e-16,1.1242713609652073e-16,6.884975314794488e-16,9.84720615890126e-16,-78.92957444120242,-112.88868238739124
dpRF,rf_final,2030,67,CH4 total,-9.4527135559297e-16,-3.1152113761626722e-16,-5.175493157723635e-18,6.337502179767028e-16,9.400958624352463e-16,-67.04426345164669,-99.45248598435768
dpRF,rf_final,2030,68,CH4 total,-1.0125711532953142e-15,-4.304674016312852e-16,-1.1555034427563812e-16,5.82103751664029e-16,8.97020809019676e-16,-57.487688620165514,-88.58842226547824
dpRF,rf_final,2030,69,CH4 total,-1.074686810928183e-15,-5.413243793031117e-16,-2.1924579308411206e-16,5.333624316250712e-16,8.554410178440708e-16,-49.629568931288745,-79.59909893238995
dpRF,rf_final,2030,70,CH4 total,-1.1320253072238277e-15,-6.446497485292107e-16,-3.1693572502722113e-16,4.87375558694617e-16,8.150895821966065e-16,-43.05341546558301,-72.00277034402416
dpRF,rf_final,2030,71,CH4 total,-1.1849985952951696e-15,-7.410357375645568e-16,-4.090320910003987e-16,4.4396285773061283e-16,7.759665042947709e-16,-37.465264473163934,-65.48248304897665
dpRF,rf_final,2030,72,CH4 total,-1.2339483081127358e-15,-8.309527738523502e-16,-4.958350964925486e-16,4.0299553426038567e-16,7.381132116201873e-16,-32.6590288759136,-59.81719062033447
dpRF,rf_final,2030,73,CH4 total,-1.2792128017037463e-15,-9.148990084798636e-16,-5.777126174374537e-16,3.6431379322388273e-16,7.015001842662926e-16,-28.479529968638822,-54.83842745569658
dpRF,rf_final,2030,74,CH4 total,-1.3210764407202247e-15,-9.932710275067671e-16,-6.54929368954407e-16,3.2780541321345757e-16,6.661470717658177e-16,-24.813508371608272,-50.42456675729131
dpRF,rf_final,2030,75,CH4 total,-1.3598237746903178e-15,-1.0664959984141273e-15,-7.278144518657303e-16,2.9332777627619056e-16,6.320093228245876e-16,-21.571013960466466,-46.4772961458568
dpRF,rf_final,2030,76,CH4 total,-1.3956979310038032e-15,-1.1349241669305148e-15,-7.966186839873282e-16,2.607737640732884e-16,5.99079247016475e-16,-18.684111961514244,-42.923273991357846
dpRF,rf_final,2030,77,CH4 total,-1.4289334723739009e-15,-1.198911510621695e-15,-8.616237915344984e-16,2.300219617522058e-16,5.673096808394024e-16,-16.097457733288877,-39.70161605193036
dpRF,rf_final,2030,78,CH4 total,-1.459741891924425e-15,-1.2587809873012788e-15,-9.23089970740175e-16,2.009609046231462e-16,5.3665192118425e-16,-13.766879318522054,-36.76348018462116
dpRF,rf_final,2030,79,CH4 total,-1.4883135145426298e-15,-1.3148228501331733e-15,-9.812486113138882e-16,1.7349066440945642e-16,5.070649032287415e-16,-11.656862799016606,-34.06976408358198
dpRF,rf_final,2030,80,CH4 total,-1.5148235141409486e-15,-1.3673091180318156e-15,-1.036323003029148e-15,1.47514396109133e-16,4.785005111118005e-16,-9.73805824454659,-31.587871896955377
dpRF,rf_final,2030,81,CH4 total,-1.5394345347107383e-15,-1.4164972996687781e-15,-1.0885290906887199e-15,1.229372350419602e-16,4.509054440220185e-16,-7.985869633947133,-29.29032926409853
dpRF,rf_final,2030,82,CH4 total,-1.5622906636837005e-15,-1.4626156211976704e-15,-1.1380582883680433e-15,9.967504248603004e-17,4.2423237531565713e-16,-6.380057488854721,-27.154510052269426
dpRF,rf_final,2030,83,CH4 total,-1.5835262842131982e-15,-1.505885635250322e-15,-1.1851064564165371e-15,7.764064896287618e-17,3.984198277966611e-16,-4.903022433975781,-25.160291418504794
dpRF,rf_final,2030,84,CH4 total,-1.6032554948708252e-15,-1.5464817780995232e-15,-1.2298039911002766e-15,5.677371677130202e-17,3.7345150377054855e-16,-3.541152171499421,-23.293324424291942
dpRF,rf_final,2030,85,CH4 total,-1.621593829001201e-15,-1.584598732192938e-15,-1.2723239126596436e-15,3.6995096808262964e-17,3.4926991634155743e-16,-2.2814034036531576,-21.538680654494446
dpRF,rf_final,2030,86,CH4 total,-1.6386415141574457e-15,-1.6203950707721276e-15,-1.3127876544742437e-15,1.8246443385318182e-17,3.25853859683202e-16,-1.1135103820862313,-19.885609931635905
dpRF,rf_final,2030,87,CH4 total,-1.6544968699390709e-15,-1.654045714082344e-15,-1.3513567344641165e-15,4.511558567268323e-19,3.031401354749544e-16,-0.027268462390227833,-18.3221945585257
dpRF,rf_final,2030,88,CH4 total,-1.6692455649894863e-15,-1.685696132788566e-15,-1.3881544533844755e-15,-1.645056779907965e-17,2.8109111160501087e-16,0.9855091512064771,-16.83941041992712
dpRF,rf_final,2030,89,CH4 total,-1.6829674064104368e-15,-1.7154893950205937e-15,-1.4233115708623626e-15,-3.252198861015687e-17,2.5965583554807425e-16,1.9324193972075958,-15.428453014541043
dpRF,rf_final,2030,90,CH4 total,-1.6957343539058247e-15,-1.7435532353648822e-15,-1.4569402215531641e-15,-4.781888145905747e-17,2.3879413235266063e-16,2.8199512116337746,-14.082048394115535
dpRF,rf_final,2030,91,CH4 total,-1.7076121780784874e-15,-1.7700068679889625e-15,-1.4891486742287987e-15,-6.239468991047509e-17,2.184635038496887e-16,3.6539145545732477,-12.793508189635752
dpRF,rf_final,2030,92,CH4 total,-1.7186612779263606e-15,-1.7949606367405373e-15,-1.520035781155878e-15,-7.629935881417679e-17,1.986254967704826e-16,4.43946458759083,-11.556989112487184
dpRF,rf_final,2030,93,CH4 total,-1.7289356822436354e-15,-1.818509747071425e-15,-1.5496815095257748e-15,-8.957406482778955e-17,1.7925417271786065e-16,5.18087895042744,-10.367891330997518
dpRF,rf_final,2030,94,CH4 total,-1.7384859735532081e-15,-1.840746382767791e-15,-1.5781678566556019e-15,-1.02260409214583e-16,1.6031811689760624e-16,5.882153251175093,-9.221708966103403
dpRF,rf_final,2030,95,CH4 total,-1.747357975497328e-15,-1.8617490044257776e-15,-1.6055564854651507e-15,-1.143910289284497e-16,1.4180149003217723e-16,6.546513681370415,-8.115194025529778
dpRF,rf_final,2030,96,CH4 total,-1.755597634221018e-15,-1.8816053504259986e-15,-1.6319347095429928e-15,-1.2600771620498056e-16,1.2366292467802523e-16,7.177482684458723,-7.0439218114403594
dpRF,rf_final,2030,97,CH4 total,-1.7632449437583885e-15,-1.9003867289334836e-15,-1.6573671223607068e-15,-1.3714178517509514e-16,1.0587782139768172e-16,7.777806802200433,-6.004714306567142
dpRF,rf_final,2030,98,CH4 total,-1.770337955307025e-15,-1.918165064941056e-15,-1.6819265024279945e-15,-1.4782710963403126e-16,8.841145287903043e-17,8.350219752724785,-4.9940437990382165
dpRF,rf_final,2030,99,CH4 total,-1.7769126630618786e-15,-1.9350088575196147e-15,-1.7056824317948367e-15,-1.5809619445773607e-16,7.12302312670419e-17,8.897240575983817,-4.008651226802665
dpRF,rf_final,2030,100,CH4 total,-1.783000271464252e-15,-1.9509759472582334e-15,-1.7286931371814392e-15,-1.679756757939814e-16,5.430713428281284e-17,9.420956265813402,-3.045828716459714
dpRF,rf_final,2030,101,CH4 total,-1.7886324726308302e-15,-1.9661314733446e-15,-1.7510408194425315e-15,-1.7749900071376964e-16,3.7591653188298676e-17,9.92372683767131,-2.101698015859377
dpRF,rf_final,2030,102,CH4 total,-1.793835291398879e-15,-1.9805210552793754e-15,-1.772768756976531e-15,-1.8668576388049619e-16,2.106653442234812e-17,10.407073869915548,-1.1743851023200624
dpRF,rf_final,2030,103,CH4 total,-1.7986341175753376e-15,-1.9941925703151437e-15,-1.793930261227312e-15,-1.9555845273980607e-16,4.703856348025585e-18,10.87260887742028,-0.2615238030937973
dpRF,rf_final,2030,104,CH4 total,-1.8030519930575255e-15,-2.00718700546403e-15,-1.814568242680391e-15,-2.041350124065045e-16,-1.1516249622865444e-17,11.321637600718466,0.638708682123845
dpRF,rf_final,2030,105,CH4 total,-1.807110714506979e-15,-2.019538550624902e-15,-1.834706746982261e-15,-2.1242783611792297e-16,-2.759603247528205e-17,11.755109103864624,1.5270803417714711
dpRF,rf_final,2030,106,CH4 total,-1.8108337930332652e-15,-2.0312926622714317e-15,-1.8543933283439707e-15,-2.204588692381665e-16,-4.3559535310705437e-17,12.174439757327669,2.4054960470856
dpRF,rf_final,2030,107,CH4 total,-1.814241489392404e-15,-2.0424885411021914e-15,-1.8736659733392828e-15,-2.2824705170978723e-16,-5.942448394687865e-17,12.580852827162936,3.2754450989201067
dpRF,rf_final,2030,108,CH4 total,-1.8173516789472343e-15,-2.053155000849422e-15,-1.892542657303095e-15,-2.358033219021876e-16,-7.51909783558606e-17,12.975106834511251,4.137392846244138
dpRF,rf_final,2030,109,CH4 total,-1.8201827140743643e-15,-2.0633244107138925e-15,-1.9110477803986388e-15,-2.431416966395282e-16,-9.086506632427454e-17,13.358092830981283,4.992084894646584
dpRF,rf_final,2030,110,CH4 total,-1.82274963971969e-15,-2.0730270736297835e-15,-1.929206063258841e-15,-2.5027743391009347e-16,-1.064564235391511e-16,13.730763043715765,5.840430370652681
dpRF,rf_final,2030,111,CH4 total,-1.825064221041596e-15,-2.082296559898856e-15,-1.9470553631602302e-15,-2.5723233885726005e-16,-1.219911421186343e-16,14.094426699705565,6.684210928698818
dpRF,rf_final,2030,112,CH4 total,-1.8271343452857867e-15,-2.0911570614073026e-15,-1.9646167797182814e-15,-2.6402271612151586e-16,-1.3748243443249462e-16,14.450098691578116,7.524484162164367
dpRF,rf_final,2030,113,CH4 total,-1.828966610555958e-15,-2.0996310635101442e-15,-1.98190709898389e-15,-2.706644529541862e-16,-1.5294048842793194e-16,14.798764033855779,8.362125778853995
dpRF,rf_final,2030,114,CH4 total,-1.8305669470201567e-15,-2.107736303708212e-15,-1.998941316330199e-15,-2.771693566880553e-16,-1.6837436931004215e-16,15.14117564174523,9.197935622301397
dpRF,rf_final,2030,115,CH4 total,-1.8319437579880304e-15,-2.1154962952180585e-15,-2.015742704655088e-15,-2.835525372300281e-16,-1.8379894666705769e-16,15.478233760923176,10.033001606387668
dpRF,rf_final,2030,116,CH4 total,-1.8331041931711197e-15,-2.1229271340382942e-15,-2.032321840860637e-15,-2.898229408671746e-16,-1.9921764768951727e-16,15.810500131244842,10.86777546151848
dpRF,rf_final,2030,117,CH4 total,-1.834057403771424e-15,-2.1300502233990048e-15,-2.048704034995354e-15,-2.9599281962758092e-16,-2.1464663122393018e-16,16.138688953732995,11.7033758475905
dpRF,rf_final,2030,118,CH4 total,-1.8348119753697856e-15,-2.136882492214492e-15,-2.0649087854568614e-15,-3.0207051684470636e-16,-2.3009681008707576e-16,16.463295471124635,12.540620683528205
dpRF,rf_final,2030,119,CH4 total,-1.8353767245284506e-15,-2.143440108763856e-15,-2.080951894904069e-15,-3.0806338423540554e-16,-2.455751703756185e-16,16.784749426009743,13.380096145586256
dpRF,rf_final,2030,120,CH4 total,-1.835760050793601e-15,-2.149737103445817e-15,-2.0968456740076593e-15,-3.13977052652216e-16,-2.610856232140584e-16,17.10338192164512,14.222208567028726
dpRF,rf_final,2030,121,CH4 total,-1.8359716817382746e-15,-2.1557923434316552e-15,-2.1126118282233463e-15,-3.1982066169338067e-16,-2.7664014648507174e-16,17.419694697609852,15.067778508607082
dpRF,rf_final,2030,122,CH4 total,-1.8360201958971756e-15,-2.161618436577927e-15,-2.1282657476652243e-15,-3.255982406807514e-16,-2.922455517680487e-16,17.733913897480143,15.917338623023273
dpRF,rf_final,2030,123,CH4 total,-1.835915035643971e-15,-2.16723181294141e-15,-2.143827691342655e-15,-3.313167772974389e-16,-3.0791265569868407e-16,18.046411237174993,16.77161795184491
dpRF,rf_final,2030,124,CH4 total,-1.8356635202519453e-15,-2.172641247362561e-15,-2.1593013859505908e-15,-3.369777271106157e-16,-3.2363786569864545e-16,18.357271002714345,17.630565848703363
dpRF,rf_final,2030,125,CH4 total,-1.8352740411239663e-15,-2.177858778531589e-15,-2.1746950985077593e-15,-3.425847374076229e-16,-3.39421057383793e-16,18.666680273961468,18.49429838695497
dpRF,rf_final,2030,126,CH4 total,-1.8347542620204523e-15,-2.1828937690167484e-15,-2.1900128437015382e-15,-3.48139506996296e-16,-3.552585816810859e-16,18.974721258470918,19.36273369327787
dpRF,rf_final,2030,127,CH4 total,-1.834112414500182e-15,-2.1877597540729625e-15,-2.2052670567989513e-15,-3.5364733957278037e-16,-3.7115464229876915e-16,19.281661079054064,20.236199229909975
dpRF,rf_final,2030,128,CH4 total,-1.833355333671324e-15,-2.1924655599746996e-15,-2.2204625467577858e-15,-3.591102263033757e-16,-3.871072130864619e-16,19.587595470881887,21.114685515506338
dpRF,rf_final,2030,129,CH4 total,-1.8324903244378895e-15,-2.1970221530399693e-15,-2.23560949337115e-15,-3.645318286020798e-16,-4.0311916893326036e-16,19.89270140970042,21.998433691971382
dpRF,rf_final,2030,130,CH4 total,-1.831523889517943e-15,-2.2014383324267235e-15,-2.2507112237137315e-15,-3.6991444290878034e-16,-4.1918733419578835e-16,20.197085335651384,22.88735279921019
dpRF,rf_final,2030,131,CH4 total,-1.830462511660043e-15,-2.205724466647225e-15,-2.265779124261106e-15,-3.7526195498718195e-16,-4.353166126010629e-16,20.500936380655922,23.781782463617628
dpRF,rf_final,2030,132,CH4 total,-1.829311361966636e-15,-2.209885210520752e-15,-2.2808048923840448e-15,-3.8057384855411606e-16,-4.514935304174087e-16,20.80421389527548,24.68106522511411
dpRF,rf_final,2030,133,CH4 total,-1.8280772670756327e-15,-2.2139329577331442e-15,-2.2957990717098774e-15,-3.8585569065751153e-16,-4.677218046342447e-16,21.10718718551559,25.585450519958453
dpRF,rf_final,2030,134,CH4 total,-1.8267652480994637e-15,-2.217873416962202e-15,-2.3107612871316973e-15,-3.9110816886273837e-16,-4.839960390322336e-16,21.409875695283827,26.494703659146957
dpRF,rf_final,2030,135,CH4 total,-1.825380104571123e-15,-2.221711052653953e-15,-2.32568704307506e-15,-3.9633094808283026e-16,-5.003069385039373e-16,21.71224212920569,27.408370303317486
dpRF,rf_final,2030,136,CH4 total,-1.8239266234678817e-15,-2.2254491650462356e-15,-2.3405681408835404e-15,-4.015225415783539e-16,-5.166415174156587e-16,22.014182830169347,28.325784095050604
dpRF,rf_final,2030,137,CH4 total,-1.8224096938679807e-15,-2.229091565516741e-15,-2.355395641108836e-15,-4.066818716487605e-16,-5.329859472408552e-16,22.315611742911493,29.246219938043517
dpRF,rf_final,2030,138,CH4 total,-1.8208348441021063e-15,-2.2326445822280815e-15,-2.3701673931672072e-15,-4.1180973812597526e-16,-5.49332549065101e-16,22.61653435839469,30.16926828067094
dpRF,rf_final,2030,139,CH4 total,-1.8192075405824975e-15,-2.2361139668992675e-15,-2.384878810795822e-15,-4.1690642631676993e-16,-5.656712702133243e-16,22.916924925634348,31.094378051676298
dpRF,rf_final,2030,140,CH4 total,-1.817533029562591e-15,-2.2395066759243144e-15,-2.3995260868717564e-15,-4.2197364636172358e-16,-5.819930573091655e-16,23.216835100007845,32.02104434103343
dpRF,rf_final,2030,141,CH4 total,-1.8158156858659484e-15,-2.242826206821058e-15,-2.4140954404390575e-15,-4.270105209551095e-16,-5.982797545731091e-16,23.516181971490763,32.948264475851474
dpRF,rf_final,2030,142,CH4 total,-1.81405984890013e-15,-2.246077003624388e-15,-2.428574425005177e-15,-4.32017154724258e-16,-6.145145761050468e-16,23.81493394422413,33.875099351194436
dpRF,rf_final,2030,143,CH4 total,-1.812269879788811e-15,-2.2492636645715404e-15,-2.442956549485395e-15,-4.369937847827293e-16,-6.306866696965838e-16,24.11306338290263,34.80092433970593
dpRF,rf_final,2030,144,CH4 total,-1.810449598328738e-15,-2.2523897075893416e-15,-2.4572350773812218e-15,-4.4194010926060365e-16,-6.467854790524838e-16,24.410517126163985,35.72513035709717
dpRF,rf_final,2030,145,CH4 total,-1.8086024645494474e-15,-2.25545751786237e-15,-2.47140188664511e-15,-4.468550533129228e-16,-6.627994220956628e-16,24.707201392885512,36.647048485626
dpRF,rf_final,2030,146,CH4 total,-1.8067322626474737e-15,-2.258471472204385e-15,-2.4854590087982435e-15,-4.517392095569113e-16,-6.787267461507699e-16,25.003107482840903,37.56653712245143
dpRF,rf_final,2030,147,CH4 total,-1.804841854475213e-15,-2.2614334748640007e-15,-2.4994054104705076e-15,-4.565916203887876e-16,-6.945635559952945e-16,25.298151151395427,38.48334712944975
dpRF,rf_final,2030,148,CH4 total,-1.8029336849989887e-15,-2.2643428580855643e-15,-2.513235431104189e-15,-4.614091730865756e-16,-7.103017461052002e-16,25.592132252320436,39.396997904867405
dpRF,rf_final,2030,149,CH4 total,-1.8010112658177074e-15,-2.2672030767290976e-15,-2.5269609699284682e-15,-4.661918109113902e-16,-7.259497041107608e-16,25.885002484963728,40.307893564516945
dpRF,rf_final,2030,150,CH4 total,-1.7990778726419926e-15,-2.270018522313026e-15,-2.5405903740970103e-15,-4.709406496710336e-16,-7.415125014550177e-16,26.176779606512806,41.21625376705275
dpRF,rf_final,2030,151,CH4 total,-1.797135886103441e-15,-2.27278905856839e-15,-2.5541239642117207e-15,-4.756531724649489e-16,-7.5698807810827965e-16,26.467290322506575,42.12191654297133
dpRF,rf_final,2030,152,CH4 total,-1.7951885458910994e-15,-2.2755189185565854e-15,-2.5675776499822303e-15,-4.80330372665486e-16,-7.723891040911309e-16,26.75654174403495,43.025514275868495
dpRF,rf_final,2030,153,CH4 total,-1.7932385477421217e-15,-2.2782107352574884e-15,-2.580957970439995e-15,-4.849721875153667e-16,-7.877194226978733e-16,27.044488204093,43.92719661807939
dpRF,rf_final,2030,154,CH4 total,-1.7912887792485794e-15,-2.2808674012525573e-15,-2.5942699971621717e-15,-4.895786220039779e-16,-8.029812179135923e-16,27.331082942938394,44.82701098872688
dpRF,rf_final,2030,155,CH4 total,-1.789341191471364e-15,-2.2834906795950846e-15,-2.6075176895212165e-15,-4.941494881237208e-16,-8.181764980498527e-16,27.616280812123083,45.72501331493248
dpRF,rf_final,2030,156,CH4 total,-1.787397919468481e-15,-2.2860837936791037e-15,-2.6207064613090916e-15,-4.986858742106226e-16,-8.333085418406105e-16,27.900103764186817,46.62132213337317
dpRF,rf_final,2030,157,CH4 total,-1.785460058669607e-15,-2.288646302799263e-15,-2.633832590224153e-15,-5.031862441296562e-16,-8.483725315545458e-16,28.18244192505731,47.515626431133406
dpRF,rf_final,2030,158,CH4 total,-1.7835293197934692e-15,-2.2911797464161674e-15,-2.6468949785934253e-15,-5.076504266226981e-16,-8.633656587999561e-16,28.463250981569704,48.4077076400366
dpRF,rf_final,2030,159,CH4 total,-1.7816074098605316e-15,-2.2936863857577355e-15,-2.6598937486234855e-15,-5.120789758972039e-16,-8.782863387629539e-16,28.742526162780756,49.297411646469754
dpRF,rf_final,2030,160,CH4 total,-1.779697281603062e-15,-2.2961659494195766e-15,-2.6728216821045847e-15,-5.164686678165144e-16,-8.931244005015225e-16,29.020029032763667,50.18406274672964
dpRF,rf_final,2030,161,CH4 total,-1.7778048947644214e-15,-2.2986198100197143e-15,-2.685678964586071e-15,-5.208149152552929e-16,-9.078740698216495e-16,29.29539213155933,51.06713748484491
dpRF,rf_final,2030,162,CH4 total,-1.7759370443933677e-15,-2.3010467036984217e-15,-2.6984547537441558e-15,-5.25109659305054e-16,-9.22517709350788e-16,29.56803344819147,51.94540607524214
dpRF,rf_final,2030,163,CH4 total,-1.7741019201153315e-15,-2.3034496620774684e-15,-2.7111525978430036e-15,-5.293477419621369e-16,-9.370506777276721e-16,29.8375045965637,52.81831145680491
dpRF,rf_final,2030,164,CH4 total,-1.7723062164114914e-15,-2.3058303788851023e-15,-2.7237722840313156e-15,-5.335241624736109e-16,-9.514660676198242e-16,30.103384930504472,53.68519609135729
dpRF,rf_final,2030,165,CH4 total,-1.7705557783856227e-15,-2.308192090587425e-15,-2.736321021971122e-15,-5.376363122018024e-16,-9.657652435854994e-16,30.36539818542257,54.54588075536799
dpRF,rf_final,2030,166,CH4 total,-1.768854742532761e-15,-2.310535710187953e-15,-2.748796010456038e-15,-5.41680967655192e-16,-9.79941267923277e-16,30.623258916081376,55.399759197871354
dpRF,rf_final,2030,167,CH4 total,-1.7672055186426696e-15,-2.3128603075210454e-15,-2.7611948740685033e-15,-5.456547888783759e-16,-9.939893554258337e-16,30.876702405132527,56.24639267702622
dpRF,rf_final,2030,168,CH4 total,-1.7656111025591444e-15,-2.3151693785247013e-15,-2.7735238801809523e-15,-5.49558275965557e-16,-1.007912777621808e-15,31.125669473249584,57.085774787035525
dpRF,rf_final,2030,169,CH4 total,-1.7640720838460782e-15,-2.3174601908874787e-15,-2.7857742480724783e-15,-5.533881070414005e-16,-1.0217021642264e-15,31.369925985954534,57.91725709976981
dpRF,rf_final,2030,170,CH4 total,-1.7625896287016304e-15,-2.3197333419175423e-15,-2.7979464255636556e-15,-5.571437132159119e-16,-1.0353567968620252e-15,31.609383383602374,58.74066090044432
dpRF,rf_final,2030,171,CH4 total,-1.761164827969081e-15,-2.321990248066463e-15,-2.810040724638271e-15,-5.608254200973818e-16,-1.04887589666919e-15,31.844005239651974,59.555805340418935
dpRF,rf_final,2030,172,CH4 total,-1.7597978702247324e-15,-2.324230315538326e-15,-2.822052061203296e-15,-5.644324453135936e-16,-1.0622541909785635e-15,32.073708853932956,60.36228415499275
dpRF,rf_final,2030,173,CH4 total,-1.7584894538766806e-15,-2.3264548125458033e-15,-2.83397887555175e-15,-5.679653586691227e-16,-1.0754894216750694e-15,32.29847966486315,61.15984484888991
dpRF,rf_final,2030,174,CH4 total,-1.7572397509008241e-15,-2.3286644799658698e-15,-2.8458225455561435e-15,-5.714247290650457e-16,-1.0885827946553194e-15,32.5183133816608,61.94845035216582
dpRF,rf_final,2030,175,CH4 total,-1.7560492508152364e-15,-2.3308617760790002e-15,-2.857585778027022e-15,-5.748125252637638e-16,-1.1015365272117857e-15,32.73328040184011,62.72811122469392
dpRF,rf_final,2030,176,CH4 total,-1.7549171856282867e-15,-2.3330450321248915e-15,-2.869263333508151e-15,-5.781278464966048e-16,-1.1143461478798643e-15,32.9433121534807,63.49850334851622
dpRF,rf_final,2030,177,CH4 total,-1.7538438069450531e-15,-2.335217552434123e-15,-2.8808611314365467e-15,-5.8137374548907e-16,-1.1270173244914936e-15,33.14854738984657,64.2598457187928
dpRF,rf_final,2030,178,CH4 total,-1.752828393892836e-15,-2.3373797151057273e-15,-2.8923774283558864e-15,-5.845513212128914e-16,-1.1395490344630505e-15,33.34903309699749,65.01201363655683
dpRF,rf_final,2030,179,CH4 total,-1.7518702436725486e-15,-2.339533120173774e-15,-2.903816215789744e-15,-5.876628765012254e-16,-1.1519459721171952e-15,33.544886022452964,65.75521082556338
dpRF,rf_final,2030,180,CH4 total,-1.750967598754166e-15,-2.3416764090748516e-15,-2.915176379276603e-15,-5.907088103206857e-16,-1.1642087805224372e-15,33.736135993663275,66.4894531087146
dpRF,rf_final,2030,181,CH4 total,-1.7501191582829197e-15,-2.343809827328002e-15,-2.926460768126596e-15,-5.936906690450824e-16,-1.1763416098436762e-15,33.922871264809494,67.21494386689709
dpRF,rf_final,2030,182,CH4 total,-1.7493231729587072e-15,-2.3459325907223443e-15,-2.9376674909161073e-15,-5.966094177636371e-16,-1.1883443179574e-15,34.10515718228127,67.9316627325928
dpRF,rf_final,2030,183,CH4 total,-1.7485781413151296e-15,-2.348044963689123e-15,-2.948798047935441e-15,-5.994668223739935e-16,-1.2002199066203114e-15,34.28310169330644,68.63976383220766
dpRF,rf_final,2030,184,CH4 total,-1.7478827507789262e-15,-2.3501467088533287e-15,-2.959848907720041e-15,-6.022639580744025e-16,-1.2119661569411147e-15,34.456771073803985,69.3390993418188
dpRF,rf_final,2030,185,CH4 total,-1.7472360430664194e-15,-2.3522401886638614e-15,-2.9708263782863232e-15,-6.05004145597442e-16,-1.2235903352199038e-15,34.62635446414286,70.03005347076568
dpRF,rf_final,2030,186,CH4 total,-1.7466365510395e-15,-2.354325715972749e-15,-2.98173035183557e-15,-6.076891649332489e-16,-1.2350938007960701e-15,34.79196427966576,70.71269635695026
dpRF,rf_final,2030,187,CH4 total,-1.7460825564276772e-15,-2.3564028111562946e-15,-2.992559167227561e-15,-6.103202547286174e-16,-1.2464766107998838e-15,34.95368832830425,71.38703758372452
dpRF,rf_final,2030,188,CH4 total,-1.7455727563860544e-15,-2.358473036578697e-15,-3.003315091020041e-15,-6.129002801926425e-16,-1.2577423346339867e-15,35.11170061232855,72.05327477944562
dpRF,rf_final,2030,189,CH4 total,-1.7451053346815904e-15,-2.360536481842348e-15,-3.013999799618881e-15,-6.154311471607577e-16,-1.2688944649372905e-15,35.26613178757192,72.71162603882655
dpRF,rf_final,2030,190,CH4 total,-1.7446785576920877e-15,-2.362594316090405e-15,-3.024620626876521e-15,-6.179157583983173e-16,-1.2799420691844335e-15,35.41716929310546,73.36262966844612
dpRF,rf_final,2030,191,CH4 total,-1.744290223540677e-15,-2.364646794284689e-15,-3.0351809596041618e-15,-6.203565707440119e-16,-1.2908907360634847e-15,35.56498582470815,74.00664858644615
dpRF,rf_final,2030,192,CH4 total,-1.7439381356762015e-15,-2.3666944180023204e-15,-3.0456861599982526e-15,-6.2275628232611885e-16,-1.301748024322051e-15,35.70976914755344,74.64416298329907
dpRF,rf_final,2030,193,CH4 total,-1.7436196143042203e-15,-2.368735542334939e-15,-3.0561341565168062e-15,-6.251159280307187e-16,-1.3125145422125859e-15,35.85162284837952,75.2752797367639
dpRF,rf_final,2030,194,CH4 total,-1.743332495020654e-15,-2.3707702056834636e-15,-3.0665242671448663e-15,-6.274377106628096e-16,-1.3231917721242123e-15,35.99070816696824,75.90013814940883
dpRF,rf_final,2030,195,CH4 total,-1.7430744241870024e-15,-2.3727972176322288e-15,-3.07685083805188e-15,-6.297227934452263e-16,-1.3337764138648777e-15,36.12713173385807,76.51861534753297
dpRF,rf_final,2030,196,CH4 total,-1.742843871502675e-15,-2.3748169935782967e-15,-3.087114654351034e-15,-6.319731220756217e-16,-1.344270782848359e-15,36.2610290232559,77.13087814855915
dpRF,rf_final,2030,197,CH4 total,-1.742639671266516e-15,-2.3768314682581535e-15,-3.097318724335248e-15,-6.341917969916374e-16,-1.354679053068732e-15,36.39259494940335,77.73718660290673
dpRF,rf_final,2030,198,CH4 total,-1.7424599439027674e-15,-2.3788395643836546e-15,-3.1074562067949908e-15,-6.363796204808872e-16,-1.3649962628922234e-15,36.52190816252121,78.33731086149966
dpRF,rf_final,2030,199,CH4 total,-1.7423032117742209e-15,-2.3808427254199763e-15,-3.1175288235926806e-15,-6.385395136457554e-16,-1.3752256118184597e-15,36.64916125566447,78.9314742993581
dpRF,rf_final,2030,200,CH4 total,-1.7421676080369564e-15,-2.382841116232005e-15,-3.127539517505896e-15,-6.406735081950488e-16,-1.3853719094689395e-15,36.7745046595688,79.52001306177148
dpRF,rf_final,2030,0,N2O total,2.8336633136083754e-13,2.864316561656579e-13,2.863183705806844e-13,3.0653248048203462e-15,2.9520392198468457e-15,1.0817533579587386,1.0417748663611452
dpRF,rf_final,2030,1,N2O total,2.806552447458177e-13,2.8363194011475016e-13,2.835019324563542e-13,2.976695368932473e-15,2.8466877105364887e-15,1.0606234605123415,1.0143005569394083
dpRF,rf_final,2030,2,N2O total,2.780220405661692e-13,2.8090677666112636e-13,2.807600744770322e-13,2.8847360949571833e-15,2.738033910863044e-15,1.037592591250195,0.9848262048891021
dpRF,rf_final,2030,3,N2O total,2.753922983468318e-13,2.781825552856075e-13,2.7802002540376797e-13,2.790256938775714e-15,2.6277270569361648e-15,1.0131935262988496,0.9541759419963078
dpRF,rf_final,2030,4,N2O total,2.727332687036514e-13,2.754268180058825e-13,2.752496363349545e-13,2.6935493022310886e-15,2.516367631303095e-15,0.9876130312352418,0.9226478468372514
dpRF,rf_final,2030,5,N2O total,2.700344102136043e-13,2.726292088925034e-13,2.724385355457102e-13,2.5947986788990962e-15,2.404125332105875e-15,0.9609140838186296,0.8903033247518896
dpRF,rf_final,2030,6,N2O total,2.6729627272078763e-13,2.6979029602363357e-13,2.695872067172247e-13,2.4940233028459345e-15,2.290933996437054e-15,0.9330557727047476,0.8570766711850555
dpRF,rf_final,2030,7,N2O total,2.6452448452600033e-13,2.669157805215698e-13,2.6670121956018005e-13,2.3912959955694763e-15,2.176735034179725e-15,0.9039979795648875,0.8228860319226033
dpRF,rf_final,2030,8,N2O total,2.6172643694844804e-13,2.640130992938531e-13,2.6378786310194046e-13,2.286662345405048e-15,2.0614261534924166e-15,0.8736841306770432,0.7876262625691318
dpRF,rf_final,2030,9,N2O total,2.5890962724727205e-13,2.610898396712916e-13,2.608546201665265e-13,2.1802124240195614e-15,1.9449929192544376e-15,0.8420746834328203,0.7512246415606899
dpRF,rf_final,2030,10,N2O total,2.560809952334961e-13,2.5815297078882135e-13,2.5790838588633813e-13,2.07197555532525e-15,1.8273906528420305e-15,0.8091094590740757,0.7135986999643631
dpRF,rf_final,2030,11,N2O total,2.532465444417325e-13,2.5520861373346416e-13,2.5495529050202506e-13,1.9620692917316665e-15,1.7087460602925616e-15,0.7747664616932626,0.6747361801359992
dpRF,rf_final,2030,12,N2O total,2.504113427778759e-13,2.522619379968605e-13,2.52000455155077e-13,1.850595218984594e-15,1.5891123772011293e-15,0.7390221219436295,0.6346007970616294
dpRF,rf_final,2030,13,N2O total,2.4757958855788803e-13,2.4931719535967024e-13,2.490481768806342e-13,1.7376068017822096e-15,1.4685883227461644e-15,0.7018376643662325,0.5931782709957873
dpRF,rf_final,2030,14,N2O total,2.4475468896020857e-13,2.463779152687721e-13,2.4610196582886044e-13,1.6232263085635206e-15,1.347276868651876e-15,0.6632053978044194,0.5504600849019534
dpRF,rf_final,2030,15,N2O total,2.419394455665006e-13,2.43446958152387e-13,2.431646670389784e-13,1.507512585886418e-15,1.2252214724777825e-15,0.6230949989806669,0.5064165827151209
dpRF,rf_final,2030,16,N2O total,2.391360832933526e-13,2.4052662961286857e-13,2.4023865970257476e-13,1.3905463195159774e-15,1.1025764092221687e-15,0.5814874528199782,0.4610665166200026
dpRF,rf_final,2030,17,N2O total,2.36346452440924e-13,2.3761890043564996e-13,2.3732583778229657e-13,1.2724479947259836e-15,9.793853413725923e-16,0.5383825234457618,0.41438546305974056
dpRF,rf_final,2030,18,N2O total,2.3357203289260404e-13,2.347252893062196e-13,2.344278157400734e-13,1.1532564136155696e-15,8.557828474693809e-16,0.49374764578336083,0.36638926196393906
dpRF,rf_final,2030,19,N2O total,2.3081403333743264e-13,2.318471508326577e-13,2.31545875980229e-13,1.0331174952250504e-15,7.318426427963762e-16,0.44759734938417317,0.3170702544443984
dpRF,rf_final,2030,20,N2O total,2.2807346535368616e-13,2.2898553986322554e-13,2.2868112666678856e-13,9.120745095393808e-16,6.076613131023973e-16,0.3999038240266032,0.2664322709176463
dpRF,rf_final,2030,21,N2O total,2.2535112930753083e-13,2.2614142865081333e-13,2.2583441174647951e-13,7.902993432824963e-16,4.832824389486793e-16,0.3506968639167525,0.21445751811128327
dpRF,rf_final,2030,22,N2O total,2.2264772778305262e-13,2.23315637581475e-13,2.230064803123556e-13,6.679097984223818e-16,3.5875252930298154e-16,0.29998500549405627,0.161130110275614
dpRF,rf_final,2030,23,N2O total,2.1996384340067545e-13,2.2050886435945013e-13,2.201979602599262e-13,5.450209587746736e-16,2.341168592507554e-16,0.24777752122738186,0.10643424647945414
dpRF,rf_final,2030,24,N2O total,2.172999709206925e-13,2.1772172183607204e-13,2.1740937941131568e-13,4.2175091537954074e-16,1.0940849062318415e-16,0.19408696356129115,0.05034905902638833
dpRF,rf_final,2030,25,N2O total,2.1465653737682475e-13,2.1495474045049008e-13,2.1464123272672016e-13,2.982030736653312e-16,-1.5304650104584835e-17,0.13892103045612925,-0.007129831819525657
dpRF,rf_final,2030,26,N2O total,2.1203391078898434e-13,2.1220839543854964e-13,2.1189390722454473e-13,1.7448464956529936e-16,-1.4000356443961378e-16,0.08229091701230096,-0.06602885544046065
dpRF,rf_final,2030,27,N2O total,2.0943244061505532e-13,2.0948311566800015e-13,2.091677774220845e-13,5.0675052944830747e-17,-2.646631929708171e-16,0.024196372250645446,-0.12637163191794054
dpRF,rf_final,2030,28,N2O total,2.0685237913908903e-13,2.06779271738792e-13,2.0646315957460995e-13,-7.310740029702407e-17,-3.892195644790833e-16,-0.035342789191641896,-0.18816296244645525
dpRF,rf_final,2030,29,N2O total,2.042939715050303e-13,2.0409721532829383e-13,2.037803336904739e-13,-1.9675617673646544e-16,-5.136378145563996e-16,-0.09631031952972766,-0.25142093561177475
dpRF,rf_final,2030,30,N2O total,2.0175739800246513e-13,2.0143723434436192e-13,2.0111956576243202e-13,-3.2016365810320386e-16,-6.378322400331037e-16,-0.15868744406551677,-0.31613821666420905
dpRF,rf_final,2030,31,N2O total,1.9924284001813972e-13,1.9879965439539533e-13,1.984811106921165e-13,-4.431856227443903e-16,-7.617293260232109e-16,-0.2224349054169481,-0.3823120198215708
dpRF,rf_final,2030,32,N2O total,1.9675043705720992e-13,1.9618472455143774e-13,1.9586516315681906e-13,-5.657125057721803e-16,-8.852739003908636e-16,-0.28752795380458834,-0.44994761568608305
dpRF,rf_final,2030,33,N2O total,1.9428026958732838e-13,1.9359267077700873e-13,1.932719294010253e-13,-6.875988103196494e-16,-1.00834018630308e-15,-0.35392107071921464,-0.5190131702230494
dpRF,rf_final,2030,34,N2O total,1.918324669350313e-13,1.9102373521576744e-13,1.9070157800267144e-13,-8.087317192638663e-16,-1.1308889323598615e-15,-0.421582296357458,-0.5895190477547602
dpRF,rf_final,2030,35,N2O total,1.8940706850683152e-13,1.8847810726408384e-13,1.8815425997275976e-13,-9.28961242747678e-16,-1.2528085340717515e-15,-0.4904575368126625,-0.6614370540382263
dpRF,rf_final,2030,36,N2O total,1.8700415982548806e-13,1.8595592468475807e-13,1.8563009276222653e-13,-1.048235140729985e-15,-1.3740670632615245e-15,-0.5605410819246994,-0.7347788757981648
dpRF,rf_final,2030,37,N2O total,1.8462376075847184e-13,1.834573450707067e-13,1.831291930942966e-13,-1.166415687765141e-15,-1.4945676641752354e-15,-0.6317798331987545,-0.8095207561774543
dpRF,rf_final,2030,38,N2O total,1.822659081032022e-13,1.8098249530234836e-13,1.80651646572638e-13,-1.28341280085385e-15,-1.614261530564206e-15,-0.704143091930916,-0.8856629017260772
dpRF,rf_final,2030,39,N2O total,1.7993062289518454e-13,1.7853147147934899e-13,1.78197524550849e-13,-1.39915141583555e-15,-1.7330983443355322e-15,-0.7776060535568764,-0.9632036595266602
dpRF,rf_final,2030,40,N2O total,1.776178939340841e-13,1.761043889525519e-13,1.7576688413611546e-13,-1.5135049815321775e-15,-1.8510097979686273e-15,-0.852112896966257,-1.042130247674008
dpRF,rf_final,2030,41,N2O total,1.7532772606191164e-13,1.7370136325737014e-13,1.73359752318634e-13,-1.6263628045414913e-15,-1.96797374327764e-15,-0.9276130142514886,-1.1224543815635357
dpRF,rf_final,2030,42,N2O total,1.7306006113220012e-13,1.7132246171477533e-13,1.709761581503044e-13,-1.7375994174247862e-15,-2.083902981895718e-15,-1.0040441486366047,-1.2041501477939673
dpRF,rf_final,2030,43,N2O total,1.7081487752752063e-13,1.6896780619177677e-13,1.6861610099341323e-13,-1.847071335743862e-15,-2.1987765341074004e-15,-1.08132930953059,-1.2872277672377495
dpRF,rf_final,2030,44,N2O total,1.6859214131500297e-13,1.6663740458843442e-13,1.6627955174102214e-13,-1.954736726568548e-15,-2.3125895739808233e-15,-1.1594471197303646,-1.3717066263841484
dpRF,rf_final,2030,45,N2O total,1.663917755973869e-13,1.6433132349633337e-13,1.6396650249428873e-13,-2.060452101053524e-15,-2.4252731030981702e-15,-1.238313668843307,-1.4575678962441807
dpRF,rf_final,2030,46,N2O total,1.6421374075596035e-13,1.620495859801112e-13,1.6167690449894157e-13,-2.164154775849153e-15,-2.5368362570187806e-15,-1.3178889695140217,-1.544837993057352
dpRF,rf_final,2030,47,N2O total,1.6205792201071871e-13,1.597921734180586e-13,1.5941073158719193e-13,-2.265748592660124e-15,-2.6471904235267804e-15,-1.398110357425331,-1.6334841214067226
dpRF,rf_final,2030,48,N2O total,1.5992429566801898e-13,1.575591113054127e-13,1.5716789946262868e-13,-2.365184362606292e-15,-2.756396205390297e-15,-1.4789399901538987,-1.7235631358428487
dpRF,rf_final,2030,49,N2O total,1.5781272902334308e-13,1.553503676081596e-13,1.5494834923878385e-13,-2.4623614151834715e-15,-2.864379784559228e-15,-1.5603059591088169,-1.81504990268278
dpRF,rf_final,2030,50,N2O total,1.5572314876335841e-13,1.5316592026423818e-13,1.527520284433024e-13,-2.5572284991202318e-15,-2.971120320056002e-15,-1.6421633645529947,-1.9079503231539494
dpRF,rf_final,2030,51,N2O total,1.5365545363122247e-13,1.5100567006077527e-13,1.5057885766028405e-13,-2.6497835704471954e-15,-3.0765959709384197e-15,-1.7244969233612448,-2.002269296814117
dpRF,rf_final,2030,52,N2O total,1.5160948312679983e-13,1.488695435414414e-13,1.4842878080084202e-13,-2.7399395853584333e-15,-3.1807023259578106e-15,-1.8072349623848147,-2.0979573707124928
dpRF,rf_final,2030,53,N2O total,1.495851346850099e-13,1.467574425186035e-13,1.4630169150586757e-13,-2.8276921664063942e-15,-3.283443179142339e-15,-1.8903563996254238,-2.1950330733441366
dpRF,rf_final,2030,54,N2O total,1.4758224900266636e-13,1.44669262385346e-13,1.44197500249747e-13,-2.912986617320352e-15,-3.3847487529193524e-15,-1.9738055470802072,-2.2934660338847395
dpRF,rf_final,2030,55,N2O total,1.4560072735740219e-13,1.4260489246197537e-13,1.4211611056068344e-13,-2.9958348954268174e-15,-3.4846167967187457e-15,-2.0575686329320475,-2.3932688111956684
dpRF,rf_final,2030,56,N2O total,1.4364041105711572e-13,1.4056420731100786e-13,1.40057406555292e-13,-3.0762037461078564e-15,-3.583004501823715e-15,-2.141600489353004,-2.494426516503775
dpRF,rf_final,2030,57,N2O total,1.4170113918884007e-13,1.3854707803638654e-13,1.380212646163852e-13,-3.1540611524535282e-15,-3.679874572454877e-15,-2.225854478311726,-2.5969265974290012
dpRF,rf_final,2030,58,N2O total,1.397827942195277e-13,1.365533702908985e-13,1.3600756725945692e-13,-3.229423928629197e-15,-3.7752269600707815e-15,-2.3103157628666473,-2.7007808658781136
dpRF,rf_final,2030,59,N2O total,1.3788520939950938e-13,1.3458294502566329e-13,1.340161782988787e-13,-3.3022643738460978e-15,-3.869031100630673e-15,-2.394937345511873,-2.8059797838218605
dpRF,rf_final,2030,60,N2O total,1.3600824191395564e-13,1.3263566152863288e-13,1.3204696980804642e-13,-3.3725803853227616e-15,-3.961272105909222e-15,-2.4796882437877503,-2.9125235722223985
dpRF,rf_final,2030,61,N2O total,1.3415175197855033e-13,1.3071136154165339e-13,1.3009981106203982e-13,-3.4403904368969444e-15,-4.051940916510512e-15,-2.5645512534543955,-3.0204159518978035
dpRF,rf_final,2030,62,N2O total,1.3231559489799042e-13,1.2880990341319063e-13,1.2817457698691733e-13,-3.505691484799785e-15,-4.1410179110730875e-15,-2.649492289629594,-3.1296521882138175
dpRF,rf_final,2030,63,N2O total,1.3049960302731223e-13,1.269311348969035e-13,1.2627113253509026e-13,-3.5684681304087314e-15,-4.228470492221976e-15,-2.7344666555513486,-3.2402171302674385
dpRF,rf_final,2030,64,N2O total,1.2870364550252998e-13,1.2507489262701287e-13,1.2438934150717112e-13,-3.628752875517115e-15,-4.314303995358864e-15,-2.819463940860776,-3.352122605784352
dpRF,rf_final,2030,65,N2O total,1.2692755429705144e-13,1.232410184749589e-13,1.2252904910534956e-13,-3.686535822092529e-15,-4.3985051917018805e-15,-2.9044409171115406,-3.4653666936715406
dpRF,rf_final,2030,66,N2O total,1.2517118220038045e-13,1.2142935039689604e-13,1.2069012455929897e-13,-3.741831803484414e-15,-4.4810576410814864e-15,-2.989371625087233,-3.5799435319768564
dpRF,rf_final,2030,67,N2O total,1.2343436861617393e-13,1.1963973043426464e-13,1.1887241153253352e-13,-3.794638181909293e-15,-4.561957083640413e-15,-3.074215248517155,-3.6958564577958617
dpRF,rf_final,2030,68,N2O total,1.2171694204421712e-13,1.1787196272156046e-13,1.1707575945479283e-13,-3.8449793226566616e-15,-4.641182589424292e-15,-3.1589516283278494,-3.813094965644348
dpRF,rf_final,2030,69,N2O total,1.2001876210245015e-13,1.1612589913190948e-13,1.1530001549394416e-13,-3.89286297054067e-15,-4.718746608505987e-15,-3.2435453443667854,-3.9316741198163507
dpRF,rf_final,2030,70,N2O total,1.183396542904387e-13,1.144013303587879e-13,1.1354501886426593e-13,-3.938323931650799e-15,-4.7946354261727666e-15,-3.3279832996512293,-4.051588163681286
dpRF,rf_final,2030,71,N2O total,1.1667950621865868e-13,1.1269804920734116e-13,1.1181057238335351e-13,-3.981457011317512e-15,-4.8689338353051654e-15,-3.412301903177596,-4.172912616017358
dpRF,rf_final,2030,72,N2O total,1.1503816416232565e-13,1.1101583308861757e-13,1.1009649485638222e-13,-4.022331073708078e-15,-4.941669305943431e-15,-3.4965188318133547,-4.295678170742054
dpRF,rf_final,2030,73,N2O total,1.1341550665951162e-13,1.0935445949432596e-13,1.0840259544194805e-13,-4.0610471651856605e-15,-5.012911217563567e-15,-3.580680706543473,-4.419952231587689
dpRF,rf_final,2030,74,N2O total,1.118113835083784e-13,1.077137297700471e-13,1.0672869220180573e-13,-4.0976537383312996e-15,-5.0826913065726695e-15,-3.664791195454843,-4.545772663828819
dpRF,rf_final,2030,75,N2O total,1.1022566664504251e-13,1.0609343467859395e-13,1.0507460197019285e-13,-4.132231966448565e-15,-5.151064674849659e-15,-3.748883624134031,-4.673198930551746
dpRF,rf_final,2030,76,N2O total,1.0865821585304717e-13,1.044933533639357e-13,1.034401213506196e-13,-4.16486248911147e-15,-5.218094502427572e-15,-3.832993627232166,-4.802300922633121
dpRF,rf_final,2030,77,N2O total,1.0710888769199386e-13,1.0291328742131158e-13,1.018250708306766e-13,-4.1956002706822784e-15,-5.28381686131726e-15,-3.9171355067632634,-4.933126442794918
dpRF,rf_final,2030,78,N2O total,1.0557752700008152e-13,1.0135302635998052e-13,1.0022925926959087e-13,-4.224500640101003e-15,-5.348267730490651e-15,-4.001325623110817,-5.0657255217642305
dpRF,rf_final,2030,79,N2O total,1.0406400133242526e-13,9.981235636165158e-14,9.865247643287491e-14,-4.251644970773683e-15,-5.4115248995503484e-15,-4.08560589285059,-5.200189143471051
dpRF,rf_final,2030,80,N2O total,1.0256815845677431e-13,9.829106881539532e-14,9.709454431903403e-14,-4.2770896413789875e-15,-5.473614137740283e-15,-4.169997497987153,-5.336562750170707
dpRF,rf_final,2030,81,N2O total,1.0108984310828798e-13,9.678896004563413e-14,9.555525756532942e-14,-4.300883062653848e-15,-5.5345855429585635e-15,-4.254515518484601,-5.474917531556446
dpRF,rf_final,2030,82,N2O total,9.962891566029068e-14,9.530581509835616e-14,9.403442722452239e-14,-4.323100561934512e-15,-5.594488435768283e-15,-4.3392026634869625,-5.615326031294036
dpRF,rf_final,2030,83,N2O total,9.818521789836788e-14,9.384143339401923e-14,9.253184599954367e-14,-4.34378450434865e-15,-5.653371898824214e-15,-4.424071766938408,-5.7578645949292016
dpRF,rf_final,2030,84,N2O total,9.675859676179965e-14,9.239560261363567e-14,9.104732699409528e-14,-4.362994148163979e-15,-5.7112697677043756e-15,-4.509154012335254,-5.902596729223329
dpRF,rf_final,2030,85,N2O total,9.534891348160974e-14,9.096810734194599e-14,8.958068500281344e-14,-4.380806139663743e-15,-5.7682284787963e-15,-4.5945003248607375,-6.049600638510514
dpRF,rf_final,2030,86,N2O total,9.395599219278197e-14,8.955875462870798e-14,8.813173000726298e-14,-4.397237564073991e-15,-5.824262185518991e-15,-4.680103377602139,-6.198925741285962
dpRF,rf_final,2030,87,N2O total,9.257969972725178e-14,8.816733207192895e-14,8.670028682487016e-14,-4.412367655322834e-15,-5.8794129023816256e-15,-4.766020702510454,-6.350650217815472
dpRF,rf_final,2030,88,N2O total,9.121986663546755e-14,8.67936336222392e-14,8.52861567187538e-14,-4.426233013228342e-15,-5.933709916713751e-15,-4.852268674012029,-6.504843884968631
dpRF,rf_final,2030,89,N2O total,8.987634870683755e-14,8.543745193530534e-14,8.388917247013014e-14,-4.438896771532207e-15,-5.987176236707407e-15,-4.938893085222216,-6.661570394049529
dpRF,rf_final,2030,90,N2O total,8.854898316893191e-14,8.409857784172256e-14,8.250914213556463e-14,-4.450405327209348e-15,-6.0398410333672786e-15,-5.0259248248158395,-6.82090388530447
dpRF,rf_final,2030,91,N2O total,8.723763184496244e-14,8.277682651422363e-14,8.114588181530499e-14,-4.4608053307388085e-15,-6.0917500296574494e-15,-5.113395717419855,-6.982938326986715
dpRF,rf_final,2030,92,N2O total,8.594213850036252e-14,8.147198624924972e-14,7.979922507088092e-14,-4.4701522511128065e-15,-6.142913429481599e-15,-5.2013509660269275,-7.147731644419911
dpRF,rf_final,2030,93,N2O total,8.466233620774105e-14,8.018386072799484e-14,7.846899022404115e-14,-4.478475479746214e-15,-6.1933459836999e-15,-5.28980852684848,-7.3153497306085615
dpRF,rf_final,2030,94,N2O total,8.339808217566673e-14,7.891224371302746e-14,7.715500346327328e-14,-4.485838462639273e-15,-6.2430787123934575e-15,-5.378826881402936,-7.48587803163538
dpRF,rf_final,2030,95,N2O total,8.214923124642948e-14,7.765696140079244e-14,7.585709182691098e-14,-4.492269845637045e-15,-6.292139419518505e-15,-5.468425909137521,-7.659401462496322
dpRF,rf_final,2030,96,N2O total,8.091561247934284e-14,7.641779598781711e-14,7.457507654956978e-14,-4.497816491525733e-15,-6.340535929773058e-15,-5.558650986759807,-7.835985832019439
dpRF,rf_final,2030,97,N2O total,7.969708718149389e-14,7.519457099039587e-14,7.33087769583118e-14,-4.502516191098015e-15,-6.388310223182091e-15,-5.64953670244491,-8.015738653828107
dpRF,rf_final,2030,98,N2O total,7.849349075422937e-14,7.398709178190858e-14,7.20580184837497e-14,-4.506398972320798e-15,-6.43547227047967e-15,-5.741111688395621,-8.198733689433878
dpRF,rf_final,2030,99,N2O total,7.730468272370812e-14,7.279515391117654e-14,7.082262392184991e-14,-4.509528812531586e-15,-6.482058801858212e-15,-5.833448445353473,-8.38507910966468
dpRF,rf_final,2030,100,N2O total,7.613049668987923e-14,7.161858619803414e-14,6.960241172568074e-14,-4.511910491845088e-15,-6.528084964198497e-15,-5.926548082596315,-8.574861912159754
dpRF,rf_final,2030,101,N2O total,7.497079995543016e-14,7.045720018277739e-14,6.839718440459113e-14,-4.513599772652767e-15,-6.573615550839031e-15,-6.020477006162512,-8.768234505630218
dpRF,rf_final,2030,102,N2O total,7.382543256036244e-14,6.931080613760987e-14,6.720676889143196e-14,-4.514626422752564e-15,-6.6186636689304784e-15,-6.115272564182048,-8.965289385224816
dpRF,rf_final,2030,103,N2O total,7.26942426913654e-14,6.817922231793007e-14,6.603097341421462e-14,-4.51502037343532e-15,-6.663269277150772e-15,-6.210973807932128,-9.166158185924996
dpRF,rf_final,2030,104,N2O total,7.157708591749237e-14,6.706226616544068e-14,6.486961764718383e-14,-4.514819752051691e-15,-6.707468270308546e-15,-6.307632804800085,-9.370971427979496
dpRF,rf_final,2030,105,N2O total,7.0473806499011e-14,6.595975777068776e-14,6.372252568178755e-14,-4.514048728323241e-15,-6.751280817223452e-15,-6.405285811241924,-9.57984413303714
dpRF,rf_final,2030,106,N2O total,6.938426539693773e-14,6.487152456533522e-14,6.258953453135776e-14,-4.512740831602509e-15,-6.794730865579972e-15,-6.503983007942431,-9.792898759838794
dpRF,rf_final,2030,107,N2O total,6.830830716591431e-14,6.379738514562841e-14,6.147047418133106e-14,-4.510922020285901e-15,-6.8378329845832515e-15,-6.6037678394361405,-10.010250975733907
dpRF,rf_final,2030,108,N2O total,6.724578294631557e-14,6.273716601479286e-14,6.036517946800178e-14,-4.508616931522709e-15,-6.8806034783137846e-15,-6.704683526582002,-10.23202225752474
dpRF,rf_final,2030,109,N2O total,6.619654304659194e-14,6.169069274249356e-14,5.927349425961234e-14,-4.505850304098382e-15,-6.923048786979596e-15,-6.8067758476858415,-10.458323755829454
dpRF,rf_final,2030,110,N2O total,6.516044834612258e-14,6.065779876503432e-14,5.81952522139287e-14,-4.502649581088261e-15,-6.9651961321938785e-15,-6.910096071117955,-10.689300502040433
dpRF,rf_final,2030,111,N2O total,6.413735568266398e-14,5.96383045637676e-14,5.713029793496882e-14,-4.4990511188963775e-15,-7.007057747695158e-15,-7.014712519731227,-10.925080513709318
dpRF,rf_final,2030,112,N2O total,6.312713588998711e-14,5.863205154848061e-14,5.607846156151918e-14,-4.4950843415065015e-15,-7.048674328467934e-15,-7.120684754873359,-11.165838951971137
dpRF,rf_final,2030,113,N2O total,6.212965579943988e-14,5.763886784209428e-14,5.503958340608526e-14,-4.490787957345608e-15,-7.090072393354627e-15,-7.22809083610937,-11.41173615421598
dpRF,rf_final,2030,114,N2O total,6.114477250424296e-14,5.6658593858760516e-14,5.401349558674695e-14,-4.486178645482446e-15,-7.131276917496011e-15,-7.336978226832295,-11.662938016493818
dpRF,rf_final,2030,115,N2O total,6.017235432727248e-14,5.5691060625728874e-14,5.300004524955268e-14,-4.481293701543606e-15,-7.172309077719798e-15,-7.447429557384806,-11.919608527713905
dpRF,rf_final,2030,116,N2O total,5.921227225492057e-14,5.473611562958327e-14,5.199906859362034e-14,-4.476156625337298e-15,-7.213203661300228e-15,-7.559508282449552,-12.18194030832993
dpRF,rf_final,2030,117,N2O total,5.826439192565047e-14,5.379359310968293e-14,5.101040403973335e-14,-4.470798815967536e-15,-7.253987885917115e-15,-7.673295246387528,-12.450122014786876
dpRF,rf_final,2030,118,N2O total,5.732857323042641e-14,5.286333530094208e-14,5.003388705160826e-14,-4.465237929484334e-15,-7.294686178818152e-15,-7.788852360823216,-12.724346286271416
dpRF,rf_final,2030,119,N2O total,5.64046836741222e-14,5.194518848333613e-14,4.9069364821519286e-14,-4.45949519078607e-15,-7.335318852602912e-15,-7.906249801081739,-13.004804521168282
dpRF,rf_final,2030,120,N2O total,5.5492589758662117e-14,5.103899407604876e-14,4.8116678952614904e-14,-4.453595682613356e-15,-7.375910806047212e-15,-8.025568282147386,-13.291704060172952
dpRF,rf_final,2030,121,N2O total,5.459216574657545e-14,5.0144601096371527e-14,4.7175676943157923e-14,-4.447564650203921e-15,-7.416488803417525e-15,-8.146891755220237,-13.585262101243453
dpRF,rf_final,2030,122,N2O total,5.370326743206947e-14,4.926186195517932e-14,4.624619421130701e-14,-4.44140547689015e-15,-7.457073220762457e-15,-8.270270486815702,-13.885697420915935
dpRF,rf_final,2030,123,N2O total,5.282577141210945e-14,4.8390615573262796e-14,4.5328076274111475e-14,-4.435155838846653e-15,-7.497695137997973e-15,-8.395818405086207,-14.1932525310539
dpRF,rf_final,2030,124,N2O total,5.195954095712837e-14,4.753071767841768e-14,4.442117712765127e-14,-4.428823278710689e-15,-7.538363829477103e-15,-8.523599703016806,-14.508141701438396
dpRF,rf_final,2030,125,N2O total,5.110444283999885e-14,4.66820234334735e-14,4.3525343831541616e-14,-4.4224194065253516e-15,-7.579099008457235e-15,-8.653688722077165,-14.830606865603398
dpRF,rf_final,2030,126,N2O total,5.0260355928260457e-14,4.584437910373561e-14,4.2640426885592974e-14,-4.4159768245248464e-15,-7.619929042667483e-15,-8.786202849076572,-15.160913411643667
dpRF,rf_final,2030,127,N2O total,4.942714200698384e-14,4.5017643047103726e-14,4.176629212194648e-14,-4.409498959880117e-15,-7.660849885037363e-15,-8.92120964480826,-15.499277469765332
dpRF,rf_final,2030,128,N2O total,4.8604679859632273e-14,4.4201673839871736e-14,4.09027850944284e-14,-4.403006019760537e-15,-7.70189476520387e-15,-9.058810864460344,-15.845994228223562
dpRF,rf_final,2030,129,N2O total,4.779283518216679e-14,4.3396325541214106e-14,4.004977287919488e-14,-4.3965096409526815e-15,-7.743062302971905e-15,-9.199097781487497,-16.201303549911845
dpRF,rf_final,2030,130,N2O total,4.6991486139313115e-14,4.260146046406324e-14,3.9207113641912615e-14,-4.390025675249873e-15,-7.7843724974005e-15,-9.342172457017005,-16.565495448095835
dpRF,rf_final,2030,131,N2O total,4.6200511000186977e-14,4.1816941056419484e-14,3.837466850717598e-14,-4.383569943767493e-15,-7.825842493010999e-15,-9.488141686895524,-16.93886566098658
dpRF,rf_final,2030,132,N2O total,4.5419779195042576e-14,4.1042625495430967e-14,3.755231415287603e-14,-4.37715369961161e-15,-7.867465042166544e-15,-9.637109156376882,-17.32167170690529
dpRF,rf_final,2030,133,N2O total,4.4649173141521175e-14,4.0278389371252867e-14,3.6739922962409854e-14,-4.370783770268308e-15,-7.90925017911132e-15,-9.789170689487483,-17.714214223053933
dpRF,rf_final,2030,134,N2O total,4.388857066549909e-14,3.952408716471849e-14,3.593736339155796e-14,-4.3644835007806035e-15,-7.951207273941129e-15,-9.94446489051769,-18.116806160177806
dpRF,rf_final,2030,135,N2O total,4.3137849253502947e-14,3.877959896576646e-14,3.5144510837755525e-14,-4.3582502877364844e-15,-7.993338415747422e-15,-10.103077374407068,-18.52975647620711
dpRF,rf_final,2030,136,N2O total,4.23968896957427e-14,3.804478740235056e-14,3.4361241163401255e-14,-4.35210229339214e-15,-8.035648532341442e-15,-10.265145213775336,-18.95339160492319
dpRF,rf_final,2030,137,N2O total,4.1665572623447656e-14,3.731953223089203e-14,3.3587449569795725e-14,-4.346040392555628e-15,-8.078123053651931e-15,-10.430770823271626,-19.388004400318497
dpRF,rf_final,2030,138,N2O total,4.094378255543186e-14,3.660370006488622e-14,3.282300789793624e-14,-4.340082490545639e-15,-8.120774657495616e-15,-10.600101455379228,-19.833962938087808
dpRF,rf_final,2030,139,N2O total,4.023139531377303e-14,3.5897165922372827e-14,3.2067809801979466e-14,-4.3342293914002056e-15,-8.163585511793567e-15,-10.773251480831444,-20.29157937010154
dpRF,rf_final,2030,140,N2O total,3.952829549644863e-14,3.5199813467339035e-14,3.1321749949794e-14,-4.328482029109593e-15,-8.206545546654626e-15,-10.950338168511415,-20.761192567465837
dpRF,rf_final,2030,141,N2O total,3.883437577007685e-14,3.451151344653985e-14,3.0584727038716544e-14,-4.322862323537003e-15,-8.249648731360307e-15,-11.131535496105254,-21.243160390174033
dpRF,rf_final,2030,142,N2O total,3.814951204049436e-14,3.383214525166691e-14,2.9856636952489405e-14,-4.317366788827453e-15,-8.292875088004958e-15,-11.316964642286171,-21.737827417562677
dpRF,rf_final,2030,143,N2O total,3.7473596966768445e-14,3.316159699957079e-14,2.9137387811489045e-14,-4.3119999671976575e-15,-8.3362091552794e-15,-11.50676827479768,-22.245553749942772
dpRF,rf_final,2030,144,N2O total,3.6806519123529463e-14,3.249974401629103e-14,2.84268727267179e-14,-4.306775107238436e-15,-8.379646396811562e-15,-11.701120371595326,-22.76674512112358
dpRF,rf_final,2030,145,N2O total,3.614816287262952e-14,3.1846474617601546e-14,2.7724992113778987e-14,-4.301688255027974e-15,-8.423170758850532e-15,-11.900157333542126,-23.301794861692255
dpRF,rf_final,2030,146,N2O total,3.549842533899558e-14,3.1201673039322044e-14,2.7031639967589644e-14,-4.296752299673537e-15,-8.466785371405937e-15,-12.104064500442746,-23.851157595165326
dpRF,rf_final,2030,147,N2O total,3.485719128590415e-14,3.0565232275460487e-14,2.6346708076426194e-14,-4.291959010443661e-15,-8.510483209477954e-15,-12.312980054073606,-24.415286761556995
dpRF,rf_final,2030,148,N2O total,3.422436173636616e-14,2.993703644415072e-14,2.5670094253041586e-14,-4.287325292215437e-15,-8.554267483324573e-15,-12.527115407560126,-24.994673528812577
dpRF,rf_final,2030,149,N2O total,3.3599820711736926e-14,2.931697378297871e-14,2.5001685407441265e-14,-4.282846928758218e-15,-8.59813530429566e-15,-12.74663625589572,-25.589824951929586
dpRF,rf_final,2030,150,N2O total,3.298346521952871e-14,2.8704941040994836e-14,2.4341371623274905e-14,-4.278524178533873e-15,-8.642093596253804e-15,-12.971724317191095,-26.20129067317351
dpRF,rf_final,2030,151,N2O total,3.237519614287756e-14,2.810082631513432e-14,2.3689044674469088e-14,-4.274369827743243e-15,-8.686151468408475e-15,-13.202606739059371,-26.829648938881874
dpRF,rf_final,2030,152,N2O total,3.177490190523749e-14,2.7504526229448577e-14,2.3044594650647983e-14,-4.270375675788914e-15,-8.730307254589508e-15,-13.43946139794384,-27.475481374028988
dpRF,rf_final,2030,153,N2O total,3.118248793443922e-14,2.6915933183083024e-14,2.2407910367973916e-14,-4.266554751356198e-15,-8.774577566465305e-15,-13.68253476222479,-28.13944026824845
dpRF,rf_final,2030,154,N2O total,3.059784690770236e-14,2.6334952301935528e-14,2.1778892089173654e-14,-4.2628946057668305e-15,-8.818954818528704e-15,-13.93200841427093,-28.82214178380218
dpRF,rf_final,2030,155,N2O total,3.0020880331644054e-14,2.5761471900309428e-14,2.1157437200185053e-14,-4.259408431334626e-15,-8.863443131459001e-15,-14.188152993118324,-29.524261225998522
dpRF,rf_final,2030,156,N2O total,2.945149462948083e-14,2.519539350644485e-14,2.0543445191810773e-14,-4.256101123035979e-15,-8.908049437670056e-15,-14.451222855004575,-30.24651057523286
dpRF,rf_final,2030,157,N2O total,2.8889583597025196e-14,2.4636623123420477e-14,1.9936821500589528e-14,-4.252960473604718e-15,-8.952762096435668e-15,-14.721432239828655,-30.98958510899945
dpRF,rf_final,2030,158,N2O total,2.8335061893739437e-14,2.4085060144559525e-14,1.9337471819541224e-14,-4.250001749179912e-15,-8.997590074198213e-15,-14.999091108810811,-31.754262997343968
dpRF,rf_final,2030,159,N2O total,2.7787823160953163e-14,2.3540608214821514e-14,1.8745306750532973e-14,-4.247214946131649e-15,-9.04251641042019e-15,-15.284446433716125,-32.5412910469595
dpRF,rf_final,2030,160,N2O total,2.7247775857378647e-14,2.300317344316675e-14,1.8160236331683724e-14,-4.244602414211898e-15,-9.087539525694923e-15,-15.57779407915405,-33.35149104742079
dpRF,rf_final,2030,161,N2O total,2.6714824888302e-14,2.247266196124805e-14,1.7582173132854775e-14,-4.242162927053951e-15,-9.132651755447225e-15,-15.879433778027598,-34.18570697592807
dpRF,rf_final,2030,162,N2O total,2.6188864123674214e-14,2.1948979608495916e-14,1.7011029059954163e-14,-4.239884515178297e-15,-9.17783506372005e-15,-16.1896464663602,-35.044800035536745
dpRF,rf_final,2030,163,N2O total,2.5669791265512464e-14,2.14320343162408e-14,1.644672320366339e-14,-4.237756949271665e-15,-9.223068061849075e-15,-16.508731627144623,-35.92965741891454
dpRF,rf_final,2030,164,N2O total,2.5157513176209384e-14,2.0921738424637754e-14,1.588916813741814e-14,-4.23577475157163e-15,-9.268345038791244e-15,-16.83701692573199,-36.84126079502964
dpRF,rf_final,2030,165,N2O total,2.465193173013631e-14,2.041800027161581e-14,1.5338276281677694e-14,-4.233931458520501e-15,-9.313655448458616e-15,-17.174846599727665,-37.78063135341612
dpRF,rf_final,2030,166,N2O total,2.415295201374768e-14,1.9920732500035492e-14,1.4793964315958926e-14,-4.232219513712188e-15,-9.358987697788753e-15,-17.522576583198774,-38.74883572186823
dpRF,rf_final,2030,167,N2O total,2.3660482585536764e-14,1.942985018553411e-14,1.4256142949437343e-14,-4.230632400002655e-15,-9.404339636099421e-15,-17.880583731579364,-39.74703221754288
dpRF,rf_final,2030,168,N2O total,2.3174432764042077e-14,1.894526624471395e-14,1.3724735347935928e-14,-4.229166519328127e-15,-9.449697416106149e-15,-18.249277392843844,-40.776391432408616
dpRF,rf_final,2030,169,N2O total,2.2694712702522556e-14,1.8466898051577842e-14,1.3199654312879261e-14,-4.227814650944713e-15,-9.495058389643295e-15,-18.629073239930392,-41.83819603315755
dpRF,rf_final,2030,170,N2O total,2.2221237115189937e-14,1.7994658634152826e-14,1.2680826438750503e-14,-4.226578481037111e-15,-9.540410676439434e-15,-19.020446337561996,-42.93375128929174
dpRF,rf_final,2030,171,N2O total,2.1753921236134073e-14,1.7528471763289076e-14,1.2168167758559253e-14,-4.225449472844997e-15,-9.58575347757482e-15,-19.42385203558781,-44.064485540439144
dpRF,rf_final,2030,172,N2O total,2.1292674529850933e-14,1.706825071012834e-14,1.1661608872626405e-14,-4.224423819722594e-15,-9.631065657224528e-15,-19.83979895902804,-45.23182676616038
dpRF,rf_final,2030,173,N2O total,2.0837419208591387e-14,1.661391913557187e-14,1.1161070114180776e-14,-4.223500073019516e-15,-9.67634909441061e-15,-20.26882518770915,-46.437368263057245
dpRF,rf_final,2030,174,N2O total,2.038807164539819e-14,1.6165396465446606e-14,1.066647530163891e-14,-4.222675179951584e-15,-9.72159634375928e-15,-20.71149863211653,-47.682765260213074
dpRF,rf_final,2030,175,N2O total,1.9944548622323918e-14,1.572260433674076e-14,1.0177749693204076e-14,-4.221944285583157e-15,-9.766798929119842e-15,-21.16841230920382,-48.96976669699043
dpRF,rf_final,2030,176,N2O total,1.9506769155071896e-14,1.5285466513273764e-14,9.694820287778155e-15,-4.221302641798132e-15,-9.81194886729374e-15,-21.640193761664335,-50.30022547194888
dpRF,rf_final,2030,177,N2O total,1.9074659519145406e-14,1.485390699055962e-14,9.217613929002963e-15,-4.2207525285857855e-15,-9.857045590142443e-15,-22.12753797439676,-51.67612863678557
dpRF,rf_final,2030,178,N2O total,1.864813785267289e-14,1.4427849880641354e-14,8.746059154944571e-15,-4.220287972031535e-15,-9.902078697728318e-15,-22.631149583799484,-53.099557585633285
dpRF,rf_final,2030,179,N2O total,1.8227131386584746e-14,1.4007221732579141e-14,8.280083595984358e-15,-4.219909654005604e-15,-9.947047790600387e-15,-23.151803564171804,-54.572755194607645
dpRF,rf_final,2030,180,N2O total,1.7811563764358508e-14,1.359194930872118e-14,7.819608608902023e-15,-4.219614455637328e-15,-9.991955155456485e-15,-23.690308787378385,-56.098135389160475
dpRF,rf_final,2030,181,N2O total,1.7401362990259484e-14,1.3181963551359742e-14,7.364560400752091e-15,-4.219399438899742e-15,-1.0036802589507393e-14,-24.247522686938808,-57.67825540519759
dpRF,rf_final,2030,182,N2O total,1.6996453410261788e-14,1.277719135366901e-14,6.9148735680215475e-15,-4.2192620565927775e-15,-1.0081579842240241e-14,-24.824367500371306,-59.3157854694167
dpRF,rf_final,2030,183,N2O total,1.6596767987253227e-14,1.237756383018279e-14,6.470473402895244e-15,-4.219204157070437e-15,-1.0126294584357983e-14,-25.42184213402815,-61.01365393632817
dpRF,rf_final,2030,184,N2O total,1.6202235185058733e-14,1.1983009613764901e-14,6.031296896319993e-15,-4.219225571293832e-15,-1.017093828873874e-14,-26.0410092996594,-62.774908354114665
dpRF,rf_final,2030,185,N2O total,1.5812782283955107e-14,1.1593464148586176e-14,5.5972750394943396e-15,-4.219318135368932e-15,-1.0215507244460768e-14,-26.68295850534908,-64.60284509719851
dpRF,rf_final,2030,186,N2O total,1.5428345136762387e-14,1.1208858488041045e-14,5.168341281997009e-15,-4.2194866487213425e-15,-1.0260003854765379e-14,-27.34892570342638,-66.5010003588656
dpRF,rf_final,2030,187,N2O total,1.5048855515690838e-14,1.0829127910233322e-14,4.744429121219059e-15,-4.2197276054575165e-15,-1.0304426394471779e-14,-28.04018950848306,-68.47315653823486
dpRF,rf_final,2030,188,N2O total,1.467424572763363e-14,1.045420145642535e-14,4.325478166150389e-15,-4.220044271208279e-15,-1.0348767561483239e-14,-28.758168218904455,-70.52333560146864
dpRF,rf_final,2030,189,N2O total,1.4304450623816768e-14,1.0084021009893401e-14,3.9114219730216745e-15,-4.2204296139233665e-15,-1.0393028650795092e-14,-29.504311105079374,-72.65590915802669
dpRF,rf_final,2030,190,N2O total,1.3939409990172545e-14,9.718518140914888e-15,3.50218939019636e-15,-4.220891849257657e-15,-1.0437220599976185e-14,-30.280276225704227,-74.87562678287355
dpRF,rf_final,2030,191,N2O total,1.3579057711992336e-14,9.357633168837456e-15,3.0977169234779784e-15,-4.2214245431548794e-15,-1.0481340788514357e-14,-31.087757580017726,-77.18754136568525
dpRF,rf_final,2030,192,N2O total,1.3223332381590597e-14,9.001304490118708e-15,2.6979378734848777e-15,-4.222027891471889e-15,-1.0525394508105719e-14,-31.928622601589886,-79.59714090495885
dpRF,rf_final,2030,193,N2O total,1.2872176930109813e-14,8.649470481852576e-15,2.302787698483769e-15,-4.222706448257238e-15,-1.0569389231626045e-14,-32.80491303984285,-82.11034768254912
dpRF,rf_final,2030,194,N2O total,1.2525530354750814e-14,8.302069705317801e-15,1.912206749781962e-15,-4.223460649433013e-15,-1.0613323604968851e-14,-33.71881692683053,-84.73352668011634
dpRF,rf_final,2030,195,N2O total,1.218333380829016e-14,7.95904487085296e-15,1.5261399842329211e-15,-4.2242889374372e-15,-1.065719382405724e-14,-34.67268486530985,-87.4735437094036
dpRF,rf_final,2030,196,N2O total,1.1845528088852806e-14,7.620338410443623e-15,1.1445286083003457e-15,-4.225189678409183e-15,-1.070099948055246e-14,-35.66906976806955,-90.33788447661189
dpRF,rf_final,2030,197,N2O total,1.1512054485466179e-14,7.285888671305167e-15,7.673161617582815e-16,-4.2261658141610115e-15,-1.0744738323707898e-14,-36.710787110124365,-93.33467225396642
dpRF,rf_final,2030,198,N2O total,1.1182860489363773e-14,6.955642375679794e-15,3.944525066492105e-16,-4.227218113683979e-15,-1.0788407982714562e-14,-37.80086604589734,-96.47270475184429
dpRF,rf_final,2030,199,N2O total,1.08578881335032e-14,6.629540298159007e-15,2.5882705369291675e-17,-4.2283478353441924e-15,-1.0832005428133907e-14,-38.94263583631115,-99.7616230241917
dpRF,rf_final,2030,200,N2O total,1.0537081817843051e-14,6.307527669723994e-15,-3.3844996628972197e-16,-4.229554148119057e-15,-1.0875531784132773e-14,-40.13971060713325,-103.21198954454928
dpAGWP,agwp,2030,0,CO2 total,0.0,0.0,0.0,0.0,0.0,,
dpAGWP,agwp,2030,1,CO2 total,1.5581409325691917e-15,1.5295531327764086e-15,1.5092862403918095e-15,-2.858779979278314e-17,-4.8854692177382256e-17,-1.8347377438859276,-3.1354475809082683
dpAGWP,agwp,2030,2,CO2 total,3.0126767163409922e-15,2.961033729431185e-15,2.9247853456325532e-15,-5.164298690980705e-17,-8.789137070843899e-17,-1.7141894657893917,-2.9173847373569615
dpAGWP,agwp,2030,3,CO2 total,4.395891185910641e-15,4.32544360489846e-15,4.276149577034379e-15,-7.044758101218095e-17,-1.1974160887626168e-16,-1.602577908160555,-2.723943878775888
dpAGWP,agwp,2030,4,CO2 total,5.727477838232865e-15,5.641847898806249e-15,5.581821874974923e-15,-8.562993942661624e-17,-1.4565596325794192e-16,-1.4950723834321493,-2.5431082820720623
dpAGWP,agwp,2030,5,CO2 total,7.019751663155988e-15,6.922285728201107e-15,6.853597168273984e-15,-9.746593495488142e-17,-1.6615449488200428e-16,-1.3884527492111025,-2.3669568790315783
dpAGWP,agwp,2030,6,CO2 total,8.280629510589834e-15,8.174588949963837e-15,8.099254196891484e-15,-1.0604056062599617e-16,-1.813753136983494e-16,-1.2805857391685533,-2.190356584199236
dpAGWP,agwp,2030,7,CO2 total,9.515315906251255e-15,9.403980645737771e-15,9.324056604759649e-15,-1.1133526051348378e-16,-1.9125930149160581e-16,-1.1700637331477362,-2.0100152572544085
dpAGWP,agwp,2030,8,CO2 total,1.0727378536230771e-14,1.0614096304831596e-14,1.053172036130995e-14,-1.132822313991755e-16,-1.956581749208205e-16,-1.0560103851707554,-1.8239141488295796
dpAGWP,agwp,2030,9,CO2 total,1.1919354945641495e-14,1.1807562769498317e-14,1.1724966258243776e-14,-1.1179217614317836e-16,-1.9438868739771889e-16,-0.9379045816909494,-1.6308658336313766
dpAGWP,agwp,2030,10,CO2 total,1.3093142976707997e-14,1.298636539494296e-14,1.2905876886755967e-14,-1.06777581765037e-16,-1.8726608995202966e-16,-0.8155229187903059,-1.4302607883009149
dpAGWP,agwp,2030,11,CO2 total,1.4250208166995656e-14,1.415204331753719e-14,1.4076093444391498e-14,-9.816484945846584e-17,-1.7411472260415757e-16,-0.6888660734502221,-1.221839853591878
dpAGWP,agwp,2030,12,CO2 total,1.5391732970302115e-14,1.5305836395795575e-14,1.5236957312381896e-14,-8.58965745065398e-17,-1.5477565792021843e-16,-0.558069547284082,-1.0055765534579726
dpAGWP,agwp,2030,13,CO2 total,1.651870563219054e-14,1.6448779600755187e-14,1.6389599644741637e-14,-6.992603143535358e-17,-1.291059874489029e-16,-0.4233142292885615,-0.7815744787975993
dpAGWP,agwp,2030,14,CO2 total,1.763198270879467e-14,1.758176637430585e-14,1.753500153353821e-14,-5.0216334488818256e-17,-9.698117525645793e-17,-0.28480253932968536,-0.5500298908986827
dpAGWP,agwp,2030,15,CO2 total,1.8732327361164842e-14,1.8705590088123414e-14,1.867403621832556e-14,-2.6737273041427794e-17,-5.829114283928099e-17,-0.14273332152447063,-0.3111793943988402
dpAGWP,agwp,2030,16,CO2 total,1.982041115212572e-14,1.9820952578772422e-14,1.980748273268795e-14,5.414266467025145e-19,-1.2928419437770435e-17,0.002731662035398529,-0.06522780651996654
dpAGWP,agwp,2030,17,CO2 total,2.0896830034470433e-14,2.092847910444555e-14,2.093604099905988e-14,3.164906997511834e-17,3.9210964589446733e-17,0.1514539282891784,0.1876407307939346
dpAGWP,agwp,2030,18,CO2 total,2.1962123629608337e-14,2.2028735575720372e-14,2.206034802647529e-14,6.661194611203528e-17,9.822439686695238e-17,0.3033037571204275,0.44724453119155894
dpAGWP,agwp,2030,19,CO2 total,2.3016781872421954e-14,2.312223686108659e-14,2.3180987426741474e-14,1.0545498866463683e-16,1.6420555431951948e-16,0.45816565169342793,0.7134166506407478
dpAGWP,agwp,2030,20,CO2 total,2.4061247117549596e-14,2.4209443144302874e-14,2.4298494320128958e-14,1.4819602675327832e-16,2.3724720257936155e-16,0.6159116608930395,0.9860137399375284
dpAGWP,agwp,2030,21,CO2 total,2.5095940511294797e-14,2.5290769846026013e-14,2.5413368343386894e-14,1.9482933473121554e-16,3.174278320920967e-16,0.7763380481537632,1.2648572861783507
dpAGWP,agwp,2030,22,CO2 total,2.6121264784903695e-14,2.6366595603869274e-14,2.6526079585710366e-14,2.4533081896557955e-16,4.048148008066713e-16,0.9391996175750418,1.5497519133936675
dpAGWP,agwp,2030,23,CO2 total,2.7137598451848913e-14,2.7437266331872686e-14,2.7637066812625644e-14,2.996678800237723e-16,4.994683607767303e-16,1.1042534974326574,1.8405031737165414
dpAGWP,agwp,2030,24,CO2 total,2.814529762336683e-14,2.8503102681473026e-14,2.874674246930776e-14,3.578050581061961e-16,6.014448459409277e-16,1.2712782891630845,2.1369283565208965
dpAGWP,agwp,2030,25,CO2 total,2.914470088385671e-14,2.95644073007638e-14,2.985549838801116e-14,4.197064169070899e-16,7.107975041544469e-16,1.4400779701930853,2.4388567478767933
dpAGWP,agwp,2030,26,CO2 total,3.013613284966493e-14,3.062146633165955e-14,3.0963704565656755e-14,4.853334819946195e-16,8.27571715991826e-16,1.610470342746766,2.746111188586121
dpAGWP,agwp,2030,27,CO2 total,3.111989459958148e-14,3.167454593016979e-14,3.207171091748702e-14,5.54651330588309e-16,9.518163179055424e-16,1.7823046566352072,3.0585460849161845
dpAGWP,agwp,2030,28,CO2 total,3.209626346440895e-14,3.272389254540542e-14,3.317984892691583e-14,6.276290809964738e-16,1.0835854625068816e-15,1.9554584031017879,3.376048628552831
dpAGWP,agwp,2030,29,CO2 total,3.3065495301914867e-14,3.3769732765700954e-14,3.428842975959845e-14,7.042374637860877e-16,1.2229344576835813e-15,2.1298258421832994,3.69852151470043
dpAGWP,agwp,2030,30,CO2 total,3.402783569445405e-14,3.481227900617794e-14,3.539774727459115e-14,7.84443311723889e-16,1.369911580137096e-15,2.30529886992413,4.025855750679929
dpAGWP,agwp,2030,31,CO2 total,3.4983515963741123e-14,3.5851725208735945e-14,3.6508079522815747e-14,8.68209244994822e-16,1.5245635590746234e-15,2.4817666866151553,4.357948356748265
dpAGWP,agwp,2030,32,CO2 total,3.5932752728275884e-14,3.688824631670326e-14,3.761968728048132e-14,9.554935884273729e-16,1.6869345522054357e-15,2.659116031696298,4.694698914280419
dpAGWP,agwp,2030,33,CO2 total,3.687575219794786e-14,3.792200433916892e-14,3.8732816820522444e-14,1.0462521412210577e-15,1.8570646225745827e-15,2.8372360666836287,5.036004723662094
dpAGWP,agwp,2030,34,CO2 total,3.7812713478013436e-14,3.895315263210671e-14,3.984770184203314e-14,1.1404391540932732e-15,2.0349883640197037e-15,3.0160204047678105,5.381757025194627
dpAGWP,agwp,2030,35,CO2 total,3.8743826414886266e-14,3.998183579428443e-14,4.096456583989926e-14,1.2380093793981669e-15,2.220739425012995e-15,3.1953719958917,5.731853640970619
dpAGWP,agwp,2030,36,CO2 total,3.9669263086893025e-14,4.1008185514437974e-14,4.208362357694771e-14,1.3389224275449485e-15,2.4143604900546854e-15,3.3752137633918813,6.086224704417071
dpAGWP,agwp,2030,37,CO2 total,4.058919075903243e-14,4.203232619972602e-14,4.3205076017782745e-14,1.4431354406935934e-15,2.6158852587503166e-15,3.555467388500344,6.444782982445138
dpAGWP,agwp,2030,38,CO2 total,4.150377180496406e-14,4.305437687829907e-14,4.43291139640721e-14,1.5506050733350107e-15,2.8253421591080427e-15,3.7360582084482994,6.807434689032571
dpAGWP,agwp,2030,39,CO2 total,4.2413158134827005e-14,4.407444847978151e-14,4.54559208776296e-14,1.6612903449545077e-15,3.0427627428025925e-15,3.916922054409245,7.1741008607045185
dpAGWP,agwp,2030,40,CO2 total,4.3317493683099727e-14,4.509264103308053e-14,4.658566896326411e-14,1.7751473499808064e-15,3.2681752801643815e-15,4.097991825121171,7.544700771641034
dpAGWP,agwp,2030,41,CO2 total,4.4216909020580404e-14,4.610903838828733e-14,4.7718520417219564e-14,1.8921293677069253e-15,3.50161139663916e-15,4.279198636038193,7.919168196513608
dpAGWP,agwp,2030,42,CO2 total,4.511152693772383e-14,4.712371104859196e-14,4.885462438709157e-14,2.0121841108681276e-15,3.743097449367738e-15,4.4604655338887875,8.29743017684828
dpAGWP,agwp,2030,43,CO2 total,4.600146512672076e-14,4.813671986172451e-14,4.999411756928626e-14,2.1352547350037495e-15,3.992652442565501e-15,4.641710278404696,8.679402778948226
dpAGWP,agwp,2030,44,CO2 total,4.688683171952125e-14,4.914811629101781e-14,5.113712931028609e-14,2.2612845714965594e-15,4.250297590764841e-15,4.822856415258866,9.065013426776792
dpAGWP,agwp,2030,45,CO2 total,4.776773264863966e-14,5.0157946505380844e-14,5.228377744528692e-14,2.390213856741183e-15,4.5160447966472605e-15,5.003825227214866,9.454174494455243
dpAGWP,agwp,2030,46,CO2 total,4.8644266012372226e-14,5.1166250947849407e-14,5.34341748895065e-14,2.5219849354771803e-15,4.789908877134272e-15,5.184547208165782,9.846810877804185
dpAGWP,agwp,2030,47,CO2 total,4.951652529185266e-14,5.217306544848347e-14,5.458842721752908e-14,2.6565401566308093e-15,5.071901925676418e-15,5.364956731057037,10.242847000637457
dpAGWP,agwp,2030,48,CO2 total,5.0384602643519986e-14,5.317842358074954e-14,5.574663110554926e-14,2.793820937229555e-15,5.362028462029272e-15,5.544989521890913,10.64219658526748
dpAGWP,agwp,2030,49,CO2 total,5.1248584989383774e-14,5.418235625378418e-14,5.690887935106063e-14,2.9337712644004043e-15,5.6602943616768614e-15,5.72458979112914,11.044781749290054
dpAGWP,agwp,2030,50,CO2 total,5.2108557501620285e-14,5.518489033590004e-14,5.80752515056158e-14,3.076332834279757e-15,5.966694003995512e-15,5.903699856178326,11.450506960991927
dpAGWP,agwp,2030,51,CO2 total,5.2964596292538397e-14,5.618604465059676e-14,5.924581406294144e-14,3.221448358058363e-15,6.281217770403044e-15,6.0822673701983785,11.859276214832466
dpAGWP,agwp,2030,52,CO2 total,5.381676969574385e-14,5.718582986531888e-14,6.042062102877915e-14,3.3690601695750244e-15,6.603851333035301e-15,6.260242278795618,12.27099168227775
dpAGWP,agwp,2030,53,CO2 total,5.46651411829836e-14,5.818425110700823e-14,6.159971637943234e-14,3.5191099240246324e-15,6.934575196448736e-15,6.437575844256807,12.685552522833984
dpAGWP,agwp,2030,54,CO2 total,5.5509771056446095e-14,5.91813094620525e-14,6.278313509036269e-14,3.671538405606402e-15,7.273364033916592e-15,6.614220047625369,13.102853597649581
dpAGWP,agwp,2030,55,CO2 total,5.6350718542695324e-14,6.017700266350976e-14,6.397090162522322e-14,3.826284120814434e-15,7.620183082527897e-15,6.7901248107694805,13.52277890965011
dpAGWP,agwp,2030,56,CO2 total,5.718803369106102e-14,6.117132374075144e-14,6.516303953673658e-14,3.983290049690412e-15,7.975005845675555e-15,6.965250932054749,13.945235272046286
dpAGWP,agwp,2030,57,CO2 total,5.802176720224035e-14,6.216426484933027e-14,6.635956498230356e-14,4.142497647089922e-15,8.337797780063205e-15,7.139557870843291,14.370120356729267
dpAGWP,agwp,2030,58,CO2 total,5.885196992705249e-14,6.315581621231698e-14,6.756048689275067e-14,4.3038462852644914e-15,8.708516965698186e-15,7.313002930231809,14.797324501613907
dpAGWP,agwp,2030,59,CO2 total,5.967868304936614e-14,6.414596336732277e-14,6.876581686283671e-14,4.467280317956626e-15,9.08713381347057e-15,7.485554455451532,15.226766659635743
dpAGWP,agwp,2030,60,CO2 total,6.050195152529868e-14,6.513469429963601e-14,6.997555346324167e-14,4.632742774337332e-15,9.473601937942993e-15,7.6571790785957825,15.658341093314384
dpAGWP,agwp,2030,61,CO2 total,6.132182119527737e-14,6.612200307420106e-14,7.118968566566402e-14,4.800181878923692e-15,9.867864470386644e-15,7.82785276979571,16.091929884082774
dpAGWP,agwp,2030,62,CO2 total,6.213833192942644e-14,6.710788871189464e-14,7.240820297293561e-14,4.969556782468198e-15,1.026987104350917e-14,7.997570305093429,16.52743278524626
dpAGWP,agwp,2030,63,CO2 total,6.295151951250427e-14,6.809235200375404e-14,7.36310924119503e-14,5.140832491249768e-15,1.0679572899446027e-14,8.166335826458686,16.96475793141849
dpAGWP,agwp,2030,64,CO2 total,6.376141452898219e-14,6.907539343214333e-14,7.485834061038603e-14,5.3139789031611406e-15,1.109692608140384e-14,8.334160937953657,17.403826692646273
dpAGWP,agwp,2030,65,CO2 total,6.456804694225499e-14,7.005701320569212e-14,7.608993237134097e-14,5.488966263437127e-15,1.1521885429085976e-14,8.501056673351236,17.844562403119177
dpAGWP,agwp,2030,66,CO2 total,6.537144516872065e-14,7.103721016420414e-14,7.732585006180214e-14,5.665764995483489e-15,1.1954404893081489e-14,8.667033413228687,18.286890954036167
dpAGWP,agwp,2030,67,CO2 total,6.617163226481184e-14,7.201598065496527e-14,7.856607699720043e-14,5.844348390153429e-15,1.2394444732388593e-14,8.832105526375663,18.730752602244028
dpAGWP,agwp,2030,68,CO2 total,6.696863079140675e-14,7.299331948053026e-14,7.98105939551474e-14,6.024688689123502e-15,1.2841963163740645e-14,8.996284705131787,19.17608738894583
dpAGWP,agwp,2030,69,CO2 total,6.776246493422129e-14,7.396922127954645e-14,8.105937604483869e-14,6.206756345325158e-15,1.3296911110617394e-14,9.15957875993769,19.622826772203513
dpAGWP,agwp,2030,70,CO2 total,6.855316142031285e-14,7.494368309663722e-14,8.231240064408056e-14,6.390521676324368e-15,1.3759239223767705e-14,9.321994119487545,20.07090400894441
dpAGWP,agwp,2030,71,CO2 total,6.934075762989604e-14,7.591671173426235e-14,8.356964452471989e-14,6.575954104366315e-15,1.422888689482385e-14,9.483533680819079,20.520235689909903
dpAGWP,agwp,2030,72,CO2 total,7.012529917758704e-14,7.688832461134935e-14,8.483108147489939e-14,6.763025433762318e-15,1.4705782297312357e-14,9.64420189728598,20.970723076804383
dpAGWP,agwp,2030,73,CO2 total,7.090683191020689e-14,7.785854430558984e-14,8.609668552977453e-14,6.951712395382948e-15,1.5189853619567635e-14,9.804009300805136,21.422270901629563
dpAGWP,agwp,2030,74,CO2 total,7.168539877396272e-14,7.882739507072438e-14,8.736643257105739e-14,7.141996296761662e-15,1.568103379709467e-14,9.962972123907258,21.87479467965277
dpAGWP,agwp,2030,75,CO2 total,7.246104043823647e-14,7.979490220347946e-14,8.864029927906247e-14,7.333861765242988e-15,1.6179258840825995e-14,10.121110214383608,22.328217678045476
dpAGWP,agwp,2030,76,CO2 total,7.323379675076446e-14,8.076109191132428e-14,8.99182569181055e-14,7.527295160559821e-15,1.668446016734104e-14,10.278444508588512,22.782459612360437
dpAGWP,agwp,2030,77,CO2 total,7.400370632512382e-14,8.172599048640971e-14,9.120027364049597e-14,7.72228416128589e-15,1.719656731537215e-14,10.434996495120433,23.237440621989517
dpAGWP,agwp,2030,78,CO2 total,7.47708068813797e-14,8.268962406118013e-14,9.248631479331811e-14,7.918817179800432e-15,1.771550791193841e-14,10.590787380913591,23.69308109787181
dpAGWP,agwp,2030,79,CO2 total,7.553513567803256e-14,8.365201835033371e-14,9.377634263624228e-14,8.116882672301154e-15,1.8241206958209718e-14,10.745837151731944,24.14930057974954
dpAGWP,agwp,2030,80,CO2 total,7.629672928737005e-14,8.461319883527528e-14,9.507031783415733e-14,8.31646954790523e-15,1.8773588546787276e-14,10.900165217543494,24.606020103531495
dpAGWP,agwp,2030,81,CO2 total,7.705562221670271e-14,8.557318975103463e-14,9.636819853567821e-14,8.517567534331918e-15,1.9312576318975502e-14,11.053791130747156,25.063163158507688
dpAGWP,agwp,2030,82,CO2 total,7.78118498191461e-14,8.65320149575843e-14,9.76699422773918e-14,8.720165138438199e-15,1.985809245824571e-14,11.206731569428063,25.5206533508724
dpAGWP,agwp,2030,83,CO2 total,7.85654489337875e-14,8.748969851011259e-14,9.897550539784987e-14,8.924249576325091e-15,2.0410056464062373e-14,11.359000295213955,25.978412573271655
dpAGWP,agwp,2030,84,CO2 total,7.931645338554756e-14,8.844626282464939e-14,1.0028484924224238e-13,9.129809439101826e-15,2.0968395856694818e-14,11.51061229972417,26.436376012389278
dpAGWP,agwp,2030,85,CO2 total,8.006489409565622e-14,8.940172835279983e-14,1.015979413797084e-13,9.336834257143617e-15,2.1533047284052187e-14,11.661583222715048,26.89449293260281
dpAGWP,agwp,2030,86,CO2 total,8.081079907952325e-14,9.035611367233024e-14,1.029147547606649e-13,9.545314592806988e-15,2.210395568114165e-14,11.811929471720429,27.35272504778708
dpAGWP,agwp,2030,87,CO2 total,8.155419866046056e-14,9.130943617249994e-14,1.0423526165645379e-13,9.755237512039384e-15,2.2681062995993232e-14,11.961661903703995,27.811030417235354
dpAGWP,agwp,2030,88,CO2 total,8.229512442076949e-14,9.226171284217675e-14,1.0555943365173852e-13,9.966588421407264e-15,2.3264309230969026e-14,12.110788447744197,28.269365159496157
dpAGWP,agwp,2030,89,CO2 total,8.303360728503543e-14,9.321296111936702e-14,1.0688724268369298e-13,1.017935383433159e-14,2.385363539865755e-14,12.259317843904084,28.727687714172724
dpAGWP,agwp,2030,90,CO2 total,8.376967947611221e-14,9.416319845905635e-14,1.0821865984171556e-13,1.0393518982944144e-14,2.4448980365603348e-14,12.407256477456098,29.18595429576071
dpAGWP,agwp,2030,91,CO2 total,8.450337224975818e-14,9.511244192491152e-14,1.095536602642591e-13,1.0609069675153348e-14,2.505028801450092e-14,12.554611008655584,29.644128213560855
dpAGWP,agwp,2030,92,CO2 total,8.523471766226368e-14,9.606070893824587e-14,1.1089221998503843e-13,1.0825991275982191e-14,2.5657502322774742e-14,12.7013869147539,30.1021731830458
dpAGWP,agwp,2030,93,CO2 total,8.596374583520345e-14,9.700801630406397e-14,1.1223431994386491e-13,1.1044270468860524e-14,2.6270574108661458e-14,12.847590994967707,30.560062097600294
dpAGWP,agwp,2030,94,CO2 total,8.669048576850233e-14,9.795438026901508e-14,1.1357994312409443e-13,1.1263894500512757e-14,2.6889457355592107e-14,12.993230342014442,31.017772154833146
dpAGWP,agwp,2030,95,CO2 total,8.741496492342935e-14,9.889981622213072e-14,1.149290741273044e-13,1.148485129870137e-14,2.7514109203875055e-14,13.138312540377338,31.475284841646832
dpAGWP,agwp,2030,96,CO2 total,8.81372102709502e-14,9.984433871857472e-14,1.1628169114718106e-13,1.1707128447624525e-14,2.8144480876230868e-14,13.282844341946646,31.93257511748953
dpAGWP,agwp,2030,97,CO2 total,8.885724919302488e-14,1.0078796213615766e-13,1.1763776516810294e-13,1.1930712943132782e-14,2.8780515975078054e-14,13.426831295683773,32.38960944262189
dpAGWP,agwp,2030,98,CO2 total,8.957510835769083e-14,1.0173070051328049e-13,1.1899726769089619e-13,1.2155592155589656e-14,2.9422159333205353e-14,13.57027904119302,32.84635639592748
dpAGWP,agwp,2030,99,CO2 total,9.029081446035527e-14,1.0267256730698694e-13,1.2036016623556216e-13,1.238175284663167e-14,3.0069351775206886e-14,13.7131921122145,33.30278052637313
dpAGWP,agwp,2030,100,CO2 total,9.100439395185687e-14,1.0361357588947895e-13,1.2172642085271612e-13,1.2609181937622072e-14,3.0722026900859245e-14,13.855574868497644,33.758839070025346
dpAGWP,agwp,2030,101,CO2 total,9.171587474143799e-14,1.0455374091317937e-13,1.2309597749591541e-13,1.2837866171741372e-14,3.138010275447742e-14,13.997430878714736,34.21447251410189
dpAGWP,agwp,2030,102,CO2 total,9.242528297296687e-14,1.0549307671362454e-13,1.2446878421961205e-13,1.3067793740657668e-14,3.204350124664518e-14,14.138765195319788,34.66962741787597
dpAGWP,agwp,2030,103,CO2 total,9.313264363834447e-14,1.0643159717209746e-13,1.2584479462398232e-13,1.3298953533752991e-14,3.271215098563785e-14,14.27958341373396,35.12425902207466
dpAGWP,agwp,2030,104,CO2 total,9.38379822150885e-14,1.0736931661026119e-13,1.272239549003932e-13,1.3531334395172695e-14,3.3385972685304714e-14,14.419890619724931,35.578314768938505
dpAGWP,agwp,2030,105,CO2 total,9.454131977372529e-14,1.0830624761323222e-13,1.2860622400728144e-13,1.3764927839506923e-14,3.406490423355615e-14,14.559695033295315,36.031762953052606
dpAGWP,agwp,2030,106,CO2 total,9.524267637308634e-14,1.0924240126499307e-13,1.2999157642677863e-13,1.3999724891906728e-14,3.4748900053692283e-14,14.699004086221551,36.484590077638366
dpAGWP,agwp,2030,107,CO2 total,9.594207557220178e-14,1.1017778952925538e-13,1.3137997893748057e-13,1.4235713957053604e-14,3.543790336527879e-14,14.837821541957819,36.936769560097524
dpAGWP,agwp,2030,108,CO2 total,9.663953889295552e-14,1.1111242496055543e-13,1.327714016674246e-13,1.4472886067599913e-14,3.613186277446909e-14,14.976153894557651,37.38828143053453
dpAGWP,agwp,2030,109,CO2 total,9.733508500947437e-14,1.120463192083561e-13,1.3416582352344266e-13,1.471123419888173e-14,3.6830738513968286e-14,15.11400970929421,37.83911886488132
dpAGWP,agwp,2030,110,CO2 total,9.802873739412075e-14,1.1297948341748268e-13,1.3556321861447922e-13,1.495074602336194e-14,3.7534481220358474e-14,15.251390990840822,38.28926314683881
dpAGWP,agwp,2030,111,CO2 total,9.872052977368131e-14,1.1391192937951885e-13,1.3696355206595995e-13,1.5191399605837542e-14,3.824302229227864e-14,15.388288171329828,38.73867206745293
dpAGWP,agwp,2030,112,CO2 total,9.941050081117694e-14,1.1484366931942206e-13,1.3836678430182764e-13,1.543316850824512e-14,3.8956283490650707e-14,15.524686408691684,39.18729226064895
dpAGWP,agwp,2030,113,CO2 total,1.0009868851157093e-13,1.1577471522074053e-13,1.3977288186202898e-13,1.5676026709169607e-14,3.967419335045805e-14,15.660571524228844,39.63507808183911
dpAGWP,agwp,2030,114,CO2 total,1.0078512970699377e-13,1.16705078987356e-13,1.4118180669171926e-13,1.5919949280362238e-14,4.039667698472549e-14,15.795930735660408,40.08198144127829
dpAGWP,agwp,2030,115,CO2 total,1.0146985916566857e-13,1.176347717726197e-13,1.425935205313404e-13,1.6164912606951123e-14,4.112366136567184e-14,15.93075297419983,40.52795746816771
dpAGWP,agwp,2030,116,CO2 total,1.0215291047858197e-13,1.1856380405143585e-13,1.440079861617793e-13,1.6410893572853876e-14,4.1855075683197324e-14,16.06502790372741,40.97296443841698
dpAGWP,agwp,2030,117,CO2 total,1.0283431672415843e-13,1.1949218634611983e-13,1.4542515889217865e-13,1.6657869621961402e-14,4.259084216802023e-14,16.19874585897651,41.41695449998993
dpAGWP,agwp,2030,118,CO2 total,1.0351411001824383e-13,1.2041992894886842e-13,1.4684498915964476e-13,1.6905818930624596e-14,4.3330879141400934e-14,16.331898064568236,41.85987700977586
dpAGWP,agwp,2030,119,CO2 total,1.0419232168732156e-13,1.213470422080731e-13,1.4826743058849052e-13,1.7154720520751548e-14,4.407510890116896e-14,16.464476693620878,42.30168613905852
dpAGWP,agwp,2030,120,CO2 total,1.0486898259391741e-13,1.2227353612050966e-13,1.4969243804106224e-13,1.7404553526592246e-14,4.482345544714482e-14,16.596474091855775,42.74233842881266
dpAGWP,agwp,2030,121,CO2 total,1.0554412308862498e-13,1.2319941925871806e-13,1.5111996390030333e-13,1.7655296170093076e-14,4.5575840811678345e-14,16.72788181229948,43.18178926306346
dpAGWP,agwp,2030,122,CO2 total,1.0621777173413325e-13,1.241246988521791e-13,1.52549949335166e-13,1.7906927118045853e-14,4.633217760103274e-14,16.858692124390924,43.61998641527124
dpAGWP,agwp,2030,123,CO2 total,1.0688995620163219e-13,1.2504938122040954e-13,1.539823293242219e-13,1.8159425018777355e-14,4.7092373122589717e-14,16.988897426922197,44.05687381306143
dpAGWP,agwp,2030,124,CO2 total,1.0756070439844459e-13,1.259734725713988e-13,1.5541705158844794e-13,1.841276817295422e-14,4.785634719000335e-14,17.11848976439065,44.49240775955293
dpAGWP,agwp,2030,125,CO2 total,1.0823004287374832e-13,1.2689697852211823e-13,1.5685406775047008e-13,1.8666935648369903e-14,4.862402487672175e-14,17.24746212116456,44.92655050820065
dpAGWP,agwp,2030,126,CO2 total,1.088979972740025e-13,1.278199038043862e-13,1.5829332484742617e-13,1.8921906530383695e-14,4.939532757342367e-14,17.37580764022092,45.35926170353543
dpAGWP,agwp,2030,127,CO2 total,1.095645930007581e-13,1.2874225215628815e-13,1.597347708600509e-13,1.9177659155530048e-14,5.0170177859292794e-14,17.503518819622098,45.79050264800934
dpAGWP,agwp,2030,128,CO2 total,1.1022985591907724e-13,1.296640272468319e-13,1.6117835117048112e-13,1.9434171327754653e-14,5.0948495251403886e-14,17.630587616862904,46.22023210191491
dpAGWP,agwp,2030,129,CO2 total,1.1089381156136418e-13,1.3058523295072272e-13,1.626240054999516e-13,1.9691421389358537e-14,5.1730193938587406e-14,17.757006556188298,46.6484046406521
dpAGWP,agwp,2030,130,CO2 total,1.115564846046747e-13,1.3150587219006476e-13,1.6407168142386486e-13,1.994938758539006e-14,5.251519681919015e-14,17.882768228207592,47.07498358817013
dpAGWP,agwp,2030,131,CO2 total,1.1221789994712578e-13,1.3242594788276416e-13,1.6552132616514288e-13,2.0208047935638373e-14,5.3303426218017096e-14,18.007865006527382,47.499932045718474
dpAGWP,agwp,2030,132,CO2 total,1.1287808211291399e-13,1.3334546309304863e-13,1.669728948033388e-13,2.0467380980134638e-14,5.4094812690424814e-14,18.132289809513903,47.923220945863335
dpAGWP,agwp,2030,133,CO2 total,1.1353705563386623e-13,1.3426442120420335e-13,1.684263503161702e-13,2.0727365570337124e-14,5.488929468230398e-14,18.25603584188288,48.34482836978856
dpAGWP,agwp,2030,134,CO2 total,1.1419484506718227e-13,1.3518282613601347e-13,1.6988164313438968e-13,2.0987981068831204e-14,5.568679806720741e-14,18.379096759125783,48.764721414916906
dpAGWP,agwp,2030,135,CO2 total,1.1485147378852574e-13,1.3610068170268116e-13,1.713387259699489e-13,2.1249207914155426e-14,5.648725218142315e-14,18.501467341447675,49.18287098817057
dpAGWP,agwp,2030,136,CO2 total,1.1550696357226846e-13,1.3701799086636926e-13,1.727975594070351e-13,2.15110272941008e-14,5.729059583476665e-14,18.623143253733048,49.599257103596216
dpAGWP,agwp,2030,137,CO2 total,1.1616133531384464e-13,1.3793475628915837e-13,1.742581142739389e-13,2.177342097531373e-14,5.809677896009427e-14,18.744120766592697,50.01386976409011
dpAGWP,agwp,2030,138,CO2 total,1.168146096845551e-13,1.388509803593401e-13,1.757203638122123e-13,2.2036370674785014e-14,5.89057541276572e-14,18.864396101045745,50.42670115212956
dpAGWP,agwp,2030,139,CO2 total,1.1746680653218024e-13,1.397666648233875e-13,1.771842763976808e-13,2.2299858291207262e-14,5.971746986550056e-14,18.98396572575434,50.83774014844003
dpAGWP,agwp,2030,140,CO2 total,1.1811794599271863e-13,1.406818116606059e-13,1.7864983465495059e-13,2.2563865667887267e-14,6.053188866223195e-14,19.102825974706853,51.246987198679726
dpAGWP,agwp,2030,141,CO2 total,1.1876804773334793e-13,1.4159642269122416e-13,1.8011703417341852e-13,2.2828374957876227e-14,6.134898644007059e-14,19.220973480282634,51.65445387955544
dpAGWP,agwp,2030,142,CO2 total,1.1941713069292094e-13,1.425104996256003e-13,1.8158587459256973e-13,2.3093368932679366e-14,6.216874389964879e-14,19.338405468863222,52.06015547259683
dpAGWP,agwp,2030,143,CO2 total,1.2006521368984554e-13,1.434240445475467e-13,1.8305634853116156e-13,2.3358830857701158e-14,6.299113484131602e-14,19.455119546983923,52.4641008877357
dpAGWP,agwp,2030,144,CO2 total,1.2071231519174555e-13,1.443370594471162e-13,1.8452844286299592e-13,2.362474425537064e-14,6.381612767125037e-14,19.571113533730095,52.866294188692855
dpAGWP,agwp,2030,145,CO2 total,1.213584534190844e-13,1.4524954630374425e-13,1.8600214755171088e-13,2.3891092884659838e-14,6.464369413262647e-14,19.686385423978063,53.26674188026595
dpAGWP,agwp,2030,146,CO2 total,1.2200364629027226e-13,1.4616150741123593e-13,1.874774509568383e-13,2.4157861120963674e-14,6.547380466656603e-14,19.80093370610175,53.665449072554864
dpAGWP,agwp,2030,147,CO2 total,1.226479119538995e-13,1.4707294531743717e-13,1.8895433087768322e-13,2.4425033363537657e-14,6.630641892378371e-14,19.914756781769313,54.06241155471668
dpAGWP,agwp,2030,148,CO2 total,1.2329126738499618e-13,1.4798386200535442e-13,1.9043275637117558e-13,2.469259462035824e-14,6.714148898617939e-14,20.0278536704889,54.457619270405935
dpAGWP,agwp,2030,149,CO2 total,1.2393372822837242e-13,1.488942587006069e-13,1.9191269134325788e-13,2.4960530472234473e-14,6.797896311488546e-14,20.14022399636018,54.85105958373233
dpAGWP,agwp,2030,150,CO2 total,1.245753107399728e-13,1.498041366538358e-13,1.9339410384563559e-13,2.522882591386301e-14,6.88187931056628e-14,20.251866733468056,55.24272241175372
dpAGWP,agwp,2030,151,CO2 total,1.2521603050998642e-13,1.5071349684725547e-13,1.948769627969973e-13,2.5497466337269043e-14,6.966093228701088e-14,20.36278121373248,55.6325991195314
dpAGWP,agwp,2030,152,CO2 total,1.2585590237216814e-13,1.5162233999118765e-13,1.9636122279787167e-13,2.576643761901951e-14,7.050532042570353e-14,20.47296720564257,56.02067054210333
dpAGWP,agwp,2030,153,CO2 total,1.264949414224003e-13,1.5253066677192786e-13,1.9784684010395462e-13,2.603572534952757e-14,7.135189868155433e-14,20.58242413235115,56.4069186318616
dpAGWP,agwp,2030,154,CO2 total,1.2713316204520237e-13,1.534384775495962e-13,1.993337841006861e-13,2.6305315504393833e-14,7.220062205548374e-14,20.69115176655556,56.79133665362048
dpAGWP,agwp,2030,155,CO2 total,1.2777057858401219e-13,1.543457727513507e-13,2.0082202438345724e-13,2.657519416733852e-14,7.305144579944506e-14,20.799149899649784,57.173917977848085
dpAGWP,agwp,2030,156,CO2 total,1.2840720649440373e-13,1.5525255355106562e-13,2.0231152561618548e-13,2.684534705666189e-14,7.390431912178175e-14,20.906417785696373,57.55465066129498
dpAGWP,agwp,2030,157,CO2 total,1.2904306115405623e-13,1.561588214835464e-13,2.0380225963420686e-13,2.711576032949018e-14,7.475919848015064e-14,21.012954967891233,57.933528398633094
dpAGWP,agwp,2030,158,CO2 total,1.2967815670649705e-13,1.5706457742778434e-13,2.0529419873892055e-13,2.7386420721287293e-14,7.56160420324235e-14,21.118761568512635,58.3105466278077
dpAGWP,agwp,2030,159,CO2 total,1.303125068501519e-13,1.5796982174435548e-13,2.0678731874826222e-13,2.765731489420357e-14,7.647481189811031e-14,21.223837652058283,58.68570388723297
dpAGWP,agwp,2030,160,CO2 total,1.3094612159293615e-13,1.588745553250894e-13,2.0828160098082657e-13,2.7928433732153253e-14,7.733547938789042e-14,21.328187037851027,59.059007206260205
dpAGWP,agwp,2030,161,CO2 total,1.3157900251116654e-13,1.5977877916874765e-13,2.0977702071096989e-13,2.8199776657581108e-14,7.819801819980335e-14,21.4318212780097,59.43046892544046
dpAGWP,agwp,2030,162,CO2 total,1.3221114473967236e-13,1.6068249344674466e-13,2.1127355911995327e-13,2.84713487070723e-14,7.906241438028091e-14,21.53475697009751,59.80011332324301
dpAGWP,agwp,2030,163,CO2 total,1.3284254229264993e-13,1.6158569792494202e-13,2.127711974053289e-13,2.874315563229209e-14,7.992865511267896e-14,21.63701110821215,60.167965572803816
dpAGWP,agwp,2030,164,CO2 total,1.3347319037987677e-13,1.6248839255047762e-13,2.1426991190941488e-13,2.9015202170600856e-14,8.079672152953811e-14,21.738599405634172,60.53404530121992
dpAGWP,agwp,2030,165,CO2 total,1.3410308547882915e-13,1.633905776260335e-13,2.1576967863289088e-13,2.928749214720434e-14,8.166659315406173e-14,21.839536385483058,60.89836998340685
dpAGWP,agwp,2030,166,CO2 total,1.3473222466223644e-13,1.6429225343596845e-13,2.1727047300490182e-13,2.9560028773732014e-14,8.253824834266538e-14,21.93983573553898,61.26095560997569
dpAGWP,agwp,2030,167,CO2 total,1.3536060545092398e-13,1.6519342035257624e-13,2.187722696419524e-13,2.983281490165226e-14,8.341166419102843e-14,22.039510537257737,61.6218167118571
dpAGWP,agwp,2030,168,CO2 total,1.3598822538350782e-13,1.66094078686279e-13,2.2027504482265145e-13,3.0105853302771195e-14,8.428681943914363e-14,22.138573555076576,61.980968720962245
dpAGWP,agwp,2030,169,CO2 total,1.3661508172272038e-13,1.6699422867475327e-13,2.217787779033067e-13,3.037914695203289e-14,8.516369618058632e-14,22.23703749904543,62.33842933493835
dpAGWP,agwp,2030,170,CO2 total,1.3724117135437222e-13,1.6789387048263414e-13,2.2328344874890013e-13,3.065269912826192e-14,8.604227739452791e-14,22.334915117500113,62.69421671748707
dpAGWP,agwp,2030,171,CO2 total,1.3786649059104353e-13,1.6879300398991618e-13,2.2478904014054082e-13,3.092651339887265e-14,8.69225495494973e-14,22.432219218962107,63.048351471669505
dpAGWP,agwp,2030,172,CO2 total,1.3849103582807256e-13,1.6969162927424716e-13,2.2629553843591276e-13,3.12005934461746e-14,8.78045026078402e-14,22.528962441228376,63.40085629574153
dpAGWP,agwp,2030,173,CO2 total,1.391148028413862e-13,1.705897458904045e-13,2.278029252579373e-13,3.147494304901829e-14,8.868812241655109e-14,22.625157356478386,63.7517507879231
dpAGWP,agwp,2030,174,CO2 total,1.39737787013677e-13,1.7148735291871098e-13,2.2931118042283795e-13,3.1749565905033977e-14,8.957339340916095e-14,22.720816311429385,64.10105335387475
dpAGWP,agwp,2030,175,CO2 total,1.4035998389553116e-13,1.7238444958954814e-13,2.3082028754692194e-13,3.2024465694016975e-14,9.046030365139078e-14,22.815951388148157,64.44878457575179
dpAGWP,agwp,2030,176,CO2 total,1.4098138842512428e-13,1.7328103494803334e-13,2.3233022876836063e-13,3.229964652290906e-14,9.134884034323635e-14,22.910574852271026,64.79496433087836
dpAGWP,agwp,2030,177,CO2 total,1.4160199603444466e-13,1.7417710811811147e-13,2.338409871392098e-13,3.257511208366681e-14,9.223899110476515e-14,23.004698377092737,65.13961221445497
dpAGWP,agwp,2030,178,CO2 total,1.422218025324154e-13,1.7507266834475623e-13,2.3535254970592387e-13,3.2850865812340835e-14,9.313074717350848e-14,23.098333186188817,65.4827498422979
dpAGWP,agwp,2030,179,CO2 total,1.4284080365524146e-13,1.7596771507299356e-13,2.3686489682666826e-13,3.31269114177521e-14,9.40240931714268e-14,23.19149050554682,65.8243938464264
dpAGWP,agwp,2030,180,CO2 total,1.4345899595132898e-13,1.7686224809885406e-13,2.3837799971991595e-13,3.3403252147525077e-14,9.491900376858698e-14,23.284180908987906,66.16455325031686
dpAGWP,agwp,2030,181,CO2 total,1.4407637561702976e-13,1.7775626681110607e-13,2.3989183399973177e-13,3.3679891194076307e-14,9.581545838270201e-14,23.37641480071724,66.50324036286811
dpAGWP,agwp,2030,182,CO2 total,1.4469293885771062e-13,1.7864977057144832e-13,2.4140638427640633e-13,3.3956831713737704e-14,9.671344541869572e-14,23.46820237519017,66.84047347590514
dpAGWP,agwp,2030,183,CO2 total,1.453086820110923e-13,1.795427587478217e-13,2.429216330974128e-13,3.4234076736729387e-14,9.76129510863205e-14,23.55955354003974,67.17626898499368
dpAGWP,agwp,2030,184,CO2 total,1.4592360015317223e-13,1.804352297434091e-13,2.4443756253900035e-13,3.451162959023686e-14,9.851396238582811e-14,23.650478438039425,67.51064411953965
dpAGWP,agwp,2030,185,CO2 total,1.465376890454141e-13,1.8132718220224024e-13,2.459541566292763e-13,3.4789493156826134e-14,9.941646758386219e-14,23.74098662497972,67.84361636346785
dpAGWP,agwp,2030,186,CO2 total,1.4715094516723688e-13,1.8221861493471436e-13,2.474713962162532e-13,3.506766976747748e-14,1.003204510490163e-13,23.83108700227723,68.17519991801767
dpAGWP,agwp,2030,187,CO2 total,1.4776336413374357e-13,1.8310952605175726e-13,2.489892644939167e-13,3.534616191801369e-14,1.0122590036017313e-13,23.92078856977104,68.50541130652084
dpAGWP,agwp,2030,188,CO2 total,1.4837494206076373e-13,1.8399991378966436e-13,2.505077442201614e-13,3.5624971728900634e-14,1.0213280215939769e-13,24.010099841731495,68.83426590830372
dpAGWP,agwp,2030,189,CO2 total,1.489856757408214e-13,1.8488977640611198e-13,2.52026813499264e-13,3.5904100665290575e-14,1.0304113775844258e-13,24.09902863933718,69.16177494653587
dpAGWP,agwp,2030,190,CO2 total,1.495955626482032e-13,1.857791123901228e-13,2.535464424450206e-13,3.618354974191958e-14,1.0395087979681737e-13,24.18758223932799,69.48794332975886
dpAGWP,agwp,2030,191,CO2 total,1.5020460090860548e-13,1.8666792063686725e-13,2.5506660521612753e-13,3.6463319728261764e-14,1.0486200430752205e-13,24.275767524889925,69.81277781985327
dpAGWP,agwp,2030,192,CO2 total,1.5081278906887822e-13,1.8755620014015336e-13,2.565872759092295e-13,3.6743411071275136e-14,1.0577448684035126e-13,24.363590978013097,70.13628452428038
dpAGWP,agwp,2030,193,CO2 total,1.514201257049625e-13,1.884439496632031e-13,2.5810842669343455e-13,3.70238239582406e-14,1.0668830098847205e-13,24.451058791471613,70.45846811430533
dpAGWP,agwp,2030,194,CO2 total,1.5202660936545496e-13,1.8933116794388168e-13,2.596300423939144e-13,3.730455857842672e-14,1.0760343302845942e-13,24.5381770560644,70.77934150974374
dpAGWP,agwp,2030,195,CO2 total,1.5263223867779857e-13,1.9021785355875523e-13,2.61152106735005e-13,3.7585614880956656e-14,1.0851986805720645e-13,24.624951587258444,71.09891658359815
dpAGWP,agwp,2030,196,CO2 total,1.5323701131615975e-13,1.9110400419946117e-13,2.6267460218195913e-13,3.786699288330142e-14,1.0943759086579938e-13,24.711388298466584,71.41720523379756
dpAGWP,agwp,2030,197,CO2 total,1.5384092529209135e-13,1.919896175579328e-13,2.641975135914286e-13,3.814869226584146e-14,1.1035658829933728e-13,24.79749273050076,71.73422032518839
dpAGWP,agwp,2030,198,CO2 total,1.5444397898098456e-13,1.9287469128364826e-13,2.657208290633417e-13,3.8430712302663707e-14,1.1127685008235716e-13,24.883270009117915,72.04997618978581
dpAGWP,agwp,2030,199,CO2 total,1.550461714701447e-13,1.937592232501975e-13,2.672445346330848e-13,3.871305178005278e-14,1.121983631629401e-13,24.96872474371756,72.36448478480794
dpAGWP,agwp,2030,200,CO2 total,1.5564750288488447e-13,1.946432119068726e-13,2.687686065580661e-13,3.8995709021988135e-14,1.1312110367318162e-13,25.05386099951055,72.67775041456656
dpAGWP,agwp_final,2030,0,CH4 total,0.0,0.0,0.0,0.0,0.0,,
dpAGWP,agwp_final,2030,1,CH4 total,2.1359702114121024e-13,2.0330811854882867e-13,2.0173444987743834e-13,-1.0288902592381562e-14,-1.1862571263771898e-14,-4.816969140023497,-5.553715684044809
dpAGWP,agwp_final,2030,2,CH4 total,4.11167891377485e-13,3.92224338060198e-13,3.8794662991506186e-13,-1.8943553317286978e-14,-2.322126146242314e-14,-4.607255020284471,-5.647634931956339
dpAGWP,agwp_final,2030,3,CH4 total,5.939195668104206e-13,5.678753177773655e-13,5.598724797515493e-13,-2.6044249033055134e-14,-3.404708705887128e-14,-4.3851474995045026,-5.732609087408485
dpAGWP,agwp_final,2030,4,CH4 total,7.629261566647432e-13,7.312476481902853e-13,7.186095253753446e-13,-3.167850847445787e-14,-4.431663128939855e-14,-4.15223782770087,-5.808770731250842
dpAGWP,agwp_final,2030,5,CH4 total,9.191670244053514e-13,8.832270466419146e-13,8.65152921447398e-13,-3.5939977763436783e-14,-5.4014102957953374e-14,-3.910059522281916,-5.876418705609834
dpAGWP,agwp_final,2030,6,CH4 total,1.0635492717172183e-12,1.0246226071382825e-12,1.0004175934439235e-12,-3.8926664578935715e-14,-6.313167827329476e-14,-3.6600715748772314,-5.935942974354321
dpAGWP,agwp_final,2030,7,CH4 total,1.1969193840297693e-12,1.1561805570340345e-12,1.1252504886234673e-12,-4.07388269957348e-14,-7.166889540630195e-14,-3.403640006111018,-5.987779658560482
dpAGWP,agwp_final,2030,8,CH4 total,1.3200678637476321e-12,1.278591001199533e-12,1.2404362282541299e-12,-4.147686254809921e-14,-7.963163549350224e-14,-3.1420250191037655,-6.03238952181068
dpAGWP,agwp_final,2030,9,CH4 total,1.433735284205856e-12,1.392495375958753e-12,1.3467040801318809e-12,-4.123990824710307e-14,-8.703120407397515e-14,-2.87639627073458,-6.070242187153929
dpAGWP,agwp_final,2030,10,CH4 total,1.5386018647682425e-12,1.4984841258724316e-12,1.444757918961704e-12,-4.011773889581088e-14,-9.384394580653861e-14,-2.6074152004133806,-6.099300147453947
dpAGWP,agwp_final,2030,11,CH4 total,1.6352923767054713e-12,1.5971001006970257e-12,1.535272206828907e-12,-3.8192276008445614e-14,-1.0002016987656437e-13,-2.335501378988226,-6.116347834878874
dpAGWP,agwp_final,2030,12,CH4 total,1.7243938372152785e-12,1.6888482134502572e-12,1.6188629778807093e-12,-3.554562376502125e-14,-1.0553085933456917e-13,-2.061340222743073,-6.11988149441492
dpAGWP,agwp_final,2030,13,CH4 total,1.8064569901920884e-12,1.7741984320228352e-12,1.6960932908838929e-12,-3.2258558169253175e-14,-1.1036369930819555e-13,-1.785736297315497,-6.109400882910592
dpAGWP,agwp_final,2030,14,CH4 total,1.881997061462419e-12,1.853587698843237e-12,1.7674773658278372e-12,-2.8409362619181775e-14,-1.145196956345816e-13,-1.5095327830696017,-6.085009269121456
dpAGWP,agwp_final,2030,15,CH4 total,1.9514945756680473e-12,1.9274215892058245e-12,1.833484203260108e-12,-2.4072986462222783e-14,-1.180103724079391e-13,-1.2335666602599689,-6.047179114886399
dpAGWP,agwp_final,2030,16,CH4 total,2.015398787081882e-12,1.9960782008674377e-12,1.8945432170671998e-12,-1.93205862144445e-14,-1.2085557001468244e-13,-0.9586483001916949,-5.996608253876669
dpAGWP,agwp_final,2030,17,CH4 total,2.0741285953439e-12,2.0599095175752474e-12,1.951047163652294e-12,-1.4219077768652457e-14,-1.2308143169160594e-13,-0.6855446571910778,-5.934127323055323
dpAGWP,agwp_final,2030,18,CH4 total,2.1280741815348604e-12,2.1192432957660454e-12,2.0033553997191635e-12,-8.830885768814962e-15,-1.2471878181569683e-13,-0.4149707677222859,-5.860640709702336
dpAGWP,agwp_final,2030,19,CH4 total,2.1775999288018193e-12,2.174386094401083e-12,2.051798093362276e-12,-3.213834400736137e-15,-1.2580183543954316e-13,-0.14758608127363804,-5.777086680415309
dpAGWP,agwp_final,2030,20,CH4 total,2.223042158291137e-12,2.225622278362361e-12,2.0966722376803915e-12,2.5801200712239703e-15,-1.2636992061074536e-13,0.11606257945226378,-5.6845489924440535
dpAGWP,agwp_final,2030,21,CH4 total,2.264710636921908e-12,2.273214691685856e-12,2.1382435627421475e-12,8.504054763947748e-15,-1.2646707417976065e-13,0.3755029285112588,-5.584248694643346
dpAGWP,agwp_final,2030,22,CH4 total,2.302894252760282e-12,2.3174084724283894e-12,2.1767556448024102e-12,1.451421966810739e-14,-1.261386079578718e-13,0.630259928379709,-5.47739470914395
dpAGWP,agwp_final,2030,23,CH4 total,2.337861874251065e-12,2.3584321480512878e-12,2.2124319771220204e-12,2.0570273800222928e-14,-1.2542989712904446e-13,0.8798754976408786,-5.365154310890414
dpAGWP,agwp_final,2030,24,CH4 total,2.3698635250324387e-12,2.396498958920225e-12,2.2454780726899393e-12,2.6635433887786444e-14,-1.243854523424994e-13,1.1239226903339026,-5.248633561748954
dpAGWP,agwp_final,2030,25,CH4 total,2.39913112039723e-12,2.4318076098761364e-12,2.276082903934153e-12,3.2676489478906235e-14,-1.2304821646307699e-13,1.3620134890124682,-5.128865838841838
dpAGWP,agwp_final,2030,26,CH4 total,2.4258793786229095e-12,2.464543130280325e-12,2.304420302383048e-12,3.8663751657415394e-14,-1.2145907623986138e-13,1.5938035500909165,-5.006806080721525
dpAGWP,agwp_final,2030,27,CH4 total,2.4503075942337834e-12,2.4948785887131435e-12,2.3306510460976815e-12,4.457099447936009e-14,-1.1965654813610191e-13,1.818995891954436,-4.883327644973438
dpAGWP,agwp_final,2030,28,CH4 total,2.4726005055906246e-12,2.522975846614883e-12,2.3549239783491187e-12,5.03753410242585e-14,-1.1767652724150595e-13,2.0373425027762604,-4.759221191431279
dpAGWP,agwp_final,2030,29,CH4 total,2.4929291464912734e-12,2.548986242318259e-12,2.3773769864905614e-12,5.6057095826985697e-14,-1.1555216000071203e-13,2.2486437653426474,-4.635196317687103
dpAGWP,agwp_final,2030,30,CH4 total,2.5114508789229823e-12,2.573051116287435e-12,2.398140304404068e-12,6.160023736445284e-14,-1.1331057451891408e-13,2.452774923110169,-4.511757545005479
dpAGWP,agwp_final,2030,31,CH4 total,2.5283108941859816e-12,2.595303154360651e-12,2.417337377749483e-12,6.699226017466928e-14,-1.109735164364987e-13,2.649684432746084,-4.3892353860314275
dpAGWP,agwp_final,2030,32,CH4 total,2.5436435433190115e-12,2.6158667303548845e-12,2.435082338067611e-12,7.222318703587301e-14,-1.0856120525140053e-13,2.8393595960239906,-4.267940983183008
dpAGWP,agwp_final,2030,33,CH4 total,2.5575725698756123e-12,2.6348578077239665e-12,2.4514802746930883e-12,7.728523784835415e-14,-1.0609229518252406e-13,3.0218199381186253,-4.148163631098212
dpAGWP,agwp_final,2030,34,CH4 total,2.570211903707492e-12,2.6523844810222644e-12,2.466628022711461e-12,8.217257731477257e-14,-1.0358388099603078e-13,3.1971129382849663,-4.030168907342333
dpAGWP,agwp_final,2030,35,CH4 total,2.581666518088963e-12,2.6685476359784298e-12,2.48061500914895e-12,8.688111788946657e-14,-1.0105150894001328e-13,3.365311409537856,-3.9141968272035004
dpAGWP,agwp_final,2030,36,CH4 total,2.5920333311517476e-12,2.6834417110205296e-12,2.4935241567112524e-12,9.140837986878204e-14,-9.85091744404952e-14,3.5265125170348606,-3.800459402145245
dpAGWP,agwp_final,2030,37,CH4 total,2.6014015033921456e-12,2.697154735074245e-12,2.5054320893681924e-12,9.57532316820996e-14,-9.596941402395316e-14,3.6808324880738477,-3.6891427139875206
dpAGWP,agwp_final,2030,38,CH4 total,2.6098528891784935e-12,2.709768567284166e-12,2.5164094906548607e-12,9.99156781056724e-14,-9.344339852363285e-14,3.8284026858357896,-3.5804086472109984
dpAGWP,agwp_final,2030,39,CH4 total,2.6174629333998007e-12,2.721359730005854e-12,2.526521976929973e-12,1.0389679660605347e-13,-9.094095646982765e-14,3.9693703120029586,-3.474393287843248
dpAGWP,agwp_final,2030,40,CH4 total,2.6243011614364347e-12,2.731999235965292e-12,2.5358310832656333e-12,1.0769807452885737e-13,-8.847007817080136e-14,4.103876342832081,-3.3711861836153165
dpAGWP,agwp_final,2030,41,CH4 total,2.6304314997125113e-12,2.741752862762965e-12,2.5443943188456307e-12,1.1132136305045351e-13,-8.603718086688057e-14,4.232057100236983,-3.2708390572529207
dpAGWP,agwp_final,2030,42,CH4 total,2.635912649189931e-12,2.7506820215424494e-12,2.5522647533016888e-12,1.1476937235251835e-13,-8.364789588824224e-14,4.354065844624604,-3.17339407715005
dpAGWP,agwp_final,2030,43,CH4 total,2.640798499749541e-12,2.758844031929293e-12,2.5594914124850102e-12,1.1804553217975215e-13,-8.130708726453072e-14,4.470069647152096,-3.0788826664450943
dpAGWP,agwp_final,2030,44,CH4 total,2.6451385360423197e-12,2.76629241094301e-12,2.5661196548458035e-12,1.2115387490069022e-13,-7.901888119651615e-14,4.580246866085198,-2.987324864834676
dpAGWP,agwp_final,2030,45,CH4 total,2.6489781190199374e-12,2.773077011559367e-12,2.5721913849625154e-12,1.2409889253942947e-13,-7.678673405742197e-14,4.684783601962831,-2.8987304012096313
dpAGWP,agwp_final,2030,46,CH4 total,2.652358858016848e-12,2.7792443172188286e-12,2.577745398477462e-12,1.268854592019807e-13,-7.461345953938589e-14,4.783872243322767,-2.813098209311462
dpAGWP,agwp_final,2030,47,CH4 total,2.65531889099922e-12,2.7848376227209513e-12,2.5828176040168924e-12,1.2951873172173116e-13,-7.25012869823278e-14,4.877709120390889,-2.7304173230600153
dpAGWP,agwp_final,2030,48,CH4 total,2.6578931233418376e-12,2.7898971721848823e-12,2.5874411892098013e-12,1.320040488430447e-13,-7.045193413203627e-14,4.966491981328151,-2.6506684378435517
dpAGWP,agwp_final,2030,49,CH4 total,2.6601135375464377e-12,2.7944604242098188e-12,2.591646897185287e-12,1.3434688666338108e-13,-6.846664036115078e-14,5.050419268468377,-2.573823988892638
dpAGWP,agwp_final,2030,50,CH4 total,2.6620095016582362e-12,2.798562259644829e-12,2.595463596677327e-12,1.3655275798659263e-13,-6.654590498090927e-14,5.129687099220732,-2.4998372447377086
dpAGWP,agwp_final,2030,51,CH4 total,2.6636080307151377e-12,2.802235252893178e-12,2.5989184410652723e-12,1.3862722217804042e-13,-6.46895896498654e-14,5.204490322129759,-2.4286452399866523
dpAGWP,agwp_final,2030,52,CH4 total,2.664933890934986e-12,2.805509787648633e-12,2.602036545718514e-12,1.4057589671364682e-13,-6.289734521647202e-14,5.275023789214002,-2.360184071748385
dpAGWP,agwp_final,2030,53,CH4 total,2.6660097474917486e-12,2.808414134480605e-12,2.604841113162884e-12,1.424043869888565e-13,-6.116863432886444e-14,5.341480357408079,-2.294388997880202
dpAGWP,agwp_final,2030,54,CH4 total,2.6668563392650662e-12,2.810974583752015e-12,2.607353596043571e-12,1.4411824448694885e-13,-5.950274322149507e-14,5.404049793198274,-2.2311941721575024
dpAGWP,agwp_final,2030,55,CH4 total,2.6674926309761637e-12,2.8132155550594194e-12,2.6095938259271852e-12,1.4572292408325566e-13,-5.789880504897849e-14,5.462917587514708,-2.1705328958224914
dpAGWP,agwp_final,2030,56,CH4 total,2.667935989961636e-12,2.8151597693360607e-12,2.611580199955165e-12,1.4722377937442472e-13,-5.635579000647112e-14,5.518265053148511,-2.1123366609437095
dpAGWP,agwp_final,2030,57,CH4 total,2.6682022828935317e-12,2.8168282891910238e-12,2.6133297249793467e-12,1.4862600629749206e-13,-5.4872557914185014e-14,5.570267563683912,-2.0565366526363387
dpAGWP,agwp_final,2030,58,CH4 total,2.6683060085054233e-12,2.8182406370546326e-12,2.6148581352939042e-12,1.4993462854920925e-13,-5.344787321151912e-14,5.61909421450469,-2.003063855537935
dpAGWP,agwp_final,2030,59,CH4 total,2.6682604439666117e-12,2.8194149564268905e-12,2.6161800558624595e-12,1.5115451246027877e-13,-5.208038810415218e-14,5.664908491300566,-1.951847999767592
dpAGWP,agwp_final,2030,60,CH4 total,2.6680776795674562e-12,2.8203680243896846e-12,2.6173089130374384e-12,1.5229034482222837e-13,-5.076876653001777e-14,5.707867727708639,-1.9028219050297033
dpAGWP,agwp_final,2030,61,CH4 total,2.6677687567879743e-12,2.821115406286391e-12,2.6182570984280787e-12,1.5334664949841677e-13,-4.951165835989561e-14,5.748123749790367,-1.8559201667654373
dpAGWP,agwp_final,2030,62,CH4 total,2.6673437986048537e-12,2.821671561012735e-12,2.6190361703562346e-12,1.5432776240788137e-13,-4.830762824861904e-14,5.785821928489385,-1.8110761827510276
dpAGWP,agwp_final,2030,63,CH4 total,2.6668120769985597e-12,2.8220499007664358e-12,2.6196568942833075e-12,1.5523782376787612e-13,-4.7155182715252125e-14,5.821100973211168,-1.768222932615645
dpAGWP,agwp_final,2030,64,CH4 total,2.6661820907275362e-12,2.8222628782912242e-12,2.6201293140859674e-12,1.5608078756368799e-13,-4.605277664156878e-14,5.85409331592567,-1.7272930007943343
dpAGWP,agwp_final,2030,65,CH4 total,2.6654616144560814e-12,2.8223220210429816e-12,2.620462764980509e-12,1.5686040658690024e-13,-4.499884947557239e-14,5.884924612538809,-1.6882197526883136
dpAGWP,agwp_final,2030,66,CH4 total,2.664657763057114e-12,2.8222380010916094e-12,2.6206659256225944e-12,1.5758023803449555e-13,-4.399183743451939e-14,5.913713956786203,-1.6509376192478973
dpAGWP,agwp_final,2030,67,CH4 total,2.6637770536909406e-12,2.8220207108524797e-12,2.620746883210422e-12,1.5824365716153913e-13,-4.3030170480518756e-14,5.940574378860876,-1.6153818286292378
dpAGWP,agwp_final,2030,68,CH4 total,2.662825451579209e-12,2.821679307470258e-12,2.620713161563046e-12,1.5885385589104913e-13,-4.211229001616288e-14,5.965612796619457,-1.5814889402979027
dpAGWP,agwp_final,2030,69,CH4 total,2.6618084086571917e-12,2.821222242927231e-12,2.6205717300869748e-12,1.5941383427003926e-13,-4.1236678570216974e-14,5.9889296972526695,-1.5491978474521286
dpAGWP,agwp_final,2030,70,CH4 total,2.6607309260488616e-12,2.82065734555375e-12,2.6203289471822628e-12,1.599264195048882e-13,-4.040197886659886e-14,6.010619786435004,-1.5184541387127442
dpAGWP,agwp_final,2030,71,CH4 total,2.659597595062523e-12,2.8199918687243566e-12,2.6199906283132525e-12,1.6039427366183374e-13,-3.960696674927036e-14,6.030772247636325,-1.4892089999930709
dpAGWP,agwp_final,2030,72,CH4 total,2.658412629828835e-12,2.819232534391378e-12,2.6195622326884074e-12,1.6081990456254293e-13,-3.8850397140427545e-14,6.0494711301795725,-1.4614133526340105
dpAGWP,agwp_final,2030,73,CH4 total,2.657179904101799e-12,2.818385580119173e-12,2.6190488852881695e-12,1.612056760173742e-13,-3.813101881362944e-14,6.066795694507792,-1.4350183348431873
dpAGWP,agwp_final,2030,74,CH4 total,2.6559029798663158e-12,2.8174567959314118e-12,2.6184553945355167e-12,1.6155381606509597e-13,-3.7447585330799045e-14,6.08282069374491,-1.409975651018847
dpAGWP,agwp_final,2030,75,CH4 total,2.654585134246917e-12,2.816451559806867e-12,2.6177862717160374e-12,1.6186642555994993e-13,-3.679886253087968e-14,6.097616666035841,-1.3862377987481347
dpAGWP,agwp_final,2030,76,CH4 total,2.6532293801112815e-12,2.8153748608020017e-12,2.6170457378937804e-12,1.6214548069072017e-13,-3.6183642217501136e-14,6.111250007487837,-1.3637585385091553
dpAGWP,agwp_final,2030,77,CH4 total,2.65183849106437e-12,2.8142313346378567e-12,2.6162377476185495e-12,1.623928435734869e-13,-3.560074344582028e-14,6.123783334493618,-1.3424928993896303
dpAGWP,agwp_final,2030,78,CH4 total,2.6504150172622023e-12,2.8130252773260584e-12,2.6153659842423625e-12,1.6261026006385616e-13,-3.504903301983974e-14,6.135275381582602,-1.3223979184982253
dpAGWP,agwp_final,2030,79,CH4 total,2.648961307526392e-12,2.8117606780072395e-12,2.6144338850788125e-12,1.6279937048084747e-13,-3.452742244757951e-14,6.145781367900387,-1.303432494445203
dpAGWP,agwp_final,2030,80,CH4 total,2.6474795275029767e-12,2.8104412444054146e-12,2.613444659855783e-12,1.629617169024379e-13,-3.403486764719355e-14,6.155353241055598,-1.2855573496839923
dpAGWP,agwp_final,2030,81,CH4 total,2.6459716735048012e-12,2.809070419190305e-12,2.6124012984390096e-12,1.6309874568550394e-13,-3.35703750657916e-14,6.164039748372159,-1.2687352401367529
dpAGWP,agwp_final,2030,82,CH4 total,2.6444395880550452e-12,2.807651401858612e-12,2.6113065867635578e-12,1.6321181380356667e-13,-3.3133001291487426e-14,6.171886646259409,-1.2529309212110369
dpAGWP,agwp_final,2030,83,CH4 total,2.64288497402168e-12,2.806187166707461e-12,2.610163116881479e-12,1.6330219268578062e-13,-3.272185714020138e-14,6.178936816810591,-1.2381112860318133
dpAGWP,agwp_final,2030,84,CH4 total,2.6413094096086857e-12,2.804680489699783e-12,2.60897331743259e-12,1.633710800910973e-13,-3.233609217609563e-14,6.185230685082858,-1.2242447650571264
dpAGWP,agwp_final,2030,85,CH4 total,2.6397143577923014e-12,2.803133961912499e-12,2.60773946509043e-12,1.6341960412019743e-13,-3.19748927018714e-14,6.190806351368706,-1.2113012382375068
dpAGWP,agwp_final,2030,86,CH4 total,2.638101173259456e-12,2.801549997454413e-12,2.6064636890244162e-12,1.6344882419495677e-13,-3.1637484235039986e-14,6.195699613484143,-1.1992521195065042
dpAGWP,agwp_final,2030,87,CH4 total,2.6364711110273267e-12,2.799930843365124e-12,2.6051479766819026e-12,1.6345973233779727e-13,-3.1323134345424056e-14,6.1999439953697655,-1.1880704557850699
dpAGWP,agwp_final,2030,88,CH4 total,2.6348253337284003e-12,2.798278586160907e-12,2.6037941728473773e-12,1.6345325243250668e-13,-3.1031160881022945e-14,6.203570701258316,-1.1777312326473046
dpAGWP,agwp_final,2030,89,CH4 total,2.6331649208754946e-12,2.796595167765466e-12,2.6024039950282727e-12,1.6343024688997133e-13,-3.076092584722186e-14,6.2066088452839026,-1.1682111364674506
dpAGWP,agwp_final,2030,90,CH4 total,2.6314908757235034e-12,2.794882394377241e-12,2.600979039033944e-12,1.633915186537377e-13,-3.051183668955918e-14,6.2090855097042565,-1.1594885990691586
dpAGWP,agwp_final,2030,91,CH4 total,2.629804132295409e-12,2.7931419483980257e-12,2.5995207902217767e-12,1.6333781610261667e-13,-3.028334207363232e-14,6.2110259124145575,-1.1515436340576315
dpAGWP,agwp_final,2030,92,CH4 total,2.6281055611707887e-12,2.79137539713024e-12,2.5980306301367592e-12,1.6326983595945151e-13,-3.0074931034029434e-14,6.212453501552533,-1.1443578019990728
dpAGWP,agwp_final,2030,93,CH4 total,2.6263959753631887e-12,2.789584204778227e-12,2.596509850653588e-12,1.6318822941503817e-13,-2.988612470960081e-14,6.213390172152995,-1.1379138937900646
dpAGWP,agwp_final,2030,94,CH4 total,2.624676135236884e-12,2.7877697415325994e-12,2.5949596624072676e-12,1.6309360629571519e-13,-2.971647282961659e-14,6.213856410935651,-1.132195794775061
dpAGWP,agwp_final,2030,95,CH4 total,2.6229467526163452e-12,2.7859332919408204e-12,2.5933812039365544e-12,1.629865393244752e-13,-2.956554867979076e-14,6.213871446757311,-1.1271882911957565
dpAGWP,agwp_final,2030,96,CH4 total,2.621208493116098e-12,2.784076057145133e-12,2.591775539046301e-12,1.6286756402903478e-13,-2.943295406979717e-14,6.21345323947953,-1.1228772586039963
dpAGWP,agwp_final,2030,97,CH4 total,2.6194619790630673e-12,2.782199158460049e-12,2.590143655338672e-12,1.627371793969817e-13,-2.931832372439537e-14,6.212618495619079,-1.1192498291149844
dpAGWP,agwp_final,2030,98,CH4 total,2.61770779345329e-12,2.7803036452874748e-12,2.588486471490547e-12,1.6259585183418472e-13,-2.922132196274315e-14,6.211382807539708,-1.1162942646166887
dpAGWP,agwp_final,2030,99,CH4 total,2.6159464819610625e-12,2.778390496528949e-12,2.5868048347646634e-12,1.6244401456788666e-13,-2.9141647196399105e-14,6.20976062347076,-1.114000129488615
dpAGWP,agwp_final,2030,100,CH4 total,2.6141785563694535e-12,2.7764606276299905e-12,2.5850995282827536e-12,1.6228207126053696e-13,-2.907902808669994e-14,6.20776537490663,-1.1123581446205657
dpAGWP,agwp_final,2030,101,CH4 total,2.6124044967318957e-12,2.774514892273861e-12,2.583371264734955e-12,1.6211039554196525e-13,-2.903323199694084e-14,6.2054094511307305,-1.1113605122507353
dpAGWP,agwp_final,2030,102,CH4 total,2.6106247539673456e-12,2.7725540884884973e-12,2.5816206938385134e-12,1.6192933452115168e-13,-2.900406012883215e-14,6.20270432489652,-1.111000732095063
dpAGWP,agwp_final,2030,103,CH4 total,2.608839753019438e-12,2.7705789672839566e-12,2.5798484167879145e-12,1.6173921426451844e-13,-2.8991336231523605e-14,6.199660752536584,-1.111273170303749
dpAGWP,agwp_final,2030,104,CH4 total,2.6070498943550063e-12,2.7685902349720255e-12,2.578054986437703e-12,1.6154034061701923e-13,-2.8994907917303356e-14,6.196288800103111,-1.1121731110741477
dpAGWP,agwp_final,2030,105,CH4 total,2.6052555557669413e-12,2.7665885600108938e-12,2.5762409219291058e-12,1.6133300424395252e-13,-2.90146338378355e-14,6.192598030808496,-1.113696265750563
dpAGWP,agwp_final,2030,106,CH4 total,2.603457092149538e-12,2.764574570785464e-12,2.5744067063917387e-12,1.6111747863592588e-13,-2.9050385757799286e-14,6.188597427695634,-1.1158388530925971
dpAGWP,agwp_final,2030,107,CH4 total,2.6016548362744018e-12,2.762548853110462e-12,2.572552779981034e-12,1.608940168360602e-13,-2.9102056293367733e-14,6.18429526441187,-1.1185978972922557
dpAGWP,agwp_final,2030,108,CH4 total,2.5998491016139796e-12,2.7605119585524096e-12,2.570679554662441e-12,1.6066285693843003e-13,-2.916954695153865e-14,6.17969930788256,-1.1219707687430884
dpAGWP,agwp_final,2030,109,CH4 total,2.5980401833031794e-12,2.7584644078529882e-12,2.5687874210107694e-12,1.6042422454980882e-13,-2.925276229241006e-14,6.174816909330614,-1.1259549594501554
dpAGWP,agwp_final,2030,110,CH4 total,2.5962283595616016e-12,2.7564066901914535e-12,2.566876744844295e-12,1.601783306298519e-13,-2.93516147173067e-14,6.169654916522812,-1.1305482666502804
dpAGWP,agwp_final,2030,111,CH4 total,2.594413894995097e-12,2.7543392625949458e-12,2.564947860510633e-12,1.5992536759984863e-13,-2.9466034484464215e-14,6.164219514409857,-1.1357491779282927
dpAGWP,agwp_final,2030,112,CH4 total,2.592597044180217e-12,2.7522625529962757e-12,2.5630010726941667e-12,1.5966550881605875e-13,-2.959597148605022e-14,6.158516194194969,-1.1415569400762204
dpAGWP,agwp_final,2030,113,CH4 total,2.5907780542533963e-12,2.7501769657800665e-12,2.5610366669503366e-12,1.5939891152667023e-13,-2.974138730305975e-14,6.152549859104214,-1.1479712534322262
dpAGWP,agwp_final,2030,114,CH4 total,2.5889571658945092e-12,2.7480828850119382e-12,2.559054912756655e-12,1.5912571911742905e-13,-2.990225313785411e-14,6.146324906941811,-1.1549921926778035
dpAGWP,agwp_final,2030,115,CH4 total,2.5871346124313694e-12,2.7459806739340477e-12,2.5570560602806693e-12,1.588460615026783e-13,-3.0078552150700067e-14,6.139845245756114,-1.1626202983861158
dpAGWP,agwp_final,2030,116,CH4 total,2.585310619234877e-12,2.74387067578834e-12,2.5550403425866104e-12,1.5856005655346292e-13,-3.027027664826661e-14,6.133114348959305,-1.1708564697430865
dpAGWP,agwp_final,2030,117,CH4 total,2.5834854033518527e-12,2.7417532148809452e-12,2.55300797463045e-12,1.5826781152909256e-13,-3.047742872140259e-14,6.126135310219037,-1.1797019902593882
dpAGWP,agwp_final,2030,118,CH4 total,2.581659172792314e-12,2.7396285961702553e-12,2.550959148802678e-12,1.5796942337794128e-13,-3.0700023989635914e-14,6.11891085557518,-1.1891586741262548
dpAGWP,agwp_final,2030,119,CH4 total,2.579832126702186e-12,2.737497107889578e-12,2.54889403968561e-12,1.5766498118739176e-13,-3.093808701657632e-14,6.11144343678423,-1.1992286899738958
dpAGWP,agwp_final,2030,120,CH4 total,2.5780044554610055e-12,2.7353590230001778e-12,2.5468128076478774e-12,1.5735456753917232e-13,-3.119164781312806e-14,6.103735282762875,-1.2099144261389685
dpAGWP,agwp_final,2030,121,CH4 total,2.5761763402326363e-12,2.7332145978509735e-12,2.54471559590564e-12,1.5703825761833718e-13,-3.1460744326996216e-14,6.095788365332016,-1.221218588016192
dpAGWP,agwp_final,2030,122,CH4 total,2.5743479528796995e-12,2.731064072891571e-12,2.542602528981298e-12,1.5671612001187144e-13,-3.1745423898401336e-14,6.087604429563095,-1.2331442555343184
dpAGWP,agwp_final,2030,123,CH4 total,2.5725194561116128e-12,2.728907673897898e-12,2.540473713434165e-12,1.563882177862852e-13,-3.204574267744787e-14,6.079185034529047,-1.2456948615613312
dpAGWP,agwp_final,2030,124,CH4 total,2.5706910041173884e-12,2.7267456138886696e-12,2.5383292436873814e-12,1.5605460977128117e-13,-3.2361760430007056e-14,6.070531601088338,-1.258873990618644
dpAGWP,agwp_final,2030,125,CH4 total,2.5688627430957783e-12,2.7245780953262334e-12,2.5361692080292362e-12,1.5571535223045517e-13,-3.269353506654203e-14,6.061645475180198,-1.2726851660101746
dpAGWP,agwp_final,2030,126,CH4 total,2.5670348110871547e-12,2.7224053098263124e-12,2.533993688470658e-12,1.553704987391577e-13,-3.304112261649671e-14,6.052527923193895,-1.2871318485355325
dpAGWP,agwp_final,2030,127,CH4 total,2.5652073380582857e-12,2.7202274374171347e-12,2.531802758672762e-12,1.5502009935884893e-13,-3.340457938552385e-14,6.043180099281574,-1.3022175201950419
dpAGWP,agwp_final,2030,128,CH4 total,2.5633804463204193e-12,2.7180446468103894e-12,2.529596483550069e-12,1.5466420048997009e-13,-3.378396277035048e-14,6.033603038206107,-1.3179457157381909
dpAGWP,agwp_final,2030,129,CH4 total,2.561554250996976e-12,2.715857096691259e-12,2.5273749204044414e-12,1.5430284569428286e-13,-3.4179330592534776e-14,6.02379768588649,-1.3343199965111776
dpAGWP,agwp_final,2030,130,CH4 total,2.5597288601933295e-12,2.713664935735415e-12,2.5251381196679154e-12,1.5393607554208543e-13,-3.459074052541408e-14,6.01376489267926,-1.3513439279971837
dpAGWP,agwp_final,2030,131,CH4 total,2.557904375411969e-12,2.7114683029135747e-12,2.5228861243078895e-12,1.5356392750160566e-13,-3.501825110407951e-14,6.00350540769817,-1.3690211190338015
dpAGWP,agwp_final,2030,132,CH4 total,2.5560808922209668e-12,2.7092673295638417e-12,2.520618975636374e-12,1.531864373428749e-13,-3.546191658459265e-14,5.993019931766398,-1.3873550204344258
dpAGWP,agwp_final,2030,133,CH4 total,2.5542585000869654e-12,2.7070621383880034e-12,2.518336713745959e-12,1.5280363830103798e-13,-3.59217863410064e-14,5.98230908484147,-1.406348900856486
dpAGWP,agwp_final,2030,134,CH4 total,2.5524372824528368e-12,2.7048528429259096e-12,2.516039373543971e-12,1.524155604730728e-13,-3.639790890886578e-14,5.9713733818605235,-1.4260060044996752
dpAGWP,agwp_final,2030,135,CH4 total,2.550617317753973e-12,2.7026395515217486e-12,2.5137269922710844e-12,1.520222337677757e-13,-3.6890325482888537e-14,5.960213345592889,-1.4463292955045677
dpAGWP,agwp_final,2030,136,CH4 total,2.5487986795378404e-12,2.7004223685295667e-12,2.511399613411063e-12,1.5162368899172635e-13,-3.739906612677752e-14,5.948829548955175,-1.4673213081528624
dpAGWP,agwp_final,2030,137,CH4 total,2.5469814364222763e-12,2.698201394643264e-12,2.5090572889178355e-12,1.5121995822098764e-13,-3.79241475044408e-14,5.9372226298360875,-1.4889840562682912
dpAGWP,agwp_final,2030,138,CH4 total,2.545165651728327e-12,2.6959767253879095e-12,2.5067000761990915e-12,1.5081107365958255e-13,-3.8465575529235454e-14,5.9253932472793025,-1.5113191356764901
dpAGWP,agwp_final,2030,139,CH4 total,2.543351383194859e-12,2.6937484501537193e-12,2.5043280359435375e-12,1.503970669588603e-13,-3.902334725132152e-14,5.91334205539218,-1.5343277971407125
dpAGWP,agwp_final,2030,140,CH4 total,2.541538683122773e-12,2.6915166518866696e-12,2.5019412329564856e-12,1.4997796876389644e-13,-3.959745016628763e-14,5.901069685062571,-1.5580109179229367
dpAGWP,agwp_final,2030,141,CH4 total,2.5397275989229587e-12,2.6892814082166645e-12,2.499539740755814e-12,1.4955380929370586e-13,-4.018785816714478e-14,5.888576765363665,-1.5823688408232264
dpAGWP,agwp_final,2030,142,CH4 total,2.5379181735723278e-12,2.6870427927167674e-12,2.497123645893898e-12,1.4912461914443966e-13,-4.0794527678429865e-14,5.875863954058635,-1.6074012197567513
dpAGWP,agwp_final,2030,143,CH4 total,2.536110445623239e-12,2.6848008743558013e-12,2.4946930443158474e-12,1.4869042873256213e-13,-4.141740130739183e-14,5.862931915649361,-1.6331071613568338
dpAGWP,agwp_final,2030,144,CH4 total,2.5343044494655973e-12,2.6825557179637204e-12,2.492248038506088e-12,1.4825126849812312e-13,-4.205641095950927e-14,5.849781328734379,-1.6594853459053667
dpAGWP,agwp_final,2030,145,CH4 total,2.532500215779486e-12,2.6803073853397048e-12,2.489788738303441e-12,1.478071695602187e-13,-4.2711477476045176e-14,5.836412910816858,-1.6865340113267822
dpAGWP,agwp_final,2030,146,CH4 total,2.5306977715555763e-12,2.6780559348265863e-12,2.4873152565244126e-12,1.4735816327100992e-13,-4.338251503116379e-14,5.822827400698717,-1.7142511254711108
dpAGWP,agwp_final,2030,147,CH4 total,2.528897140396182e-12,2.6758014215528197e-12,2.4848277054177837e-12,1.469042811566376e-13,-4.406943497839838e-14,5.809025555449175,-1.7426345371838403
dpAGWP,agwp_final,2030,148,CH4 total,2.5270983431862292e-12,2.6735438999543328e-12,2.4823262005045994e-12,1.4644555676810355e-13,-4.4772142681629844e-14,5.795008222096387,-1.7716818501483407
dpAGWP,agwp_final,2030,149,CH4 total,2.5253013977709576e-12,2.6712834230034637e-12,2.4798108541215613e-12,1.4598202523250612e-13,-4.549054364939633e-14,5.780776320852714,-1.8013906652706917
dpAGWP,agwp_final,2030,150,CH4 total,2.5235063185430636e-12,2.669020039683647e-12,2.4772817684228365e-12,1.4551372114058325e-13,-4.622455012022713e-14,5.766330762531834,-1.8317588420747322
dpAGWP,agwp_final,2030,151,CH4 total,2.5217131170094514e-12,2.6667537967844746e-12,2.474739041165282e-12,1.4504067977502322e-13,-4.69740758441694e-14,5.751672495840041,-1.8627842924446882
dpAGWP,agwp_final,2030,152,CH4 total,2.5199218018116773e-12,2.6644847389852338e-12,2.4721827619358516e-12,1.445629371735565e-13,-4.77390398758257e-14,5.736802509888369,-1.8944651314776555
dpAGWP,agwp_final,2030,153,CH4 total,2.51813237857025e-12,2.6622129074723755e-12,2.4696130090427034e-12,1.440805289021254e-13,-4.8519369527546664e-14,5.721721785886877,-1.926799795771463
dpAGWP,agwp_final,2030,154,CH4 total,2.516344850062577e-12,2.659938340611885e-12,2.467029854936863e-12,1.4359349054930782e-13,-4.931499512571422e-14,5.706431316269584,-1.959786836231443
dpAGWP,agwp_final,2030,155,CH4 total,2.514559216596571e-12,2.6576610743853915e-12,2.464433367502828e-12,1.4310185778882062e-13,-5.0125849093742796e-14,5.690932106284117,-1.993424881899882
dpAGWP,agwp_final,2030,156,CH4 total,2.5127754763889994e-12,2.655381142227818e-12,2.4618236098906214e-12,1.4260566583881867e-13,-5.095186649837799e-14,5.675225151582229,-2.027712661841109
dpAGWP,agwp_final,2030,157,CH4 total,2.510993625994301e-12,2.6530985761287817e-12,2.45920064435386e-12,1.4210495013448067e-13,-5.179298164044099e-14,5.659311463931338,-2.0626488695259853
dpAGWP,agwp_final,2030,158,CH4 total,2.5092136605183653e-12,2.650813407476569e-12,2.456564535505839e-12,1.4159974695820362e-13,-5.2649125012526134e-14,5.643192095843734,-2.0982320414137083
dpAGWP,agwp_final,2030,159,CH4 total,2.5074355733142798e-12,2.648525665709541e-12,2.4539153484021935e-12,1.4109009239526113e-13,-5.35202249120863e-14,5.6268680996964155,-2.1344606211095707
dpAGWP,agwp_final,2030,160,CH4 total,2.5056593553625716e-12,2.6462353792220078e-12,2.4512531515990798e-12,1.405760238594362e-13,-5.4406203763491846e-14,5.610340589936045,-2.1713328129401375
dpAGWP,agwp_final,2030,161,CH4 total,2.503884993146278e-12,2.6439425758106055e-12,2.448578017125556e-12,1.4005758266432752e-13,-5.5306976020721857e-14,5.5936108506460185,-2.208846499424297
dpAGWP,agwp_final,2030,162,CH4 total,2.502112466730485e-12,2.6416472831701273e-12,2.445890022291546e-12,1.395348164396422e-13,-5.62224444389392e-14,5.576680436829949,-2.2469990932264197
dpAGWP,agwp_final,2030,163,CH4 total,2.5003417486495784e-12,2.63934952806806e-12,2.443189248014922e-12,1.3900777941848153e-13,-5.715250063465659e-14,5.559551189094807,-2.285787559461596
dpAGWP,agwp_final,2030,164,CH4 total,2.4985728039588342e-12,2.6370493348676338e-12,2.4404757735088273e-12,1.3847653090879956e-13,-5.809703045000692e-14,5.542225173082492,-2.3252086294205943
dpAGWP,agwp_final,2030,165,CH4 total,2.4968055914083246e-12,2.634746725428242e-12,2.437749674456839e-12,1.3794113401991744e-13,-5.905591695148581e-14,5.524704626366671,-2.3652589194249316
dpAGWP,agwp_final,2030,166,CH4 total,2.4950400647228373e-12,2.6324417194961056e-12,2.4350110243029843e-12,1.3740165477326829e-13,-6.0029040419853e-14,5.5069919203294075,-2.4059349294064885
dpAGWP,agwp_final,2030,167,CH4 total,2.493276174320048e-12,2.630134336786856e-12,2.4322598990415395e-12,1.368581624668078e-13,-6.101627527850859e-14,5.489089571239775,-2.447232918156313
dpAGWP,agwp_final,2030,168,CH4 total,2.491513867882686e-12,2.627824595697892e-12,2.4294963726900735e-12,1.3631072781520609e-13,-6.201749519261242e-14,5.471000164692816,-2.4891491069770977
dpAGWP,agwp_final,2030,169,CH4 total,2.4897530912686633e-12,2.625512514206946e-12,2.4267205204840203e-12,1.357594229382829e-13,-6.303257078464303e-14,5.452726353242769,-2.531679587252748
dpAGWP,agwp_final,2030,170,CH4 total,2.4879937894271256e-12,2.623198111323412e-12,2.4239324217911563e-12,1.352043218962864e-13,-6.406136763596928e-14,5.434270876030521,-2.574820239029606
dpAGWP,agwp_final,2030,171,CH4 total,2.4862359061491352e-12,2.620881405016188e-12,2.421132155568691e-12,1.3464549886705283e-13,-6.510375058044405e-14,5.4156364862255435,-2.618566903463377
dpAGWP,agwp_final,2030,172,CH4 total,2.4844793845572044e-12,2.6185624128094947e-12,2.4183198031286023e-12,1.340830282522903e-13,-6.61595814286021e-14,5.396825954190286,-2.6629152908182965
dpAGWP,agwp_final,2030,173,CH4 total,2.4827241673027432e-12,2.6162411518588703e-12,2.4154954490739044e-12,1.335169845561271e-13,-6.722871822883883e-14,5.377842062140206,-2.7078609502511424
dpAGWP,agwp_final,2030,174,CH4 total,2.4809701965752245e-12,2.613917638284946e-12,2.4126591780715436e-12,1.3294744170972155e-13,-6.831101850368084e-14,5.358687576869911,-2.753399399879071
dpAGWP,agwp_final,2030,175,CH4 total,2.4792174142079294e-12,2.611591886580839e-12,2.4098110727220783e-12,1.3237447237290944e-13,-6.940634148585108e-14,5.339365221230547,-2.799526216946379
dpAGWP,agwp_final,2030,176,CH4 total,2.4774657621479473e-12,2.6092639108152786e-12,2.406951216863689e-12,1.317981486673313e-13,-7.051454528425834e-14,5.319877702489948,-2.846236923295468
dpAGWP,agwp_final,2030,177,CH4 total,2.4757151825768427e-12,2.6069337242133e-12,2.4040796939729256e-12,1.312185416364575e-13,-7.163548860391706e-14,5.300227690160989,-2.8935270546491307
dpAGWP,agwp_final,2030,178,CH4 total,2.473965617887578e-12,2.604601338132759e-12,2.4011965854158707e-12,1.3063572024518075e-13,-7.276903247170734e-14,5.2804177754388295,-2.9413922305776405
dpAGWP,agwp_final,2030,179,CH4 total,2.472217011162627e-12,2.6022667629179452e-12,2.39830197141319e-12,1.3004975175531815e-13,-7.391503974943701e-14,5.2604504850550615,-2.9898281346537803
dpAGWP,agwp_final,2030,180,CH4 total,2.470469306692535e-12,2.5999300087667992e-12,2.395395930721358e-12,1.2946070207426417e-13,-7.507337597117702e-14,5.240328294043296,-3.038830548017829
dpAGWP,agwp_final,2030,181,CH4 total,2.4687224502756852e-12,2.5975910864091474e-12,2.392478541205838e-12,1.2886863613346214e-13,-7.624390906984712e-14,5.22005364025718,-3.0883953382986764
dpAGWP,agwp_final,2030,182,CH4 total,2.466976389214742e-12,2.595250006819746e-12,2.389549880229935e-12,1.28273617605004e-13,-7.742650898480714e-14,5.199628912777495,-3.1385184440071843
dpAGWP,agwp_final,2030,183,CH4 total,2.465231072417681e-12,2.5929067812100147e-12,2.386610025330806e-12,1.2767570879233382e-13,-7.862104708687478e-14,5.179056447115149,-3.1891958513150733
dpAGWP,agwp_final,2030,184,CH4 total,2.4634864501799457e-12,2.5905614207550547e-12,2.3836590550386065e-12,1.2707497057510902e-13,-7.982739514133918e-14,5.158338523267575,-3.2404235523807396
dpAGWP,agwp_final,2030,185,CH4 total,2.4617424739141483e-12,2.5882139355474824e-12,2.3806970464791934e-12,1.2647146163333404e-13,-8.10454274349549e-14,5.137477334590793,-3.2921976321143536
dpAGWP,agwp_final,2030,186,CH4 total,2.4599990962278245e-12,2.585864334322458e-12,2.3777240736611286e-12,1.2586523809463363e-13,-8.227502256669584e-14,5.116474973004504,-3.3445143411986122
dpAGWP,agwp_final,2030,187,CH4 total,2.45825627130364e-12,2.583512625878242e-12,2.374740211458385e-12,1.2525635457460214e-13,-8.351605984525488e-14,5.095333470182803,-3.3973699495929854
dpAGWP,agwp_final,2030,188,CH4 total,2.4565139548181827e-12,2.5811588184532904e-12,2.3717455344255536e-12,1.2464486363510762e-13,-8.476842039262918e-14,5.07405477549315,-3.4507607915829346
dpAGWP,agwp_final,2030,189,CH4 total,2.4547721039913363e-12,2.5788029194416467e-12,2.3687401151285877e-12,1.240308154503104e-13,-8.603198886274868e-14,5.052640742032326,-3.504683335893584
dpAGWP,agwp_final,2030,190,CH4 total,2.45303067780249e-12,2.5764449355909987e-12,2.365724021613982e-12,1.234142577885087e-13,-8.730665618850818e-14,5.031093125140509,-3.559134297770809
dpAGWP,agwp_final,2030,191,CH4 total,2.4512896371836922e-12,2.5740848729202057e-12,2.3626973165536952e-12,1.2279523573651346e-13,-8.859232062999701e-14,5.009413570466278,-3.6141106822358817
dpAGWP,agwp_final,2030,192,CH4 total,2.449548945251613e-12,2.5717227370536588e-12,2.3596600582309545e-12,1.2217379180204584e-13,-8.988888702065843e-14,4.987603617346637,-3.669609753865327
dpAGWP,agwp_final,2030,193,CH4 total,2.447808567546476e-12,2.569358534170044e-12,2.356612303265596e-12,1.2154996662356806e-13,-9.119626428087999e-14,4.965664727017514,-3.725628935611137
dpAGWP,agwp_final,2030,194,CH4 total,2.4460684720166146e-12,2.5669922712350796e-12,2.3535541096389864e-12,1.20923799218465e-13,-9.251436237762823e-14,4.943598292601012,-3.7821656848941982
dpAGWP,agwp_final,2030,195,CH4 total,2.4443286288556063e-12,2.564623955773957e-12,2.3504855384815603e-12,1.2029532691835052e-13,-9.3843090374046e-14,4.921405636633678,-3.839217413985032
dpAGWP,agwp_final,2030,196,CH4 total,2.442589010185835e-12,2.562253595684055e-12,2.347406653344279e-12,1.1966458549822023e-13,-9.518235684155566e-14,4.899088016821791,-3.896781507025371
dpAGWP,agwp_final,2030,197,CH4 total,2.4408495894655235e-12,2.5598811976746156e-12,2.3443175158716823e-12,1.1903160820909213e-13,-9.65320735938412e-14,4.876646587435019,-3.954855473703276
dpAGWP,agwp_final,2030,198,CH4 total,2.4391103416632726e-12,2.5575067680118896e-12,2.3412181896114574e-12,1.1839642634861695e-13,-9.789215205181518e-14,4.854082422030991,-4.0134368002827125
dpAGWP,agwp_final,2030,199,CH4 total,2.437371243414857e-12,2.555130312766551e-12,2.3381087406602263e-12,1.177590693516941e-13,-9.926250275463054e-14,4.831396516630303,-4.072522929070079
dpAGWP,agwp_final,2030,200,CH4 total,2.4356322730171316e-12,2.552751837192759e-12,2.3349892327725137e-12,1.1711956417562716e-13,-1.0064304024461799e-13,4.808589764272818,-4.132111458678725
dpAGWP,agwp_final,2030,0,N2O total,0.0,0.0,0.0,0.0,0.0,,
dpAGWP,agwp_final,2030,1,N2O total,2.816579779357893e-13,2.846821960428175e-13,2.8456571792559504e-13,3.0242181070282115e-15,2.907739989805759e-15,1.0737200235519886,1.032365570155676
dpAGWP,agwp_final,2030,2,N2O total,5.606020137459848e-13,5.665605929183379e-13,5.663115505572097e-13,5.958579172353023e-15,5.709536811224837e-15,1.062889362907805,1.0184652696969965
dpAGWP,agwp_final,2030,3,N2O total,8.369130893282901e-13,8.457128987151479e-13,8.453150653541864e-13,8.799809386857818e-15,8.401976025896289e-15,1.05146036058781,1.0039245571651592
dpAGWP,agwp_final,2030,4,N2O total,1.1105993668304993e-12,1.1221447192917484e-12,1.1215825820554052e-12,1.1545352461249082e-14,1.0983215224905862e-14,1.0395605117440287,0.9889448484245472
dpAGWP,agwp_final,2030,5,N2O total,1.3816360550353635e-12,1.3958290435605803e-12,1.3950881149634174e-12,1.419298852521673e-14,1.3452059928053832e-14,1.027259564737796,0.9736326639007347
dpAGWP,agwp_final,2030,6,N2O total,1.6499869301856786e-12,1.6667275854895768e-12,1.6657944472126397e-12,1.6740655303898202e-14,1.5807517026961066e-14,1.014593206627056,0.9580389236890618
dpAGWP,agwp_final,2030,7,N2O total,1.9156153702421395e-12,1.9348017363819386e-12,1.933663982264222e-12,1.918636613979903e-14,1.8048612022082583e-14,1.001577166160126,0.9421835041864999
dpAGWP,agwp_final,2030,8,N2O total,2.1784895263066498e-12,2.200017734782296e-12,2.198663856567665e-12,2.152820847564635e-14,2.0174330261015287e-14,0.9882172126916154,0.926069646762006
dpAGWP,agwp_final,2030,9,N2O total,2.4385842678196562e-12,2.462348611495672e-12,2.460767883274714e-12,2.376434367601598e-14,2.2183615455057782e-14,0.9745139419464776,0.9096923878251787
dpAGWP,agwp_final,2030,10,N2O total,2.695881516719977e-12,2.7217745107945242e-12,2.719956902191271e-12,2.5892994074547136e-14,2.4075385471294107e-14,0.9604648391985194,0.8930431594258684
dpAGWP,agwp_final,2030,11,N2O total,2.950369790815157e-12,2.978282244959405e-12,2.9762183868433457e-12,2.7912454144248206e-14,2.5848596028188826e-14,0.9460662941690533,0.8761137708452174
dpAGWP,agwp_final,2030,12,N2O total,3.20204340054006e-12,3.231864526004978e-12,3.229545687111587e-12,2.9821125464918127e-14,2.7502286571527064e-14,0.9313154674883065,0.8588979951642286
dpAGWP,agwp_final,2030,13,N2O total,3.4509015902513868e-12,3.4825190745886152e-12,3.479937155490039e-12,3.1617484337228464e-14,2.903556523865234e-14,0.9162093879044877,0.8413907055673875
dpAGWP,agwp_final,2030,14,N2O total,3.696947704415511e-12,3.73024779653571e-12,3.7273953382160595e-12,3.3300092120199055e-14,3.0447633800548595e-14,0.9007455550541474,0.823588436595491
dpAGWP,agwp_final,2030,15,N2O total,3.940188462787548e-12,3.975056060981283e-12,3.971926223492143e-12,3.486759819373487e-14,3.173776070459554e-14,0.8849220925099417,0.8054883923532472
dpAGWP,agwp_final,2030,16,N2O total,4.180633333882234e-12,4.216952053367452e-12,4.213538641383394e-12,3.631871948521842e-14,3.290530750116038e-14,0.868737260234492,0.7870890574037438
dpAGWP,agwp_final,2030,17,N2O total,4.418294022512529e-12,4.45594629410068e-12,4.452243752392638e-12,3.765227158815063e-14,3.394972988010885e-14,0.8521902661140488,0.7683900099704734
dpAGWP,agwp_final,2030,18,N2O total,4.653184062991149e-12,4.692051211172103e-12,4.6880546315864695e-12,3.886714818095409e-14,3.487056859532082e-14,0.8352806949994065,0.7493915590544123
dpAGWP,agwp_final,2030,19,N2O total,4.88531846821072e-12,4.9252808021661855e-12,4.920985933449208e-12,3.996233395546514e-14,3.566746523848738e-14,0.8180087790694555,0.7300949870633678
dpAGWP,agwp_final,2030,20,N2O total,5.114713469993135e-12,5.155650377126798e-12,5.151053613843119e-12,4.093690713366321e-14,3.634014384998435e-14,0.8003753753525152,0.7105020459735182
dpAGWP,agwp_final,2030,21,N2O total,5.341386293935467e-12,5.3831763464904916e-12,5.378274690327056e-12,4.179005255502439e-14,3.6888396391588704e-14,0.782382143049122,0.6906146524820954
dpAGWP,agwp_final,2030,22,N2O total,5.565354987857359e-12,5.607876086953052e-12,5.6026670459904895e-12,4.252109909569321e-14,3.731205813313053e-14,0.7640321091550654,0.6704344685027097
dpAGWP,agwp_final,2030,23,N2O total,5.786638299297094e-12,5.829767790690396e-12,5.824249308128658e-12,4.3129491393301396e-14,3.76110088315639e-14,0.745328965844303,0.6499630162841269
dpAGWP,agwp_final,2030,24,N2O total,6.0052555607917045e-12,6.048870350886315e-12,6.043040727071615e-12,4.361479009461071e-14,3.7785166279910475e-14,0.7262770027535805,0.6292016367564723
dpAGWP,agwp_final,2030,25,N2O total,6.2212266035721506e-12,6.2652032696861625e-12,6.259061101385402e-12,4.3976666114011946e-14,3.783449781325134e-14,0.7068809563818347,0.6081517395866475
dpAGWP,agwp_final,2030,26,N2O total,6.43457168752114e-12,6.478786582791606e-12,6.472330700985605e-12,4.421489527046547e-14,3.7759013464464996e-14,0.6871458959143069,0.5868147142985878
dpAGWP,agwp_final,2030,27,N2O total,6.645311457141037e-12,6.689640803516575e-12,6.682870201809959e-12,4.432934637553821e-14,3.755874466892211e-14,0.6670770310983993,0.565191637911291
dpAGWP,agwp_final,2030,28,N2O total,6.8534668796415395e-12,6.8977868664549444e-12,6.890700646465882e-12,4.43199868134049e-14,3.7233766824342304e-14,0.6466798131768748,0.543283676396635
dpAGWP,agwp_final,2030,29,N2O total,7.059059189586716e-12,7.103246085730433e-12,7.0958433938709395e-12,4.4186896143716967e-14,3.6784204284223425e-14,0.6259601309038458,0.5210921639315085
dpAGWP,agwp_final,2030,30,N2O total,7.2621098504266474e-12,7.306040111209655e-12,7.298320091674561e-12,4.3930260783007254e-14,3.621024124791339e-14,0.6049242119413322,0.49861874845897636
dpAGWP,agwp_final,2030,31,N2O total,7.462640520640903e-12,7.506190913484847e-12,7.498152661769979e-12,4.355039284394418e-14,3.551214112907575e-14,0.5835788649270754,0.4758656273319449
dpAGWP,agwp_final,2030,32,N2O total,7.660673031800429e-12,7.70372076294159e-12,7.695363263140595e-12,4.3047731141161536e-14,3.469023134016598e-14,0.5619314512245194,0.452835295230098
dpAGWP,agwp_final,2030,33,N2O total,7.856229336902637e-12,7.898652178726077e-12,7.889974266307208e-12,4.2422841823439364e-14,3.3744929404570186e-14,0.5399898603286549,0.42953085962068305
dpAGWP,agwp_final,2030,34,N2O total,8.04933150424505e-12,8.091007924276571e-12,8.082008239313203e-12,4.1676420031521714e-14,3.2676735068153575e-14,0.5177625000230447,0.40595588653443515
dpAGWP,agwp_final,2030,35,N2O total,8.24000169611926e-12,8.280810988256674e-12,8.271487919321909e-12,4.080929213741493e-14,3.148622320264936e-14,0.495258297782082,0.38211428060115843
dpAGWP,agwp_final,2030,36,N2O total,8.428262146201248e-12,8.468084531743311e-12,8.45843618641876e-12,3.9822385542063784e-14,3.0174040217512445e-14,0.47248631866549584,0.3580102243392176
dpAGWP,agwp_final,2030,37,N2O total,8.614135149244727e-12,8.652851871764331e-12,8.642876045918054e-12,3.871672251960421e-14,2.874089667332742e-14,0.4494557126027774,0.3336480816167294
dpAGWP,agwp_final,2030,38,N2O total,8.797643036226371e-12,8.835136475397418e-12,8.824830611988621e-12,3.749343917104705e-14,2.7187575762249986e-14,0.4261759543625374,0.3090324948432066
dpAGWP,agwp_final,2030,39,N2O total,8.978808174511101e-12,9.014961928637238e-12,9.004323084576362e-12,3.6153754126136986e-14,2.551491006526088e-14,0.4026564931943829,0.2841681164064982
dpAGWP,agwp_final,2030,40,N2O total,9.157652943504294e-12,9.192351930256501e-12,9.181376734809746e-12,3.469898675220698e-14,2.3723791305452475e-14,0.37890698595233036,0.2590597334470972
dpAGWP,agwp_final,2030,41,N2O total,9.33419972621299e-12,9.36733030118383e-12,9.356014882522813e-12,3.3130574970840884e-14,2.181515630982381e-14,0.35493749804604197,0.23371212262108423
dpAGWP,agwp_final,2030,42,N2O total,9.508470885516752e-12,9.539920960220794e-12,9.528260881941055e-12,3.145007470404208e-14,1.9789996424303654e-14,0.33075848980035955,0.20813016795842182
dpAGWP,agwp_final,2030,43,N2O total,9.680488750649505e-12,9.710147926901299e-12,9.698138107622047e-12,2.9659176251794095e-14,1.7649356972541722e-14,0.3063809794707332,0.18231886247848336
dpAGWP,agwp_final,2030,44,N2O total,9.850275629051203e-12,9.878035291604242e-12,9.86566992515899e-12,2.7759662553039e-14,1.5394296107786503e-14,0.28181609935023577,0.1562828969210206
dpAGWP,agwp_final,2030,45,N2O total,1.0017853778525619e-11,1.004360718767035e-11,1.0030879687311567e-11,2.575340914473038e-14,1.30259087859478e-14,0.25707511523012716,0.130026940639424
dpAGWP,agwp_final,2030,46,N2O total,1.0183245404156203e-11,1.0206887798792802e-11,1.019379072399359e-11,2.3642394636599137e-14,1.0545319837387192e-14,0.2321695461345722,0.10355558978361862
dpAGWP,agwp_final,2030,47,N2O total,1.0346472639207897e-11,1.0367901316251455e-11,1.0354426332924612e-11,2.1428677043558067e-14,7.95369371671496e-15,0.20711094293483387,0.07687348136962625
dpAGWP,agwp_final,2030,48,N2O total,1.050755755283776e-11,1.0526671939918041e-11,1.0512809761705634e-11,1.9114387080281787e-14,5.252208867874838e-15,0.18191084830289217,0.04998505924391899
dpAGWP,agwp_final,2030,49,N2O total,1.0666522141006804e-11,1.0683223871401745e-11,1.0668964191271687e-11,1.6701730394940118e-14,2.4420502648828915e-15,0.1565808440103576,0.02289453143770804
dpAGWP,agwp_final,2030,50,N2O total,1.082338830147026e-11,1.0837581290100985e-11,1.0822912751614659e-11,1.419298863072608e-14,-4.755498556003062e-16,0.13113258284190074,-0.004393724426718638
dpAGWP,agwp_final,2030,51,N2O total,1.0978177849337046e-11,1.0989768319506374e-11,1.0974678511360495e-11,1.1590470169328055e-14,-3.4993379765507027e-15,0.10557735835941102,-0.03187539885557622
dpAGWP,agwp_final,2030,52,N2O total,1.1130912473362209e-11,1.1139809001344837e-11,1.112428447578046e-11,8.896527982628007e-15,-6.627997581749192e-15,0.07992631335408136,-0.05954586021236708
dpAGWP,agwp_final,2030,53,N2O total,1.1281613735106396e-11,1.1287727295951027e-11,1.127175357319323e-11,6.113560844630949e-15,-9.860161913166866e-15,0.05419048185993662,-0.08740027929234784
dpAGWP,agwp_final,2030,54,N2O total,1.1430303069412685e-11,1.143354706654828e-11,1.1417108638095056e-11,3.2439971355948906e-15,-1.3194431317629084e-14,0.02838067473710104,-0.11543378366700686
dpAGWP,agwp_final,2030,55,N2O total,1.1577001786142605e-11,1.1577292072859764e-11,1.1560372415961809e-11,2.9028671715913205e-16,-1.6629370180796217e-14,0.0025074429677172405,-0.143641423643047
dpAGWP,agwp_final,2030,56,N2O total,1.1721731070365907e-11,1.1718985960560405e-11,1.1701567549949948e-11,-2.7451098055021385e-15,-2.016352041595912e-14,-0.02341897957753135,-0.17201828206872258
dpAGWP,agwp_final,2030,57,N2O total,1.1864511951145306e-11,1.1858652252036253e-11,1.1840716567202707e-11,-5.85969910905334e-15,-2.3795383942599232e-14,-0.049388454688923736,-0.20055931538171876
dpAGWP,agwp_final,2030,58,N2O total,1.2005365321952447e-11,1.1996314341799555e-11,1.1977841877922491e-11,-9.050980152891742e-15,-2.7523444029955438e-14,-0.07539112646860938,-0.22925952931750743
dpAGWP,agwp_final,2030,59,N2O total,1.2144311937644409e-11,1.2131995491285697e-11,1.2112965768979272e-11,-1.2316446358711829e-14,-3.134616866513712e-14,-0.10141740777041344,-0.2581139946510401
dpAGWP,agwp_final,2030,60,N2O total,1.2281372401693138e-11,1.2265718825548092e-11,1.2246110398566121e-11,-1.5653576145045243e-14,-3.5262003127016493e-14,-0.12745787386829183,-0.2871177745750564
dpAGWP,agwp_final,2030,61,N2O total,1.2416567179541676e-11,1.2397507323549064e-11,1.237729779881352e-11,-1.905985599261217e-14,-3.9269380728156005e-14,-0.15350342584234067,-0.3162660029968567
dpAGWP,agwp_final,2030,62,N2O total,1.2549916597548539e-11,1.2527383817568518e-11,1.25065498770985e-11,-2.2532779980020978e-14,-4.33667204500395e-14,-0.17954525677423594,-0.34555385378824444
dpAGWP,agwp_final,2030,63,N2O total,1.268144082896398e-11,1.2655370996102343e-11,1.263388841378145e-11,-2.6069832861636834e-14,-4.755241518253008e-14,-0.20557469149794258,-0.3749764385914413
dpAGWP,agwp_final,2030,64,N2O total,1.2811159900715084e-11,1.2781491392907021e-11,1.2759335056544196e-11,-2.96685078080629e-14,-5.182484417088816e-14,-0.23158330735070198,-0.4045288995885177
dpAGWP,agwp_final,2030,65,N2O total,1.2939093693131174e-11,1.2905767383952366e-11,1.2882911310432412e-11,-3.3326309178807754e-14,-5.618238269876224e-14,-0.25756293268437574,-0.4342064755940915
dpAGWP,agwp_final,2030,66,N2O total,1.306526193166278e-11,1.3028221187980907e-11,1.3004638540462562e-11,-3.704074368187335e-14,-6.062339120021893e-14,-0.2835055575281473,-0.46400440739195775
dpAGWP,agwp_final,2030,67,N2O total,1.3189684190506377e-11,1.3148874866488359e-11,1.3124537970775185e-11,-4.0809324018018795e-14,-6.514621973119213e-14,-0.30940334452732676,-0.4939179649053526
dpAGWP,agwp_final,2030,68,N2O total,1.3312379880379687e-11,1.3267750306743818e-11,1.3242630674646703e-11,-4.462957363586945e-14,-6.974920573298377e-14,-0.33524864852787356,-0.523942423216024
dpAGWP,agwp_final,2030,69,N2O total,1.3433368258519794e-11,1.3384869226585484e-11,1.3358937576155684e-11,-4.849903193430949e-14,-7.443068236411e-14,-0.36103403852976435,-0.5540731180127078
dpAGWP,agwp_final,2030,70,N2O total,1.3552668427117524e-11,1.3500253167646985e-11,1.3473479444998745e-11,-5.2415259470538636e-14,-7.918898211877855e-14,-0.3867523193119739,-0.5843054638622265
dpAGWP,agwp_final,2030,71,N2O total,1.3670299347193613e-11,1.3613923465756584e-11,1.3586276874265887e-11,-5.6375881437029306e-14,-8.402247292772606e-14,-0.4123968320313538,-0.6146352087379499
dpAGWP,agwp_final,2030,72,N2O total,1.3786279848925432e-11,1.3725901244236359e-11,1.3697350270158909e-11,-6.037860468907342e-14,-8.892957876652316e-14,-0.43796154837071305,-0.6450585635939687
dpAGWP,agwp_final,2030,73,N2O total,1.3900628627017634e-11,1.3836207406175815e-11,1.3806719855092035e-11,-6.442122084181935e-14,-9.390877192559913e-14,-0.463441061338827,-0.6755721229979162
dpAGWP,agwp_final,2030,74,N2O total,1.4013364242404854e-11,1.3944862646303818e-11,1.3914405667241256e-11,-6.85015961010362e-14,-9.895857516359819e-14,-0.4888304829310605,-0.706172860790606
dpAGWP,agwp_final,2030,75,N2O total,1.4124505118868093e-11,1.405188745754528e-11,1.4020427564306638e-11,-7.261766132281335e-14,-1.0407755456145507e-13,-0.514125349608233,-0.7368580611183609
dpAGWP,agwp_final,2030,76,N2O total,1.4234069547961887e-11,1.4157302119851825e-11,1.4124805212724832e-11,-7.67674281100622e-14,-1.0926433523705595e-13,-0.5393217157706959,-0.7676254135817471
dpAGWP,agwp_final,2030,77,N2O total,1.4342075681263401e-11,1.426112670552776e-11,1.4227558089412348e-11,-8.094897573564204e-14,-1.1451759185105325e-13,-0.5644160408482184,-0.7984729295541224
dpAGWP,agwp_final,2030,78,N2O total,1.4448541522846526e-11,1.4363381084341062e-11,1.432870548782624e-11,-8.516043850546375e-14,-1.1983603502028515e-13,-0.5894050854254401,-0.8293988346906594
dpAGWP,agwp_final,2030,79,N2O total,1.4553484934703364e-11,1.4464084915749167e-11,1.4428266502552636e-11,-8.94000189541967e-14,-1.2521843215072804e-13,-0.614285989612143,-0.8604017024962847
dpAGWP,agwp_final,2030,80,N2O total,1.465692363815746e-11,1.456325764976762e-11,1.4526260035793625e-11,-9.366598838983798e-14,-1.3066360236383403e-13,-0.63905626243416,-0.8914804060496553
dpAGWP,agwp_final,2030,81,N2O total,1.4758875202401796e-11,1.4660918531969527e-11,1.4622704799753608e-11,-9.795667043226889e-14,-1.3617040264818808e-13,-0.6637136576392206,-0.9226340136410145
dpAGWP,agwp_final,2030,82,N2O total,1.485935705073563e-11,1.475708660025717e-11,1.4717619311100445e-11,-1.0227045047846136e-13,-1.4173773963518668e-13,-0.6882562289153576,-0.9538618605854806
dpAGWP,agwp_final,2030,83,N2O total,1.495838645904597e-11,1.485178068634088e-11,1.481102188995255e-11,-1.0660577270509046e-13,-1.473645690934188e-13,-0.7126823003066713,-0.985163536835226
dpAGWP,agwp_final,2030,84,N2O total,1.5055980549037678e-11,1.494501941700334e-11,1.490293066084202e-11,-1.1096113203433909e-13,-1.5304988819565806e-13,-0.7369904050615376,-1.0165388278576146
dpAGWP,agwp_final,2030,85,N2O total,1.5152156297892132e-11,1.5036821206630597e-11,1.4993363563704353e-11,-1.1533509126153536e-13,-1.5879273418777893e-13,-0.7611793925170902,-1.0479876993472481
dpAGWP,agwp_final,2030,86,N2O total,1.524693052683897e-11,1.5127204266826027e-11,1.50823383522725e-11,-1.1972626001294436e-13,-1.6459217456647158e-13,-0.7852482819554519,-1.0795102284800349
dpAGWP,agwp_final,2030,87,N2O total,1.5340319903886546e-11,1.521618660787288e-11,1.516987259902905e-11,-1.2413329601366485e-13,-1.7044730485749617e-13,-0.8091962670362243,-1.111106586599361
dpAGWP,agwp_final,2030,88,N2O total,1.5432340947001717e-11,1.5303786032134205e-11,1.5255983690816032e-11,-1.2855491486751158e-13,-1.7635725618568438e-13,-0.8330227754104146,-1.1427770860644968
dpAGWP,agwp_final,2030,89,N2O total,1.552301001853339e-11,1.539002013653534e-11,1.5340688832752325e-11,-1.3298988199804992e-13,-1.8232118578106442e-13,-0.8567274120113901,-1.174522116286633
dpAGWP,agwp_final,2030,90,N2O total,1.561234332851786e-11,1.547490631096054e-11,1.5424005051598016e-11,-1.374370175573182e-13,-1.883382769198436e-13,-0.8803099872027067,-1.2063421419628957
dpAGWP,agwp_final,2030,91,N2O total,1.5700356937639006e-11,1.5558461749449047e-11,1.5505949187371192e-11,-1.4189518818995878e-13,-1.9440775026781395e-13,-0.9037704604650648,-1.2382377740836807
dpAGWP,agwp_final,2030,92,N2O total,1.5787066760464684e-11,1.564070344889914e-11,1.5586537906045727e-11,-1.4636331156554409e-13,-2.0052885441895706e-13,-0.9271089670190004,-1.2702097068540843
dpAGWP,agwp_final,2030,93,N2O total,1.5872488551045074e-11,1.5721648203276146e-11,1.5665787700629954e-11,-1.5084034776892869e-13,-2.0670085041512067e-13,-0.9503257619864345,-1.3022586203189361
dpAGWP,agwp_final,2030,94,N2O total,1.5956637909582678e-11,1.5801312606312013e-11,1.5743714887439596e-11,-1.5532530327066449e-13,-2.1292302214308133e-13,-0.9734212441919526,-1.334385246751833
dpAGWP,agwp_final,2030,95,N2O total,1.6039530293274602e-11,1.5879713062701192e-11,1.5820335610418527e-11,-1.5981723057341012e-13,-2.1919468285607504e-13,-0.9963959520711259,-1.3665904103687105
dpAGWP,agwp_final,2030,96,N2O total,1.612118100222243e-11,1.595686578230585e-11,1.589566583862647e-11,-1.6431521991657924e-13,-2.2551516359596026e-13,-1.0192505120681115,-1.3988749556553657
dpAGWP,agwp_final,2030,97,N2O total,1.6201605182613393e-11,1.6032786778759654e-11,1.5969721362349635e-11,-1.6881840385373831e-13,-2.318838202637575e-13,-1.0419856671665118,-1.4312397916757134
dpAGWP,agwp_final,2030,98,N2O total,1.6280817829872085e-11,1.6107491881027048e-11,1.6042517795159384e-11,-1.7332594884503626e-13,-2.3830003471270055e-13,-1.064602224877287,-1.4636858983549774
dpAGWP,agwp_final,2030,99,N2O total,1.6358833787725032e-11,1.6180996719398005e-11,1.6114070575612018e-11,-1.7783706832702647e-13,-2.4476321211301366e-13,-1.0871011383492863,-1.4962143101953485
dpAGWP,agwp_final,2030,100,N2O total,1.6435667747284966e-11,1.625331673715852e-11,1.6184394963728414e-11,-1.8235101012644492e-13,-2.512727835565513e-13,-1.1094834291510167,-1.5288261324098589
dpAGWP,agwp_final,2030,101,N2O total,1.651133425089013e-11,1.6324467198560517e-11,1.625350603082817e-11,-1.8686705232961273e-13,-2.5782822006196127e-13,-1.131750163191922,-1.5615226252721623
dpAGWP,agwp_final,2030,102,N2O total,1.6585847695308143e-11,1.639446317952281e-11,1.6321418663727542e-11,-1.913845157853325e-13,-2.644290315806008e-13,-1.1539025276318675,-1.5943051958411707
dpAGWP,agwp_final,2030,103,N2O total,1.665922232215098e-11,1.64633195709568e-11,1.6388147567578664e-11,-1.9590275119417898e-13,-2.7107475457231625e-13,-1.175941754097947,-1.6271753226552537
dpAGWP,agwp_final,2030,104,N2O total,1.6731472225606875e-11,1.6531051082323463e-11,1.6453707262207578e-11,-2.004211432834121e-13,-2.7776496339929705e-13,-1.1978691449319998,-1.6601346232651808
dpAGWP,agwp_final,2030,105,N2O total,1.6802611350456455e-11,1.659767224252216e-11,1.6518112090021026e-11,-2.0493910793429505e-13,-2.844992604354285e-13,-1.2196860574813435,-1.693184794324841
dpAGWP,agwp_final,2030,106,N2O total,1.6872653494733243e-11,1.6663197404853296e-11,1.6581376224645138e-11,-2.0945608987994722e-13,-2.912772700881058e-13,-1.2413938918696363,-1.7263275760331784
dpAGWP,agwp_final,2030,107,N2O total,1.6941612309856767e-11,1.6727640746251647e-11,1.664351367384937e-11,-2.139715636051196e-13,-2.9809863600739755e-13,-1.2629940981510315,-1.7595647365508498
dpAGWP,agwp_final,2030,108,N2O total,1.700950129569811e-11,1.679101626679551e-11,1.6704538278435974e-11,-2.1848502890259993e-13,-3.049630172621354e-13,-1.2844881522649767,-1.7928980512748125
dpAGWP,agwp_final,2030,109,N2O total,1.707633380343487e-11,1.6853337793170454e-11,1.676446371915314e-11,-2.2299601026441745e-13,-3.1187008428173025e-13,-1.3058775544640748,-1.8263292804629891
dpAGWP,agwp_final,2030,110,N2O total,1.714212304039298e-11,1.6914618982108055e-11,1.6823303516088686e-11,-2.275040582849254e-13,-3.1881952430429403e-13,-1.3271638393263447,-1.8598602025725812
dpAGWP,agwp_final,2030,111,N2O total,1.720688207329547e-11,1.6974873317829655e-11,1.6881071029006027e-11,-2.3200875546581564e-13,-3.2581104428944313e-13,-1.3483486111983403,-1.8934926322014576
dpAGWP,agwp_final,2030,112,N2O total,1.7270623833212433e-11,1.7034114116000935e-11,1.6937779455569983e-11,-2.36509717211498e-13,-3.328443776424496e-13,-1.3694335508406812,-1.927228459474464
dpAGWP,agwp_final,2030,113,N2O total,1.7333361120539216e-11,1.709235452753889e-11,1.6993441829178128e-11,-2.4100659300032663e-13,-3.399192913610881e-13,-1.390420422930814,-1.9610696909689358
dpAGWP,agwp_final,2030,114,N2O total,1.739510659811611e-11,1.714960753808883e-11,1.7048071019933964e-11,-2.4549906002728086e-13,-3.4703557818214723e-13,-1.411311041082487,-1.995018404887103
dpAGWP,agwp_final,2030,115,N2O total,1.745587279195065e-11,1.7205885969463404e-11,1.7101679738036952e-11,-2.4998682248724544e-13,-3.541930539136979e-13,-1.4321072653698574,-2.0290767361516604
dpAGWP,agwp_final,2030,116,N2O total,1.7515672098141155e-11,1.7261202483151035e-11,1.715428053580874e-11,-2.544696149901194e-13,-3.61391562332416e-13,-1.4528110229759605,-2.0632469043010264
dpAGWP,agwp_final,2030,117,N2O total,1.757451678151935e-11,1.7315569581911644e-11,1.720588580331254e-11,-2.58947199607707e-13,-3.686309782068112e-13,-1.4734242928374872,-2.0975312310973386
dpAGWP,agwp_final,2030,118,N2O total,1.763241897009187e-11,1.7368999607132198e-11,1.7256507767969267e-11,-2.634193629596702e-13,-3.7591120212260164e-13,-1.493949091196633,-2.1319321118686134
dpAGWP,agwp_final,2030,119,N2O total,1.7689390655954322e-11,1.7421504744827702e-11,1.7306158498921258e-11,-2.678859111266201e-13,-3.832321570330638e-13,-1.5143874446373236,-2.166451996491277
dpAGWP,agwp_final,2030,120,N2O total,1.7745443698580584e-11,1.7473097025221157e-11,1.73548499100878e-11,-2.7234667335942725e-13,-3.905937884927852e-13,-1.534741412981472,-2.2010933912237305
dpAGWP,agwp_final,2030,121,N2O total,1.780058982818025e-11,1.7523788324093264e-11,1.7402593760301277e-11,-2.7680150408698616e-13,-3.9799606787897404e-13,-1.555013102143276,-2.2358588772654233
dpAGWP,agwp_final,2030,122,N2O total,1.7854840640342453e-11,1.7573590368259654e-11,1.7449401650203694e-11,-2.8125027208279893e-13,-4.054389901387588e-13,-1.575204605564066,-2.270751099411563
dpAGWP,agwp_final,2030,123,N2O total,1.790820759717858e-11,1.7622514730518642e-11,1.7495285021237742e-11,-2.8569286665993755e-13,-4.1292257594083686e-13,-1.595318041236847,-2.305772778767052
dpAGWP,agwp_final,2030,124,N2O total,1.796070203105316e-11,1.767057283128862e-11,1.754025516491748e-11,-2.9012919976454114e-13,-4.2044686613568103e-13,-1.6153555649602236,-2.3409266820904286
dpAGWP,agwp_final,2030,125,N2O total,1.801233513965956e-11,1.7717775946713455e-11,1.7584323223592022e-11,-2.945591929461057e-13,-4.280119160675389e-13,-1.6353193001475153,-2.376215591975869
dpAGWP,agwp_final,2030,126,N2O total,1.8063117993796533e-11,1.7764135203925936e-11,1.76275001886852e-11,-2.9898278987059745e-13,-4.3561780511133405e-13,-1.6552114090893828,-2.4116423602001573
dpAGWP,agwp_final,2030,127,N2O total,1.8113061534872725e-11,1.7809661582627672e-11,1.7669796910060207e-11,-3.033999522450535e-13,-4.432646248125181e-13,-1.6750340722959698,-2.4472098433448664
dpAGWP,agwp_final,2030,128,N2O total,1.8162176574845142e-11,1.7854365921231408e-11,1.771122409354496e-11,-3.0781065361373364e-13,-4.509524813001828e-13,-1.694789456237616,-2.48292091777567
dpAGWP,agwp_final,2030,129,N2O total,1.8210473798170955e-11,1.7898258914704603e-11,1.7751792301531506e-11,-3.122148834663518e-13,-4.586814966394486e-13,-1.7144797380159897,-2.5187784882649136
dpAGWP,agwp_final,2030,130,N2O total,1.8257963761481466e-11,1.7941351116423325e-11,1.7791511959276617e-11,-3.166126450581416e-13,-4.664518022048496e-13,-1.7341070953711402,-2.5547854530685155
dpAGWP,agwp_final,2030,131,N2O total,1.830465689985609e-11,1.7983652942355684e-11,1.7830393351915922e-11,-3.210039575004067e-13,-4.742635479401685e-13,-1.7536737195163181,-2.5909447553966283
dpAGWP,agwp_final,2030,132,N2O total,1.835056352245213e-11,1.8025174668988535e-11,1.7868446633704027e-11,-3.253888534635953e-13,-4.82116888748103e-13,-1.7731818048283814,-2.6272593109101385
dpAGWP,agwp_final,2030,133,N2O total,1.839569381456321e-11,1.8065926439878348e-11,1.790568183363553e-11,-3.29767374684863e-13,-4.900119809276807e-13,-1.7926335261342412,-2.6637319900364713
dpAGWP,agwp_final,2030,134,N2O total,1.844005784180899e-11,1.810591826380733e-11,1.7942108851326335e-11,-3.341395780016573e-13,-4.979489904826539e-13,-1.8120310731567522,-2.7003656645461183
dpAGWP,agwp_final,2030,135,N2O total,1.84836655476622e-11,1.8145160017011436e-11,1.797773745850993e-11,-3.3850553065076296e-13,-5.05928089152268e-13,-1.8313766269893197,-2.7371631879384304
dpAGWP,agwp_final,2030,136,N2O total,1.8526526754920286e-11,1.8183661447253926e-11,1.8012577302731964e-11,-3.4286530766636025e-13,-5.139494521883228e-13,-1.8506723478285094,-2.7741273849499493
dpAGWP,agwp_final,2030,137,N2O total,1.8568651167269297e-11,1.8221432173641966e-11,1.804663791723428e-11,-3.472189936273307e-13,-5.220132500350186e-13,-1.8699203862441491,-2.81126100831257
dpAGWP,agwp_final,2030,138,N2O total,1.8610048371137377e-11,1.8258481688618905e-11,1.8079928718949624e-11,-3.5156668251847197e-13,-5.301196521877537e-13,-1.8891228840851502,-2.8485667614380024
dpAGWP,agwp_final,2030,139,N2O total,1.8650727833289113e-11,1.829481935558544e-11,1.8112459007710855e-11,-3.559084777036723e-13,-5.382688255782578e-13,-1.908281976365674,-2.8860472920392857
dpAGWP,agwp_final,2030,140,N2O total,1.869069890085474e-11,1.833045441741054e-11,1.8144237977656254e-11,-3.6024448344420123e-13,-5.464609231984869e-13,-1.927399747623814,-2.9237051332173394
dpAGWP,agwp_final,2030,141,N2O total,1.872997080973732e-11,1.836539599429688e-11,1.817527471974465e-11,-3.6457481544044117e-13,-5.546960899926694e-13,-1.9464782894958188,-2.9615427361173166
dpAGWP,agwp_final,2030,142,N2O total,1.8768552680270865e-11,1.8399653081636334e-11,1.8205578222361197e-11,-3.6889959863453074e-13,-5.629744579096679e-13,-1.9655196909365888,-2.9995624462905743
dpAGWP,agwp_final,2030,143,N2O total,1.880645351720223e-11,1.8433234558681563e-11,1.8235157376011655e-11,-3.7321895852066763e-13,-5.712961411905762e-13,-1.9845259935866424,-3.037766480894511
dpAGWP,agwp_final,2030,144,N2O total,1.8843682216019463e-11,1.8466149186515142e-11,1.8264020971935427e-11,-3.775330295043212e-13,-5.796612440840361e-13,-2.0034992374440033,-3.0761569710152097
dpAGWP,agwp_final,2030,145,N2O total,1.8880247558801615e-11,1.8498405608137772e-11,1.8292177698244118e-11,-3.8184195066384297e-13,-5.880698605574971e-13,-2.0224414403180613,-3.1147359626825972
dpAGWP,agwp_final,2030,146,N2O total,1.8916158218480472e-11,1.8530012352919264e-11,1.831963614036039e-11,-3.861458655612072e-13,-5.965220781200828e-13,-2.0413545980174517,-3.1535054382094354
dpAGWP,agwp_final,2030,147,N2O total,1.8951422759043102e-11,1.8560977838927056e-11,1.8346404776697462e-11,-3.904449201160467e-13,-6.050179823456407e-13,-2.0602406746994073,-3.1924673415717177
dpAGWP,agwp_final,2030,148,N2O total,1.89860496374659e-11,1.8591310372867666e-11,1.837249198055581e-11,-3.9473926459823407e-13,-6.135576569100911e-13,-2.079101614794475,-3.2316235795535593
dpAGWP,agwp_final,2030,149,N2O total,1.902004720334842e-11,1.862101814770381e-11,1.839790601768142e-11,-3.9902905564461267e-13,-6.221411856670008e-13,-2.097939355136641,-3.2709760339473535
dpAGWP,agwp_final,2030,150,N2O total,1.9053423696895937e-11,1.865010924895903e-11,1.842265504239863e-11,-4.033144479369069e-13,-6.307686544973081e-13,-2.116755782860234,-3.310526572712855
dpAGWP,agwp_final,2030,151,N2O total,1.9086187257339994e-11,1.8678591654647708e-11,1.8446747100035793e-11,-4.0759560269228537e-13,-6.394401573042007e-13,-2.13555278064002,-3.3502770809203426
dpAGWP,agwp_final,2030,152,N2O total,1.911834591865053e-11,1.8706473235204628e-11,1.847019012692027e-11,-4.118726834459029e-13,-6.481557917302626e-13,-2.154332206344841,-3.3902294397653234
dpAGWP,agwp_final,2030,153,N2O total,1.9149907611794692e-11,1.873376175563445e-11,1.8492991948897645e-11,-4.1614585616024346e-13,-6.56915662897047e-13,-2.173095894749557,-3.430385546572787
dpAGWP,agwp_final,2030,154,N2O total,1.9180880166866136e-11,1.8760464879750255e-11,1.851516028641103e-11,-4.204152871158809e-13,-6.657198804551055e-13,-2.191845647636775,-3.470747299725579
dpAGWP,agwp_final,2030,155,N2O total,1.9211271311117448e-11,1.8786590168138127e-11,1.8536702758782868e-11,-4.246811429793203e-13,-6.745685523345799e-13,-2.2105832357568125,-3.5113165672914692
dpAGWP,agwp_final,2030,156,N2O total,1.924108867582468e-11,1.881214507635048e-11,1.8557626883824727e-11,-4.289435994741971e-13,-6.834617919999512e-13,-2.229310444440392,-3.5520952245216857
dpAGWP,agwp_final,2030,157,N2O total,1.9270339792437353e-11,1.8837136963742042e-11,1.8577940081857702e-11,-4.332028286953117e-13,-6.923997105796517e-13,-2.248029009147634,-3.5930851144170486
dpAGWP,agwp_final,2030,158,N2O total,1.9299032096680522e-11,1.886157309240269e-11,1.8597649678808466e-11,-4.3745900427783306e-13,-7.01382417872056e-13,-2.266740643190479,-3.6342880531956596
dpAGWP,agwp_final,2030,159,N2O total,1.932717292848608e-11,1.8885460625974456e-11,1.8616762908788553e-11,-4.4171230251162433e-13,-7.104100196975267e-13,-2.285447044666269,-3.6757058175355914
dpAGWP,agwp_final,2030,160,N2O total,1.9354769528881738e-11,1.8908806633004944e-11,1.863528691626451e-11,-4.4596289587679374e-13,-7.194826126172286e-13,-2.3041498645143528,-3.7173401188972885
dpAGWP,agwp_final,2030,161,N2O total,1.9381829045616563e-11,1.893161808818792e-11,1.865322875703653e-11,-4.502109574286438e-13,-7.286002885800318e-13,-2.322850729768791,-3.7591926276164
dpAGWP,agwp_final,2030,162,N2O total,1.9408358525869747e-11,1.8953901872226626e-11,1.867059539917247e-11,-4.5445665364312127e-13,-7.377631266972769e-13,-2.341551208657692,-3.8012649329097017
dpAGWP,agwp_final,2030,163,N2O total,1.9434364912646374e-11,1.8975664772730492e-11,1.8687393726259007e-11,-4.587001399158817e-13,-7.469711863873668e-13,-2.3602527892094654,-3.843558509603244
dpAGWP,agwp_final,2030,164,N2O total,1.9459855051264347e-11,1.8996913487459862e-11,1.8703630537735478e-11,-4.629415638044854e-13,-7.562245135288693e-13,-2.3789568965695205,-3.8860747499747474
dpAGWP,agwp_final,2030,165,N2O total,1.9484835691440558e-11,1.901765462452968e-11,1.871931254555664e-11,-4.671810669108795e-13,-7.655231458839169e-13,-2.3976649036671436,-3.92881499236969
dpAGWP,agwp_final,2030,166,N2O total,1.9509313486400592e-11,1.9037894702557176e-11,1.8734446376240743e-11,-4.714187838434155e-13,-7.748671101598486e-13,-2.4163781271546463,-3.9717805072945658
dpAGWP,agwp_final,2030,167,N2O total,1.9533294996217292e-11,1.9057640154026864e-11,1.874903857001449e-11,-4.756548421904282e-13,-7.842564262028015e-13,-2.4350978280036255,-4.014972519253286
dpAGWP,agwp_final,2030,168,N2O total,1.9556786689924534e-11,1.9076897325426917e-11,1.876309558404749e-11,-4.798893644976169e-13,-7.936911058770434e-13,-2.4538252224474646,-4.058392201444551
dpAGWP,agwp_final,2030,169,N2O total,1.9579794946312983e-11,1.9095672478394498e-11,1.8776623793502352e-11,-4.841224679184845e-13,-8.031711528106304e-13,-2.4725614810876673,-4.102040675159743
dpAGWP,agwp_final,2030,170,N2O total,1.9602326056623115e-11,1.911397178977281e-11,1.8789629493240474e-11,-4.883542668503037e-13,-8.126965633826409e-13,-2.4913077429670727,-4.1459190150959255
dpAGWP,agwp_final,2030,171,N2O total,1.962438622708279e-11,1.9131801354801286e-11,1.880211889944193e-11,-4.925848722815031e-13,-8.222673276408609e-13,-2.51006511277131,-4.190028254265014
dpAGWP,agwp_final,2030,172,N2O total,1.9645981576286052e-11,1.9149167187241667e-11,1.881409815159999e-11,-4.968143890443849e-13,-8.318834246860618e-13,-2.5288346480181545,-4.234369361774206
dpAGWP,agwp_final,2030,173,N2O total,1.966711813867303e-11,1.916607521931649e-11,1.882557331467198e-11,-5.010429193565394e-13,-8.415448240010498e-13,-2.547617377511444,-4.278943249678522
dpAGWP,agwp_final,2030,174,N2O total,1.9687801867984572e-11,1.9182531304786593e-11,1.8836550375686986e-11,-5.052705631979787e-13,-8.512514922975858e-13,-2.5664143035674654,-4.323750807762106
dpAGWP,agwp_final,2030,175,N2O total,1.9708038634547196e-11,1.9198541217937493e-11,1.8847035246205895e-11,-5.094974166097034e-13,-8.610033883413013e-13,-2.5852263944550025,-4.368792878414627
dpAGWP,agwp_final,2030,176,N2O total,1.9727834226592418e-11,1.92141106557458e-11,1.885703376390861e-11,-5.137235708466179e-13,-8.708004626838075e-13,-2.6040545806804114,-4.414070255669522
dpAGWP,agwp_final,2030,177,N2O total,1.9747194354996927e-11,1.922924523905724e-11,1.8866551693385248e-11,-5.179491159396869e-13,-8.806426616116792e-13,-2.6228997731448493,-4.459583704805321
dpAGWP,agwp_final,2030,178,N2O total,1.9766124652847424e-11,1.9243950512760232e-11,1.8875594726905074e-11,-5.221741400871919e-13,-8.905299259423504e-13,-2.641762860743518,-4.505333956871836
dpAGWP,agwp_final,2030,179,N2O total,1.9784630675913007e-11,1.9258231947060726e-11,1.8884168484806126e-11,-5.263987288522818e-13,-9.004621911068811e-13,-2.660644706869111,-4.551321709548805
dpAGWP,agwp_final,2030,180,N2O total,1.9802717905398624e-11,1.9272094938806502e-11,1.8892278511906295e-11,-5.306229665921216e-13,-9.104393934923294e-13,-2.6795461568811367,-4.597547659072218
dpAGWP,agwp_final,2030,181,N2O total,1.982039174832849e-11,1.928554481367993e-11,1.8899930276789214e-11,-5.348469346485571e-13,-9.204614715392742e-13,-2.6984680294912047,-4.6440125060439295
dpAGWP,agwp_final,2030,182,N2O total,1.983765753789924e-11,1.929858682626519e-11,1.8907129178419484e-11,-5.390707116340486e-13,-9.305283594797547e-13,-2.7174111187481205,-4.690716924122763
dpAGWP,agwp_final,2030,183,N2O total,1.9854520535953053e-11,1.9311226160131962e-11,1.8913880545688313e-11,-5.432943758210914e-13,-9.4063999026474e-13,-2.736376206301636,-4.7376615746595645
dpAGWP,agwp_final,2030,184,N2O total,1.9870985935036966e-11,1.9323467928706017e-11,1.8920189638605638e-11,-5.475180063309489e-13,-9.507962964313278e-13,-2.755364067595423,-4.7848471109572
dpAGWP,agwp_final,2030,185,N2O total,1.9887058855563664e-11,1.9335317177429326e-11,1.892606165115068e-11,-5.51741678134338e-13,-9.609972044129856e-13,-2.7743754475789717,-4.832274150705468
dpAGWP,agwp_final,2030,186,N2O total,1.990274434949997e-11,1.9346778884971697e-11,1.8931501709500386e-11,-5.559654645282722e-13,-9.712426399995828e-13,-2.793411073193231,-4.879943303014813
dpAGWP,agwp_final,2030,187,N2O total,1.9918047402613314e-11,1.9357857963145222e-11,1.8936514873282327e-11,-5.601894394680912e-13,-9.815325293309864e-13,-2.8124716652426107,-4.927855173204408
dpAGWP,agwp_final,2030,188,N2O total,1.9932972932699215e-11,1.9368559255902522e-11,1.8941106138649352e-11,-5.64413676796693e-13,-9.918667940498633e-13,-2.831557935197894,-4.976010339244213
dpAGWP,agwp_final,2030,189,N2O total,1.9947525791119327e-11,1.9378887542631198e-11,1.894528043831018e-11,-5.686382484881288e-13,-1.002245352809146e-12,-2.8506705766049816,-5.024409359356976
dpAGWP,agwp_final,2030,190,N2O total,1.9961710766536754e-11,1.93888475394233e-11,1.8949042636150164e-11,-5.728632271134548e-13,-1.0126681303865901e-12,-2.8698102773525127,-5.07305281711725
dpAGWP,agwp_final,2030,191,N2O total,1.9975532584436427e-11,1.9398443898289163e-11,1.8952397528703414e-11,-5.770886861472636e-13,-1.0231350557330131e-12,-2.888977721659806,-5.121941311993704
dpAGWP,agwp_final,2030,192,N2O total,1.9988995906526654e-11,1.9407681210570473e-11,1.89553498473779e-11,-5.813146959561813e-13,-1.0336460591487548e-12,-2.9081735704712153,-5.171075445621842
dpAGWP,agwp_final,2030,193,N2O total,2.0002105335257797e-11,1.9416564005969455e-11,1.8957904257931575e-11,-5.855413292883421e-13,-1.0442010773262223e-12,-2.9273984886791187,-5.220455846143379
dpAGWP,agwp_final,2030,194,N2O total,2.0014865414026228e-11,1.942509675263186e-11,1.896006536399803e-11,-5.897686613943696e-13,-1.0548000500281976e-12,-2.946653146021483,-5.270083151740824
dpAGWP,agwp_final,2030,195,N2O total,2.0027280626284496e-11,1.943328385931064e-11,1.8961837711831102e-11,-5.939967669738559e-13,-1.0654429144533935e-12,-2.9659382022853062,-5.3199579829878125
dpAGWP,agwp_final,2030,196,N2O total,2.0039355396441642e-11,1.9441129677300153e-11,1.8963225790735725e-11,-5.982257191414892e-13,-1.0761296057059173e-12,-2.985254302379982,-5.37008094530328
dpAGWP,agwp_final,2030,197,N2O total,2.0051094089931447e-11,1.944863849825798e-11,1.8964234032358918e-11,-6.024555916734664e-13,-1.0868600575725296e-12,-3.004602087902956,-5.420452633147289
dpAGWP,agwp_final,2030,198,N2O total,2.0062501016553938e-11,1.945581455634512e-11,1.896486681501509e-11,-6.066864602088176e-13,-1.0976342015388492e-12,-3.023982202957794,-5.4710736245355
dpAGWP,agwp_final,2030,199,N2O total,2.007358043085035e-11,1.9462662029442798e-11,1.8965128464447408e-11,-6.109184014075531e-13,-1.1084519664029428e-12,-3.0433952902027133,-5.521944479318715
dpAGWP,agwp_final,2030,200,N2O total,2.0084336530557615e-11,1.9469185038405353e-11,1.8965023250534273e-11,-6.151514921522624e-13,-1.1193132800233421e-12,-3.0628419874180604,-5.57306574862628
dpRF,rf,2040,0,CO2 total,1.6095774980581884e-15,1.5098013937146256e-15,1.447154695677664e-15,-9.977610434356274e-17,-1.6242280238052433e-16,-6.198900299235898,-10.091020940369317
dpRF,rf,2040,1,CO2 total,1.4876177645534536e-15,1.4056597901535645e-15,1.355062113807435e-15,-8.195797439988908e-17,-1.3255565074601858e-16,-5.509343619897606,-8.910598804647144
dpRF,rf,2040,2,CO2 total,1.4037009934986253e-15,1.3332616282497896e-15,1.2905009741340104e-15,-7.043936524883565e-17,-1.1320001936461488e-16,-5.018117503306066,-8.064396897124926
dpRF,rf,2040,3,CO2 total,1.3432023491452662e-15,1.281006413838064e-15,1.2438187658528695e-15,-6.21959353072022e-17,-9.938358329239677e-17,-4.630421868066266,-7.399003088078169
dpRF,rf,2040,4,CO2 total,1.2976205834478894e-15,1.2419855632796635e-15,1.2091738247343611e-15,-5.563502016822593e-17,-8.844675871352828e-17,-4.287464369623276,-6.816072420685377
dpRF,rf,2040,5,CO2 total,1.2616601705377563e-15,1.211766235271056e-15,1.182736985665165e-15,-4.9893935266700254e-17,-7.89231848725912e-17,-3.954625534816876,-6.255502608039995
dpRF,rf,2040,6,CO2 total,1.2320871804806827e-15,1.1875592312779626e-15,1.1620466601267733e-15,-4.4527949202720105e-17,-7.004052035390938e-17,-3.6140258504554934,-5.684704902666383
dpRF,rf,2040,7,CO2 total,1.2068916673785098e-15,1.1675777592605058e-15,1.1454913038870502e-15,-3.9313908118004015e-17,-6.140036349145962e-17,-3.257451284206625,-5.08747927846974
dpRF,rf,2040,8,CO2 total,1.1848180937167254e-15,1.150668609105304e-15,1.1320061307602469e-15,-3.4149484611421383e-17,-5.281196295647851e-17,-2.8822554949592187,-4.4573899771237935
dpRF,rf,2040,9,CO2 total,1.1650184344045513e-15,1.1360328055550906e-15,1.1208388207304626e-15,-2.898562884946067e-17,-4.4179613674088635e-17,-2.4879974422272055,-3.7921815114169535
dpRF,rf,2040,10,CO2 total,1.1469373011295752e-15,1.1231170653479456e-15,1.1114691650894468e-15,-2.3820235781629632e-17,-3.546813604012839e-17,-2.076855967468316,-3.092421530383323
dpRF,rf,2040,11,CO2 total,1.1302521363785439e-15,1.1115669826983437e-15,1.1035546745072531e-15,-1.8685153680200205e-17,-2.669746187129076e-17,-1.6531845487210988,-2.362080195382993
dpRF,rf,2040,12,CO2 total,1.114695957795765e-15,1.1011058591650872e-15,1.0968275143172698e-15,-1.359009863067776e-17,-1.7868443478495096e-17,-1.2191753756379677,-1.602988093168358
dpRF,rf,2040,13,CO2 total,1.1001082666549666e-15,1.0915529888449416e-15,1.0910991479216922e-15,-8.555277810025045e-18,-9.009118733274456e-18,-0.7776759860225908,-0.8189301913590691
dpRF,rf,2040,14,CO2 total,1.0863454888394547e-15,1.0827625293455184e-15,1.0862227757053795e-15,-3.582959493936273e-18,-1.2271313407514914e-19,-0.3298176805395452,-0.011295958360930265
dpRF,rf,2040,15,CO2 total,1.0733373678565295e-15,1.0746480854475927e-15,1.0820982410846387e-15,1.310717591063228e-18,8.760873228109158e-18,0.12211608673242695,0.8162273568845135
dpRF,rf,2040,16,CO2 total,1.0610004040587385e-15,1.0671227577450503e-15,1.0786339173466474e-15,6.122353686311866e-18,1.7633513287908958e-17,0.5770359429545443,1.6619704592433635
dpRF,rf,2040,17,CO2 total,1.0492657286827022e-15,1.0601194412719921e-15,1.0757604057933561e-15,1.0853712589289875e-17,2.6494677110653863e-17,1.0344102825998271,2.5250683774754115
dpRF,rf,2040,18,CO2 total,1.0380712727229754e-15,1.0535771775342265e-15,1.0734160029852135e-15,1.5505904811251102e-17,3.5344730262238107e-17,1.493722562091272,3.404846198038501
dpRF,rf,2040,19,CO2 total,1.0273699704678122e-15,1.0474483858326009e-15,1.071549409703575e-15,2.0078415364788622e-17,4.417943923576276e-17,1.9543510071299757,4.300246309092107
dpRF,rf,2040,20,CO2 total,1.0171438815973014e-15,1.0417040870885394e-15,1.0701247249137622e-15,2.4560205491237995e-17,5.2980843316460753e-17,2.4146245123815877,5.208785529266592
dpRF,rf,2040,21,CO2 total,1.0073398133335218e-15,1.0362942539520176e-15,1.0691016474797427e-15,2.895444061849574e-17,6.176183414622088e-17,2.8743468922050006,6.131181685536343
dpRF,rf,2040,22,CO2 total,9.9794437750414e-16,1.0311960103403061e-15,1.0684500217036542e-15,3.325163283616617e-17,7.050564419951427e-17,3.332012643763628,7.065087572901504
dpRF,rf,2040,23,CO2 total,9.889221798537964e-16,1.0263794128322146e-15,1.068142566535633e-15,3.745723297841823e-17,7.922038668183672e-17,3.787682564057362,8.010780655516166
dpRF,rf,2040,24,CO2 total,9.802718061221098e-16,1.0218360128364791e-15,1.0681591405179096e-15,4.156420671436934e-17,8.788733439579982e-17,4.240069586291029,8.9656087063726
dpRF,rf,2040,25,CO2 total,9.719541611082723e-16,1.0175378849393827e-15,1.0684802327696099e-15,4.5583723831110445e-17,9.652607166133764e-17,4.689904694593162,9.931134154647133
dpRF,rf,2040,26,CO2 total,9.639449904874e-16,1.0134645894180122e-15,1.0690862512619188e-15,4.9519598930612206e-17,1.0514126077451876e-16,5.137181002992047,10.907392207241633
dpRF,rf,2040,27,CO2 total,9.562437826310961e-16,1.0096093571075042e-15,1.0699574746347852e-15,5.3365574476408095e-17,1.137136920036891e-16,5.580749955787759,11.891705239725262
dpRF,rf,2040,28,CO2 total,9.488274243587838e-16,1.0059572139150208e-15,1.071082801200537e-15,5.712978955623699e-17,1.2225537684175314e-16,6.021093835356331,12.884890729668058
dpRF,rf,2040,29,CO2 total,9.41679643481424e-16,1.0024928920126578e-15,1.0724459336727433e-15,6.081324853123379e-17,1.307662901913193e-16,6.457955096746596,13.886494318584989
dpRF,rf,2040,30,CO2 total,9.347849805295963e-16,9.991984603556611e-16,1.0740306850871623e-15,6.441347982606481e-17,1.39245704557566e-16,6.890726869570772,14.89601431964357
dpRF,rf,2040,31,CO2 total,9.281136807088964e-16,9.960469334670599e-16,1.0758216286997043e-15,6.793325275816351e-17,1.4770794799080792e-16,7.319496972210976,15.91485515847456
dpRF,rf,2040,32,CO2 total,9.216661580972688e-16,9.930297996062852e-16,1.0778007356212543e-15,7.136364150901634e-17,1.561345775239855e-16,7.742894852116825,16.940469838484372
dpRF,rf,2040,33,CO2 total,9.154209560191008e-16,9.901294419177833e-16,1.0799561908829233e-15,7.470848589868243e-17,1.6453523486382247e-16,8.161107237873152,17.973723867906443
dpRF,rf,2040,34,CO2 total,9.093666532823962e-16,9.873354270323199e-16,1.0822773512348477e-15,7.796877374992366e-17,1.7291069795245152e-16,8.573964469501073,19.0144093505434
dpRF,rf,2040,35,CO2 total,9.035024600386474e-16,9.846427190141823e-16,1.08474877385838e-15,8.114025897553487e-17,1.8124631381973255e-16,8.980635091138996,20.060411768218064
dpRF,rf,2040,36,CO2 total,8.978023715702786e-16,9.820374267299684e-16,1.0873698794745794e-15,8.423505515968977e-17,1.8956750790430078e-16,9.382360509068446,21.114614296768064
dpRF,rf,2040,37,CO2 total,8.922740402876753e-16,9.79518012528206e-16,1.0901219454877021e-15,8.724397224053072e-17,1.9784790520002676e-16,9.777710468008534,22.173446303137904
dpRF,rf,2040,38,CO2 total,8.869012048312526e-16,9.770779652455096e-16,1.0930040498096038e-15,9.01767604142569e-17,2.061028449783511e-16,10.167621818871527,23.238534783315075
dpRF,rf,2040,39,CO2 total,8.8168159869400465e-16,9.747134538460373e-16,1.0960054443239165e-15,9.303185515203264e-17,2.1432384562991184e-16,10.551638515518135,24.30853110095301
dpRF,rf,2040,40,CO2 total,8.766083107291796e-16,9.724168011431162e-16,1.0991091864999054e-15,9.580849041393657e-17,2.225008757707258e-16,10.92945266903085,25.382017606660074
dpRF,rf,2040,41,CO2 total,8.716609516559975e-16,9.701736229967497e-16,1.1023021592021684e-15,9.851267134075224e-17,2.3064120754617086e-16,11.301718994477849,26.4599678473602
dpRF,rf,2040,42,CO2 total,8.668360082949173e-16,9.679768811231742e-16,1.1055691051517485e-15,1.011408728282569e-16,2.387330968568312e-16,11.667820886583021,27.540745258889704
dpRF,rf,2040,43,CO2 total,8.621206144050868e-16,9.658187438069153e-16,1.10890342091941e-15,1.036981294018285e-16,2.4678280651432316e-16,12.028262364818433,28.625090548915548
dpRF,rf,2040,44,CO2 total,8.575153475173323e-16,9.636957230242589e-16,1.1122918679282247e-15,1.0618037550692657e-16,2.547765204108924e-16,12.382329460847396,29.711015802634694
dpRF,rf,2040,45,CO2 total,8.530130054107422e-16,9.616020644784834e-16,1.1157263356880129e-15,1.0858905906774117e-16,2.627133302772707e-16,12.730059023596416,30.798279582005804
dpRF,rf,2040,46,CO2 total,8.48594692401173e-16,9.59528769125396e-16,1.1192090556596949e-15,1.1093407672422311e-16,2.706143632585219e-16,13.072680953297672,31.889707263286653
dpRF,rf,2040,47,CO2 total,8.442772693388014e-16,9.574816247581789e-16,1.1227218875570203e-15,1.1320435541937744e-16,2.784446182182189e-16,13.408433405773652,32.98023390304986
dpRF,rf,2040,48,CO2 total,8.4004095142131e-16,9.55449274156713e-16,1.1262683427849164e-15,1.1540832273540294e-16,2.862273913636064e-16,13.738416268889923,34.073028330264506
dpRF,rf,2040,49,CO2 total,8.358790484718108e-16,9.534286893534577e-16,1.1298451308573162e-15,1.175496408816469e-16,2.9396608238550536e-16,14.062996446262899,35.16849512174596
dpRF,rf,2040,50,CO2 total,8.318043755810177e-16,9.514271048333227e-16,1.1334313623341599e-15,1.1962272925230497e-16,3.0162698675314217e-16,14.381113247781146,36.26176966699109
dpRF,rf,2040,51,CO2 total,8.278036121918318e-16,9.494472008901863e-16,1.1370301004869126e-15,1.2164358869835454e-16,3.092264882950808e-16,14.694740021279994,37.355054235185186
dpRF,rf,2040,52,CO2 total,8.238734023373079e-16,9.474920366094478e-16,1.1406355958772515e-15,1.236186342721399e-16,3.1676219353994364e-16,15.004566711516235,38.44792083848045
dpRF,rf,2040,53,CO2 total,8.200049533465456e-16,9.455590810220526e-16,1.1442466542241855e-15,1.2555412767550704e-16,3.242417008776399e-16,15.31138649383818,39.54143198213229
dpRF,rf,2040,54,CO2 total,8.161922862702054e-16,9.43647090769668e-16,1.1478611862853805e-15,1.2745480449946248e-16,3.3166890001517505e-16,15.615781555826636,40.63612283458583
dpRF,rf,2040,55,CO2 total,8.124371740457309e-16,9.417547181411154e-16,1.1514761429926172e-15,1.2931754409538455e-16,3.3903896894688634e-16,15.917236215499104,41.73109992721755
dpRF,rf,2040,56,CO2 total,8.087321199366521e-16,9.398789384599814e-16,1.1550886157756519e-15,1.3114681852332925e-16,3.4635649583899973e-16,16.216348441014308,42.827097786858
dpRF,rf,2040,57,CO2 total,8.050702081938928e-16,9.380153689165607e-16,1.1587010771789595e-15,1.3294516072266789e-16,3.536308689850667e-16,16.513486571676665,43.92546952872691
dpRF,rf,2040,58,CO2 total,8.014551063738908e-16,9.361640282418242e-16,1.1623057195408452e-15,1.3470892186793336e-16,3.608506131669544e-16,16.80804336969183,45.02443247252981
dpRF,rf,2040,59,CO2 total,7.978851769108995e-16,9.343241631139002e-16,1.1658992853262703e-15,1.3643898620300074e-16,3.680141084153708e-16,17.10007782463629,46.12369286520374
dpRF,rf,2040,60,CO2 total,7.943644029708744e-16,9.324991600457476e-16,1.1694867985719119e-15,1.3813475707487326e-16,3.751223956010375e-16,17.389343802196787,47.22296142653203
dpRF,rf,2040,61,CO2 total,7.909076451911095e-16,9.307026411843356e-16,1.173061754409224e-15,1.397949959932261e-16,3.8215410921811455e-16,17.675261687405612,48.31842397044644
dpRF,rf,2040,62,CO2 total,7.87514524827709e-16,9.289399654547531e-16,1.176624607365238e-15,1.4142544062704418e-16,3.891100825375291e-16,17.958454881576312,49.409892804536895
dpRF,rf,2040,63,CO2 total,7.841834776393763e-16,9.27213608410259e-16,1.1801734014243282e-15,1.4303013077088272e-16,3.9598992378495193e-16,18.23937061278639,50.49710113467304
dpRF,rf,2040,64,CO2 total,7.809078532820542e-16,9.255220932191196e-16,1.1837125457496212e-15,1.446142399370654e-16,4.0280469246756697e-16,18.51873295027967,51.58159067995426
dpRF,rf,2040,65,CO2 total,7.776880047278021e-16,9.238675340005957e-16,1.1872378540717948e-15,1.4617952927279363e-16,4.095498493439928e-16,18.7966804662183,52.662487636971974
dpRF,rf,2040,66,CO2 total,7.745207358857498e-16,9.222487861491597e-16,1.1907435361522986e-15,1.4772805026340992e-16,4.162228002665489e-16,19.073479045653517,53.73940050688923
dpRF,rf,2040,67,CO2 total,7.714056552526512e-16,9.206664829394895e-16,1.194229811078423e-15,1.4926082768683829e-16,4.228241558257719e-16,19.349200601589096,54.81216697682729
dpRF,rf,2040,68,CO2 total,7.683402829719253e-16,9.191190833011957e-16,1.1976910909616981e-15,1.5077880032927042e-16,4.293508079897728e-16,19.623961371133756,55.88029386264276
dpRF,rf,2040,69,CO2 total,7.653250015992935e-16,9.17606505322248e-16,1.2011250536150422e-15,1.522815037229546e-16,4.3580005201574875e-16,19.897625636786092,56.943135413721095
dpRF,rf,2040,70,CO2 total,7.623569898081431e-16,9.161278565736915e-16,1.204530531700063e-15,1.5377086676554838e-16,4.4217354189192e-16,20.170454107628345,58.00085101904799
dpRF,rf,2040,71,CO2 total,7.594336309088353e-16,9.146807823682979e-16,1.2079049061439758e-15,1.5524715145946252e-16,4.484712752351404e-16,20.442490974974856,59.05338623184786
dpRF,rf,2040,72,CO2 total,7.565583642041412e-16,9.132664639264514e-16,1.2112487101203212e-15,1.567080997223102e-16,4.546903459161799e-16,20.713286262740443,60.09983729338446
dpRF,rf,2040,73,CO2 total,7.5373005344726e-16,9.118839440976072e-16,1.2145586622162639e-15,1.581538906503472e-16,4.608286087690038e-16,20.98282932026055,61.13974182949956
dpRF,rf,2040,74,CO2 total,7.509423311213772e-16,9.105298060811988e-16,1.2178445090766463e-15,1.595874749598216e-16,4.66902177955269e-16,21.251628566671783,62.17550384435607
dpRF,rf,2040,75,CO2 total,7.481942473800136e-16,9.092023951201642e-16,1.22110584899593e-15,1.6100814774015062e-16,4.729116016159163e-16,21.519565046638665,63.20706197246674
dpRF,rf,2040,76,CO2 total,7.454794180456429e-16,9.078985568904875e-16,1.2243535379503157e-15,1.624191388448446e-16,4.788741199046728e-16,21.787206314916702,64.23706789385206
dpRF,rf,2040,77,CO2 total,7.428081959848114e-16,9.066189151630003e-16,1.2275752758683698e-15,1.6381071917818893e-16,4.847670798835584e-16,22.052896032065114,65.26140698284254
dpRF,rf,2040,78,CO2 total,7.401722654256665e-16,9.05361919009935e-16,1.2307808774896477e-15,1.651896535842685e-16,4.906086120639811e-16,22.31773079058419,66.28303098898694
dpRF,rf,2040,79,CO2 total,7.375779008285827e-16,9.04129632651967e-16,1.2339606969122991e-15,1.6655173182338424e-16,4.963827960837164e-16,22.580900490142504,67.29903316328868
dpRF,rf,2040,80,CO2 total,7.350210415842405e-16,9.029199959763937e-16,1.2371221702501674e-15,1.678989543921532e-16,5.021011286659269e-16,22.84274121326775,68.31112311883132
dpRF,rf,2040,81,CO2 total,7.325030968760175e-16,9.017338700995638e-16,1.2402655122254856e-15,1.6923077322354623e-16,5.077624153494681e-16,23.10307955628889,69.31880800435869
dpRF,rf,2040,82,CO2 total,7.300238031866238e-16,9.00570972336131e-16,1.243392001571663e-15,1.7054716914950726e-16,5.133681983850392e-16,23.36186414813497,70.32211773700226
dpRF,rf,2040,83,CO2 total,7.275787865363451e-16,8.994297075725375e-16,1.2465062525377623e-15,1.7185092103619242e-16,5.189274660014172e-16,23.619561787156073,71.32251181645674
dpRF,rf,2040,84,CO2 total,7.251693911811942e-16,8.983099925678322e-16,1.2496077637932278e-15,1.7314060138663799e-16,5.244383726120336e-16,23.875883826896974,72.31943032755433
dpRF,rf,2040,85,CO2 total,7.227903375314398e-16,8.972094130445039e-16,1.2527008165696499e-15,1.7441907551306414e-16,5.299104790382101e-16,24.131351300124056,73.31454939589037
dpRF,rf,2040,86,CO2 total,7.204452524283835e-16,8.961282821640564e-16,1.2557716119144157e-15,1.756830297356729e-16,5.353263594860322e-16,24.385340751917415,74.30493263459277
dpRF,rf,2040,87,CO2 total,7.181308547573719e-16,8.950657871897816e-16,1.2588211263948262e-15,1.769349324324097e-16,5.406902716374543e-16,24.638257952610747,75.2913299930738
dpRF,rf,2040,88,CO2 total,7.158485264354118e-16,8.940215749728336e-16,1.2618468415388769e-15,1.7817304853742184e-16,5.459983151034651e-16,24.88976954728672,76.27288384908458
dpRF,rf,2040,89,CO2 total,7.135965440889407e-16,8.929946385668012e-16,1.2648449112459876e-15,1.7939809447786043e-16,5.512483671570469e-16,25.139989250774835,77.24930448771075
dpRF,rf,2040,90,CO2 total,7.113757561114086e-16,8.919856751888424e-16,1.2678052926075553e-15,1.8060991907743378e-16,5.564295364961467e-16,25.388821241913178,78.21879389561377
dpRF,rf,2040,91,CO2 total,7.091882054449514e-16,8.909966046741077e-16,1.2707141948357753e-15,1.8180839922915627e-16,5.615259893908239e-16,25.636128439994,79.1786982749547
dpRF,rf,2040,92,CO2 total,7.070278783704966e-16,8.900245061695253e-16,1.2735908214924642e-15,1.829966277990287e-16,5.665629431219676e-16,25.882519402316245,80.13304149020803
dpRF,rf,2040,93,CO2 total,7.048980129925518e-16,8.8907109926465e-16,1.2764222276709824e-15,1.841730862720982e-16,5.715242146784306e-16,26.12762170944639,81.07899357697148
dpRF,rf,2040,94,CO2 total,7.027961253670547e-16,8.881353703196703e-16,1.279207130587694e-15,1.853392449526156e-16,5.764110052206392e-16,26.37169418881145,82.01681603176065
dpRF,rf,2040,95,CO2 total,7.007150941436324e-16,8.872139007196997e-16,1.2819705696454152e-15,1.8649880657606726e-16,5.812554755017828e-16,26.615497244852953,82.95175605031811
dpRF,rf,2040,96,CO2 total,6.986594592216866e-16,8.863066182607516e-16,1.2847134769371149e-15,1.8764715903906508e-16,5.860540177154283e-16,26.858171969518,83.88264267806497
dpRF,rf,2040,97,CO2 total,6.96631755525274e-16,8.854157759308451e-16,1.2874226674767722e-15,1.887840204055711e-16,5.907909119514982e-16,27.099542750993923,84.80677305702642
dpRF,rf,2040,98,CO2 total,6.946250216611121e-16,8.845399550991257e-16,1.290116619304747e-15,1.8991493343801356e-16,5.95491597643635e-16,27.34064099560578,85.72849797716594
dpRF,rf,2040,99,CO2 total,6.926399911878666e-16,8.836781060746153e-16,1.2927913180260631e-15,1.9103811488674865e-16,6.001513268381965e-16,27.581155768831845,86.64693556156735
dpRF,rf,2040,100,CO2 total,6.90685165578429e-16,8.828301626800304e-16,1.2954419227239423e-15,1.9214499710160147e-16,6.047567571455133e-16,27.819476467354782,87.55896134515166
dpRF,rf,2040,101,CO2 total,6.887722702762369e-16,8.819977722649747e-16,1.2980600453905532e-15,1.9322550198873778e-16,6.092877751143163e-16,28.053612249988426,88.45997456749488
dpRF,rf,2040,102,CO2 total,6.868991724983981e-16,8.81180116300014e-16,1.3006451381037999e-15,1.9428094380161586e-16,6.137459656054017e-16,28.28376442716837,89.35022637646765
dpRF,rf,2040,103,CO2 total,6.850663894973344e-16,8.803771945349317e-16,1.3032052889059631e-15,1.9531080503759727e-16,6.181388994086287e-16,28.50976314586182,90.23051033961633
dpRF,rf,2040,104,CO2 total,6.832707989706436e-16,8.795886239669282e-16,1.3057282866104904e-15,1.9631782499628456e-16,6.224574876398468e-16,28.73206718215383,91.09967652321555
dpRF,rf,2040,105,CO2 total,6.815111321154792e-16,8.788129100958262e-16,1.308227061792017e-15,1.9730177798034702e-16,6.267159296765377e-16,28.950631718648882,91.95974946603562
dpRF,rf,2040,106,CO2 total,6.79786138358522e-16,8.780499988367485e-16,1.3106888034771792e-15,1.982638604782265e-16,6.309026651186572e-16,29.165622729079733,92.80899234604819
dpRF,rf,2040,107,CO2 total,6.780958829218291e-16,8.772999521971628e-16,1.3131119510140138e-15,1.9920406927533366e-16,6.350160680921847e-16,29.376976662502152,93.64694346114904
dpRF,rf,2040,108,CO2 total,6.764382058870329e-16,8.765620913414764e-16,1.3154892853091184e-15,2.0012388545444352e-16,6.390510794220855e-16,29.5849471116161,94.47294281435205
dpRF,rf,2040,109,CO2 total,6.748135310848576e-16,8.758369028802245e-16,1.3178342401785155e-15,2.010233717953669e-16,6.430207090936579e-16,29.789469614249377,95.2886507862271
dpRF,rf,2040,110,CO2 total,6.732203959201914e-16,8.751230932833534e-16,1.3201352174858645e-15,2.0190269736316201e-16,6.469148215656731e-16,29.990579398176326,96.09257614387002
dpRF,rf,2040,111,CO2 total,6.716593166037112e-16,8.744194948159054e-16,1.3223984132914411e-15,2.027601782121942e-16,6.507390966877299e-16,30.187949932335368,96.88529297534862
dpRF,rf,2040,112,CO2 total,6.701261652026713e-16,8.7372474056333e-16,1.324598472578319e-15,2.0359857536065868e-16,6.544723073756478e-16,30.38212592386731,97.66404318472041
dpRF,rf,2040,113,CO2 total,6.686231483342972e-16,8.730384092877327e-16,1.3267515697321315e-15,2.0441526095343557e-16,6.581284213978343e-16,30.57256714229588,98.4303973078695
dpRF,rf,2040,114,CO2 total,6.671485004531779e-16,8.723607580769269e-16,1.3288598874732029e-15,2.0521225762374903e-16,6.61711387020025e-16,30.759607116609466,99.18502201092267
dpRF,rf,2040,115,CO2 total,6.657010832890806e-16,8.71690032140206e-16,1.3309290776529651e-15,2.0598894885112547e-16,6.652279943638846e-16,30.943159628549804,99.92893373060797
dpRF,rf,2040,116,CO2 total,6.642799349820604e-16,8.710259303308202e-16,1.3329463697546861e-15,2.0674599534875973e-16,6.686664347726257e-16,31.123323837012045,100.66033904677305
dpRF,rf,2040,117,CO2 total,6.628853137435262e-16,8.70366651706626e-16,1.3349243894592936e-15,2.0748133796309983e-16,6.720390757157675e-16,31.299733703766357,101.38089678296642
dpRF,rf,2040,118,CO2 total,6.615178552799209e-16,8.697138845958658e-16,1.3368484466110442e-15,2.0819602931594492e-16,6.753305913311233e-16,31.47247313949627,102.08803676891797
dpRF,rf,2040,119,CO2 total,6.601761367386141e-16,8.690661728654928e-16,1.3387217252914094e-15,2.0889003612687875e-16,6.785455885527954e-16,31.641561168634812,102.78250769634445
dpRF,rf,2040,120,CO2 total,6.588597000810977e-16,8.684228834813567e-16,1.3405547314111282e-15,2.0956318340025893e-16,6.816950313300305e-16,31.806951218061176,103.46588678077015
dpRF,rf,2040,121,CO2 total,6.575694142466425e-16,8.677847273581313e-16,1.3423342027675444e-15,2.1021531311148873e-16,6.847647885209019e-16,31.968535725209495,104.1357419741635
dpRF,rf,2040,122,CO2 total,6.563036217364982e-16,8.671512218223441e-16,1.344085887256177e-15,2.1084760008584592e-16,6.877822655196788e-16,32.12653307138078,104.79635381256801
dpRF,rf,2040,123,CO2 total,6.550640358143715e-16,8.665235529135587e-16,1.345799712002949e-15,2.1145951709918725e-16,6.907356761885775e-16,32.28073982664949,105.44551958647206
dpRF,rf,2040,124,CO2 total,6.538490155228686e-16,8.659016685047728e-16,1.3474622901629128e-15,2.1205265298190416e-16,6.936132746400442e-16,32.4314402786598,106.0815659537817
dpRF,rf,2040,125,CO2 total,6.526577396309178e-16,8.652851880919932e-16,1.3490908424572404e-15,2.1262744846107539e-16,6.964331028263227e-16,32.57870634941334,106.70724646890118
dpRF,rf,2040,126,CO2 total,6.514876757571967e-16,8.646725809058682e-16,1.3506811235242863e-15,2.1318490514867154e-16,6.991934477670896e-16,32.72278403438648,107.32259009419425
dpRF,rf,2040,127,CO2 total,6.503394751423626e-16,8.640645026698445e-16,1.3522534422087405e-15,2.1372502752748187e-16,7.019139670663779e-16,32.86360980635481,107.93039541582885
dpRF,rf,2040,128,CO2 total,6.492119686737912e-16,8.634596485191138e-16,1.3537919018655185e-15,2.1424767984532262e-16,7.045799331917273e-16,33.00119070247385,108.52848794994362
dpRF,rf,2040,129,CO2 total,6.481045528262326e-16,8.62857941396397e-16,1.3553024836294874e-15,2.1475338857016434e-16,7.071979308032548e-16,33.1356086967257,109.11787731151243
dpRF,rf,2040,130,CO2 total,6.470184231383166e-16,8.62259994580715e-16,1.3568045224545966e-15,2.1524157144239848e-16,7.0978609931628e-16,33.26668356650258,109.70106475075521
dpRF,rf,2040,131,CO2 total,6.459514248763462e-16,8.616648975467143e-16,1.3583006134260457e-15,2.157134726703681e-16,7.123491885496995e-16,33.39468950187112,110.27906451109135
dpRF,rf,2040,132,CO2 total,6.449041904837943e-16,8.610732590550147e-16,1.3597922838485095e-15,2.1616906857122034e-16,7.148880933647152e-16,33.519563333749566,110.85182945212688
dpRF,rf,2040,133,CO2 total,6.438758881674885e-16,8.604852485359119e-16,1.3612692487689497e-15,2.1660936036842339e-16,7.173933606014612e-16,33.641477239489014,111.41795706051487
dpRF,rf,2040,134,CO2 total,6.428666237872236e-16,8.599004375384326e-16,1.3627340218535607e-15,2.1703381375120893e-16,7.19867398066337e-16,33.76031757141632,111.97772157239869
dpRF,rf,2040,135,CO2 total,6.418757519389393e-16,8.593191287992751e-16,1.3641888234754766e-15,2.174433768603358e-16,7.223130715365373e-16,33.876241033174416,112.53160278365677
dpRF,rf,2040,136,CO2 total,6.409032987262876e-16,8.587415154291619e-16,1.3656292096317615e-15,2.1783821670287423e-16,7.247259109054739e-16,33.989248789294656,113.07882364559096
dpRF,rf,2040,137,CO2 total,6.399496765242259e-16,8.581678617787749e-16,1.3670436149772106e-15,2.18218185254549e-16,7.270939384529846e-16,34.0992726865279,113.61736166538397
dpRF,rf,2040,138,CO2 total,6.39012015748752e-16,8.575967044935916e-16,1.368431686801609e-15,2.185846887448396e-16,7.294196710528569e-16,34.206663311129844,114.14803682496819
dpRF,rf,2040,139,CO2 total,6.380904455270902e-16,8.570278285646508e-16,1.3697851490541193e-15,2.1893738303756053e-16,7.316947035270291e-16,34.31134011992748,114.6694341932385
dpRF,rf,2040,140,CO2 total,6.371860943202593e-16,8.564615505701348e-16,1.3711213604936635e-15,2.1927545624987547e-16,7.339352661734042e-16,34.41309504467377,115.18381721063066
dpRF,rf,2040,141,CO2 total,6.362964395027997e-16,8.558970274752099e-16,1.372423724800097e-15,2.196005879724102e-16,7.361272852972973e-16,34.51230815372871,115.68936105826792
dpRF,rf,2040,142,CO2 total,6.354224578395325e-16,8.553343936762079e-16,1.3736819527421106e-15,2.1991193583667545e-16,7.382594949025781e-16,34.60877611792111,116.18404193844465
dpRF,rf,2040,143,CO2 total,6.345637099209439e-16,8.547734860851432e-16,1.3749104820770682e-15,2.2020977616419927e-16,7.403467721561243e-16,34.70254802179497,116.6702035715782
dpRF,rf,2040,144,CO2 total,6.337191388732344e-16,8.542137845771163e-16,1.3761172207639839e-15,2.2049464570388186e-16,7.423980818907495e-16,34.79374886734932,117.14938627398068
dpRF,rf,2040,145,CO2 total,6.328897238786473e-16,8.536559018265949e-16,1.3772943667947003e-15,2.207661779479476e-16,7.44404642916053e-16,34.882250353977646,117.61996044966405
dpRF,rf,2040,146,CO2 total,6.32076816375857e-16,8.531008471612167e-16,1.378440270811089e-15,2.210240307853597e-16,7.463634544352319e-16,34.967906599176764,118.0811311376141
dpRF,rf,2040,147,CO2 total,6.312788810918189e-16,8.525482420805352e-16,1.3795676932702628e-15,2.212693609887163e-16,7.482888121784439e-16,35.05096837803654,118.53537867198287
dpRF,rf,2040,148,CO2 total,6.304948646147766e-16,8.519969704395029e-16,1.3806658565423806e-15,2.2150210582472633e-16,7.50170991927604e-16,35.13146866946506,118.98130088433756
dpRF,rf,2040,149,CO2 total,6.297249458110959e-16,8.51447205075227e-16,1.3817519532568833e-15,2.217222592641311e-16,7.520270074457874e-16,35.209381610021694,119.42150496788156
dpRF,rf,2040,150,CO2 total,6.289617149011663e-16,8.508998136890827e-16,1.3828176143544713e-15,2.2193809878791636e-16,7.538558994533049e-16,35.286424201955,119.85719982523327
dpRF,rf,2040,151,CO2 total,6.281959864770918e-16,8.503540109885721e-16,1.383859572539743e-15,2.2215802451148024e-16,7.556635860626512e-16,35.364445060742455,120.29105602861215
dpRF,rf,2040,152,CO2 total,6.274242402416972e-16,8.498088566889796e-16,1.3848903931083636e-15,2.223846164472824e-16,7.574661528666665e-16,35.44405876980703,120.72631312027
dpRF,rf,2040,153,CO2 total,6.266477420836622e-16,8.492644358950376e-16,1.38589702505267e-15,2.226166938113754e-16,7.592492829690077e-16,35.52501331468205,121.16045937458146
dpRF,rf,2040,154,CO2 total,6.258675867758779e-16,8.487209859787864e-16,1.3868845192548275e-15,2.2285339920290846e-16,7.610169324789496e-16,35.60711625136641,121.59391995346587
dpRF,rf,2040,155,CO2 total,6.250852160217541e-16,8.48178958129684e-16,1.3878481514647686e-15,2.230937421079299e-16,7.627629354430145e-16,35.69013254349081,122.02543203588885
dpRF,rf,2040,156,CO2 total,6.243003484829358e-16,8.476379588366295e-16,1.3887924061927981e-15,2.233376103536937e-16,7.644920577098623e-16,35.77406466237112,122.455811464401
dpRF,rf,2040,157,CO2 total,6.235141235193737e-16,8.470985595155715e-16,1.3897103014134271e-15,2.235844359961978e-16,7.661961778940534e-16,35.8587604614622,122.88353206328712
dpRF,rf,2040,158,CO2 total,6.22725432861588e-16,8.46560055230688e-16,1.3906106366710585e-15,2.2383462236909996e-16,7.678852038094705e-16,35.94435212650954,123.31039705265208
dpRF,rf,2040,159,CO2 total,6.219348077872331e-16,8.460230058219828e-16,1.3914905347885768e-15,2.2408819803474976e-16,7.695557270013437e-16,36.03081789746224,123.7357545140989
dpRF,rf,2040,160,CO2 total,6.211409141596244e-16,8.454865481023905e-16,1.3923545678849856e-15,2.2434563394276613e-16,7.712136537253612e-16,36.11831531759515,124.16082021722534
dpRF,rf,2040,161,CO2 total,6.203439272253911e-16,8.449509332754487e-16,1.3932035319505276e-15,2.2460700605005755e-16,7.728596047251365e-16,36.206851746684464,124.58566462992576
dpRF,rf,2040,162,CO2 total,6.195438316076477e-16,8.444162787055958e-16,1.3940420509612792e-15,2.2487244709794806e-16,7.744982193536314e-16,36.296454847178275,125.01104519818949
dpRF,rf,2040,163,CO2 total,6.187393567951468e-16,8.4388138173901e-16,1.394856902201292e-15,2.2514202494386325e-16,7.761175454061453e-16,36.38721579147965,125.43529628148474
dpRF,rf,2040,164,CO2 total,6.179309738536318e-16,8.433464441511978e-16,1.3956597744348927e-15,2.2541547029756607e-16,7.77728800581261e-16,36.47906964297275,125.86014190728692
dpRF,rf,2040,165,CO2 total,6.171185319688174e-16,8.428115637638613e-16,1.3964446711628096e-15,2.256930317950439e-16,7.793261391939922e-16,36.572071669117854,126.28467609094116
dpRF,rf,2040,166,CO2 total,6.163009555751729e-16,8.422762965781053e-16,1.397213931327002e-15,2.2597534100293244e-16,7.809129757518292e-16,36.66639471490634,126.70968115294086
dpRF,rf,2040,167,CO2 total,6.154803203067998e-16,8.417412213087657e-16,1.397967386207679e-15,2.2626090100196595e-16,7.824870659008792e-16,36.76167921813994,127.1343762073223
dpRF,rf,2040,168,CO2 total,6.146552988978736e-16,8.412060583948101e-16,1.398712253702895e-15,2.2655075949693646e-16,7.840569548050213e-16,36.85818049615129,127.56043203579281
dpRF,rf,2040,169,CO2 total,6.13827113438964e-16,8.406715259507614e-16,1.3994309321960343e-15,2.2684441251179746e-16,7.856038187570704e-16,36.95574984312807,127.98454182900589
dpRF,rf,2040,170,CO2 total,6.129961387667188e-16,8.401375622619128e-16,1.4001245671953669e-15,2.27141423495194e-16,7.871284284286481e-16,37.05429922481693,128.40675147028892
dpRF,rf,2040,171,CO2 total,6.121612679181329e-16,8.396033428070245e-16,1.4007981601132344e-15,2.2744207488889163e-16,7.886368921951015e-16,37.153947302544545,128.82828978663338
dpRF,rf,2040,172,CO2 total,6.113236314614284e-16,8.390695658046257e-16,1.4014624857486091e-15,2.277459343431973e-16,7.901388542871807e-16,37.25456086144561,129.25050065515663
dpRF,rf,2040,173,CO2 total,6.104823206052305e-16,8.385354812633515e-16,1.4021030837674489e-15,2.2805316065812097e-16,7.916207631622184e-16,37.35622686534635,129.67136581079163
dpRF,rf,2040,174,CO2 total,6.096356473017468e-16,8.379998903274275e-16,1.402733692362408e-15,2.283642430256807e-16,7.930980450606612e-16,37.45913547484026,130.09377790995666
dpRF,rf,2040,175,CO2 total,6.08786671796935e-16,8.374645041806979e-16,1.4033447993787519e-15,2.286778323837629e-16,7.945581275818169e-16,37.562884172346,130.51503332629582
dpRF,rf,2040,176,CO2 total,6.079337874151787e-16,8.369279570712941e-16,1.4039404915956457e-15,2.2899416965611535e-16,7.96006704180467e-16,37.667616835339246,130.93641456661575
dpRF,rf,2040,177,CO2 total,6.070768437805592e-16,8.363901993860575e-16,1.4045195137007903e-15,2.2931335560549833e-16,7.974426699202312e-16,37.7733655886879,131.3577808295524
dpRF,rf,2040,178,CO2 total,6.062169941490968e-16,8.358515521366023e-16,1.4050815911511079e-15,2.296345579875055e-16,7.98864597002011e-16,37.879927518334746,131.77865429578063
dpRF,rf,2040,179,CO2 total,6.053544011617201e-16,8.35311700681276e-16,1.4056193649814271e-15,2.299572995195559e-16,8.00264963819707e-16,37.9872185744831,132.1977608957561
dpRF,rf,2040,180,CO2 total,6.044902551635579e-16,8.347713908779904e-16,1.4061244730823147e-15,2.3028113571443243e-16,8.016342179187568e-16,38.09509479224357,132.6132573802794
dpRF,rf,2040,181,CO2 total,6.036246808772255e-16,8.342307033252226e-16,1.406612884241833e-15,2.3060602244799705e-16,8.029882033646074e-16,38.20354431380536,133.02772878631376
dpRF,rf,2040,182,CO2 total,6.027584014209835e-16,8.336897925234914e-16,1.407069489267034e-15,2.309313911025079e-16,8.043110878460505e-16,38.31243008112282,133.4383869142119
dpRF,rf,2040,183,CO2 total,6.018906954311113e-16,8.331479693015925e-16,1.4075052019261766e-15,2.312572738704812e-16,8.056145064950653e-16,38.42180575741255,133.84731025257574
dpRF,rf,2040,184,CO2 total,6.010222063197623e-16,8.326058463522916e-16,1.4079310552512841e-15,2.315836400325293e-16,8.069088489315219e-16,38.53162788286723,134.2560791343243
dpRF,rf,2040,185,CO2 total,6.001524513707312e-16,8.320624983605988e-16,1.408334267182425e-15,2.3191004698986766e-16,8.081818158116939e-16,38.641856158413034,134.6627534330368
dpRF,rf,2040,186,CO2 total,5.99279979359852e-16,8.315170312090451e-16,1.4087254437222516e-15,2.3223705184919305e-16,8.094454643623995e-16,38.75267985712914,135.06966563892976
dpRF,rf,2040,187,CO2 total,5.984068861978972e-16,8.309703607759043e-16,1.4090978151979494e-15,2.325634745780071e-16,8.106909290000522e-16,38.8637697763887,135.47486629890676
dpRF,rf,2040,188,CO2 total,5.975317767286426e-16,8.304214795339003e-16,1.4094635395879164e-15,2.328897028052577e-16,8.119317628592738e-16,38.97528330296985,135.8809346181428
dpRF,rf,2040,189,CO2 total,5.966574646672805e-16,8.298718390292612e-16,1.409806964487356e-15,2.3321437436198064e-16,8.131494998200755e-16,39.086810803922496,136.28414089707556
dpRF,rf,2040,190,CO2 total,5.95783199136752e-16,8.293211145955132e-16,1.4101266055667052e-15,2.335379154587612e-16,8.143434064299532e-16,39.19847283326238,136.68452007540319
dpRF,rf,2040,191,CO2 total,5.949091904396961e-16,8.287689409585185e-16,1.4104301572608887e-15,2.3385975051882244e-16,8.155209668211926e-16,39.310159311201296,137.08326916557513
dpRF,rf,2040,192,CO2 total,5.94036208603125e-16,8.282158674819853e-16,1.4107158460267896e-15,2.341796588788603e-16,8.1667963742366455e-16,39.42178195324714,137.47977406025217
dpRF,rf,2040,193,CO2 total,5.931632659721816e-16,8.27661076994569e-16,1.4109868833061043e-15,2.3449781102238736e-16,8.178236173339227e-16,39.53343446480129,137.87496027649786
dpRF,rf,2040,194,CO2 total,5.922913824331584e-16,8.271049631232201e-16,1.411243157417959e-15,2.348135806900617e-16,8.189517749848005e-16,39.64494295450281,138.26839276649804
dpRF,rf,2040,195,CO2 total,5.914200047237784e-16,8.2654689677112305e-16,1.4114798621763568e-15,2.351268920473446e-16,8.200598574525784e-16,39.75633055516277,138.65947227057117
dpRF,rf,2040,196,CO2 total,5.905483177171677e-16,8.259864062836183e-16,1.4117067084827128e-15,2.354380885664506e-16,8.211583907655451e-16,39.867709635777736,139.05016171070085
dpRF,rf,2040,197,CO2 total,5.8967826921539e-16,8.254246798424168e-16,1.4119165515591044e-15,2.3574641062702677e-16,8.222382823437144e-16,39.97881945704131,139.43845742149568
dpRF,rf,2040,198,CO2 total,5.888089668655211e-16,8.248608493460825e-16,1.412116893512821e-15,2.360518824805614e-16,8.233079266472999e-16,40.08972277327318,139.8259831249031
dpRF,rf,2040,199,CO2 total,5.879409345801411e-16,8.242949942700717e-16,1.412298349553537e-15,2.3635405968993057e-16,8.24357414973396e-16,40.20030683162334,140.21092366397042
dpRF,rf,2040,200,CO2 total,5.870746212020954e-16,8.237273244575809e-16,1.4124627530860939e-15,2.366527032554855e-16,8.253881318839985e-16,40.31049796888083,140.59339342483105
dpRF,rf_final,2040,0,CH4 total,2.338728646553448e-13,2.089764609669713e-13,2.0267116076068454e-13,-2.4896403688373478e-14,-3.120170389466024e-14,-10.645272475309595,-13.341310006460889
dpRF,rf_final,2040,1,CH4 total,2.157573199468238e-13,1.946599044057358e-13,1.8736240228893731e-13,-2.1097415541087998e-14,-2.8394917657886478e-14,-9.778308122425571,-13.16058137211047
dpRF,rf_final,2040,2,CH4 total,1.9901755452440847e-13,1.8137071041807338e-13,1.7334415558631064e-13,-1.7646844106335086e-14,-2.5673398938097826e-14,-8.866978668542925,-12.900067533966766
dpRF,rf_final,2040,3,CH4 total,1.8351155701756397e-13,1.689948941747411e-13,1.6046894513797794e-13,-1.451666284282286e-14,-2.304261187958603e-14,-7.910489714516161,-12.556490857619726
dpRF,rf_final,2040,4,CH4 total,1.6912668107648348e-13,1.5744282679766625e-13,1.486143695844877e-13,-1.1683854278817227e-14,-2.0512311491995785e-14,-6.908344800743464,-12.12837108931357
dpRF,rf_final,2040,5,CH4 total,1.5577857706744497e-13,1.4664887747007278e-13,1.3768484130020674e-13,-9.129699597372196e-15,-1.8093735767238232e-14,-5.860690069995603,-11.615034690812767
dpRF,rf_final,2040,6,CH4 total,1.4339939712759917e-13,1.3656203393321541e-13,1.2760245891832725e-13,-6.837363194383759e-15,-1.5796938209271926e-14,-4.768055745938569,-11.016042274721382
dpRF,rf_final,2040,7,CH4 total,1.3192276180382006e-13,1.271333007134824e-13,1.1829421345943912e-13,-4.7894610903376626e-15,-1.3628548344380949e-14,-3.630503959172703,-10.330702721830304
dpRF,rf_final,2040,8,CH4 total,1.212939111499385e-13,1.183238106834377e-13,1.0970016503084256e-13,-2.9701004665008037e-15,-1.1593746119095932e-14,-2.4486805960352696,-9.55839086165193
dpRF,rf_final,2040,9,CH4 total,1.114614184093458e-13,1.1009798262634991e-13,1.0176623918074457e-13,-1.3634357829958948e-15,-9.695179228601227e-15,-1.2232356293804114,-8.698237800092725
dpRF,rf_final,2040,10,CH4 total,1.0235852264328904e-13,1.0241181137200099e-13,9.441370564434597e-14,5.3288728711951026e-17,-7.944816998943065e-15,0.05206086150506277,-7.761754267038508
dpRF,rf_final,2040,11,CH4 total,9.39390585997351e-14,9.523089156333651e-14,8.759508730883885e-14,1.2918329636014196e-15,-6.343971290896245e-15,1.3751819348177527,-6.753283868776321
dpRF,rf_final,2040,12,CH4 total,8.616124591663902e-14,8.852538911836426e-14,8.126994415542412e-14,2.3641432017252333e-15,-4.891301761214907e-15,2.7438591173722595,-5.6769162390562915
dpRF,rf_final,2040,13,CH4 total,7.898082988098374e-14,8.226368613869545e-14,7.53981763709271e-14,3.28285625771171e-15,-3.5826535100566395e-15,4.156522871003822,-4.536105173186129
dpRF,rf_final,2040,14,CH4 total,7.235979792998354e-14,7.641996468854187e-14,6.994712403429293e-14,4.060166758558327e-15,-2.4126738956906113e-15,5.6110808414459745,-3.3342739541991975
dpRF,rf_final,2040,15,CH4 total,6.625589590853971e-14,7.096448072105952e-14,6.488180711576899e-14,4.708584812519805e-15,-1.3740887927707213e-15,7.10666537362891,-2.073911723520465
dpRF,rf_final,2040,16,CH4 total,6.063420231940707e-14,6.587395415107711e-14,6.017469620301618e-14,5.239751831670038e-15,-4.595061163908913e-16,8.641577906918322,-0.757833201087265
dpRF,rf_final,2040,17,CH4 total,5.5459916716046476e-14,6.112495750034766e-14,5.579915668621578e-14,5.665040784301181e-15,3.392399701693065e-16,10.214657936300306,0.611684961422152
dpRF,rf_final,2040,18,CH4 total,5.0701452066666646e-14,5.6696687724622716e-14,5.173192255191816e-14,5.99523565795607e-15,1.0304704852515167e-15,11.824583741848294,2.0324279547192554
dpRF,rf_final,2040,19,CH4 total,4.632742003711047e-14,5.2568027306040335e-14,4.795012873757925e-14,6.240607268929863e-15,1.6227087004687776e-15,13.470655745411333,3.5026960257422286
dpRF,rf_final,2040,20,CH4 total,4.2305896067778196e-14,4.871997151469889e-14,4.4444789133105227e-14,6.414075446920695e-15,2.1388930653270307e-15,15.161185657537468,5.055780078266902
dpRF,rf_final,2040,21,CH4 total,3.86123052079637e-14,4.513673217998857e-14,4.11965109472849e-14,6.52442697202487e-15,2.584205739321198e-15,16.897273905001718,6.692699970651354
dpRF,rf_final,2040,22,CH4 total,3.522079144627655e-14,4.1800509246122e-14,3.8184863892790846e-14,6.579717799845449e-15,2.964072446514293e-15,18.681345675839545,8.415689497027605
dpRF,rf_final,2040,23,CH4 total,3.210765512038159e-14,3.8694892419047835e-14,3.539145704656182e-14,6.587237298666247e-15,3.2838019261802297e-15,20.51609584682732,10.22747352264821
dpRF,rf_final,2040,24,CH4 total,2.925061734060284e-14,3.5804150111056104e-14,3.2799127022303486e-14,6.5535327704532614e-15,3.5485096817006435e-15,22.404767373426644,12.131400990210727
dpRF,rf_final,2040,25,CH4 total,2.6629936287858025e-14,3.311451200503749e-14,3.039308953664198e-14,6.4845757171794635e-15,3.763153248783958e-15,24.350699329821975,14.131288967821435
dpRF,rf_final,2040,26,CH4 total,2.4227535515544545e-14,3.0613331401531774e-14,2.8160045700380286e-14,6.385795885987228e-15,3.932510184835741e-15,26.357595810312855,16.23157329523928
dpRF,rf_final,2040,27,CH4 total,2.202500389061913e-14,2.8286913631908006e-14,2.608606065849884e-14,6.261909741288876e-15,4.06105676787971e-15,28.430913212941327,18.438392964867496
dpRF,rf_final,2040,28,CH4 total,2.000634737279993e-14,2.612355032277962e-14,2.4159355501134985e-14,6.117202949979689e-15,4.153008128335055e-15,30.576310787727635,20.758452559817933
dpRF,rf_final,2040,29,CH4 total,1.8157377109552765e-14,2.411297518028547e-14,2.2369764391229377e-14,5.955598070732706e-15,4.212387281676611e-15,32.79988092332681,23.199315937875383
dpRF,rf_final,2040,30,CH4 total,1.6464389420835216e-14,2.2242677450337498e-14,2.0709843554392197e-14,5.7782880295022814e-15,4.2454541335569806e-15,35.0956715235976,25.785676134363534
dpRF,rf_final,2040,31,CH4 total,1.491468073393562e-14,2.0503504595559547e-14,1.9169612788943653e-14,5.588823861623929e-15,4.254932055008034e-15,37.471964444452276,28.528482311570485
dpRF,rf_final,2040,32,CH4 total,1.3496308168196803e-14,1.8886592934632278e-14,1.7739731689163064e-14,5.390284766435476e-15,4.2434235209662615e-15,39.93895737456071,31.44136506134041
dpRF,rf_final,2040,33,CH4 total,1.2198520917236173e-14,1.738391872587854e-14,1.641194223291788e-14,5.185397808642367e-15,4.213421315681709e-15,42.50841428910896,34.54042784587319
dpRF,rf_final,2040,34,CH4 total,1.1011288426048597e-14,1.5987806757112997e-14,1.5178551530699627e-14,4.976518331064399e-15,4.167263104651029e-15,45.19469601115719,37.84537234346564
dpRF,rf_final,2040,35,CH4 total,9.92519049923611e-15,1.4690802451984188e-14,1.4032250067878098e-14,4.7656119527480784e-15,4.107059568641989e-15,48.01531973733766,41.38015858696201
dpRF,rf_final,2040,36,CH4 total,8.93195025023304e-15,1.3486435866302736e-14,1.2966830662938628e-14,4.5544856160696966e-15,4.034880412705589e-15,50.99094249826198,45.17356567901077
dpRF,rf_final,2040,37,CH4 total,8.023472060223053e-15,1.2367993710909121e-14,1.1975953716382124e-14,4.344521650686068e-15,3.9524816561590705e-15,54.1476510178723,49.26148712792042
dpRF,rf_final,2040,38,CH4 total,7.192608882193823e-15,1.132957367631335e-14,1.1054147660514595e-14,4.136964794119527e-15,3.861538778320772e-15,57.51688798707081,53.687595718995375
dpRF,rf_final,2040,39,CH4 total,6.4327316072870636e-15,1.0365557782949014e-14,1.0196276942568624e-14,3.93282617566195e-15,3.7635453352815605e-15,61.137731460874335,58.50617692518336
dpRF,rf_final,2040,40,CH4 total,5.738162524208242e-15,9.470912999683933e-15,9.399420564689953e-15,3.732750475475691e-15,3.661258040481711e-15,65.05132016961718,63.80540852643234
dpRF,rf_final,2040,41,CH4 total,5.103509829040471e-15,8.64114640243082e-15,8.659098435426558e-15,3.5376365733903493e-15,3.555588606386087e-15,69.31771843095427,69.66947699706078
dpRF,rf_final,2040,42,CH4 total,4.523582763955657e-15,7.871700595290128e-15,7.970910676105108e-15,3.348117831334471e-15,3.4473279121494507e-15,74.01473579775298,76.20791067686638
dpRF,rf_final,2040,43,CH4 total,3.993693907042974e-15,7.1584053417743e-15,7.330943038082992e-15,3.1647114347313264e-15,3.3372491310400174e-15,79.2427138482066,83.56296723578888
dpRF,rf_final,2040,44,CH4 total,3.5094810477996423e-15,6.497253231494264e-15,6.735517934463347e-15,2.9877721836946218e-15,3.226036886663705e-15,85.1343017101597,91.9234736624764
dpRF,rf_final,2040,45,CH4 total,3.066970801140979e-15,5.884519410071284e-15,6.181287216083812e-15,2.8175486089303055e-15,3.1143164149428328e-15,91.86747418273814,101.54372561304595
dpRF,rf_final,2040,46,CH4 total,2.662638841659511e-15,5.316904863066573e-15,5.6653804423688054e-15,2.654266021407062e-15,3.0027416007092945e-15,99.68554427579707,112.77314646389713
dpRF,rf_final,2040,47,CH4 total,2.292969965085226e-15,4.790853385296175e-15,5.184660136099132e-15,2.497883420210949e-15,2.8916901710139058e-15,108.93659569230803,126.11112291243755
dpRF,rf_final,2040,48,CH4 total,1.9550647057708372e-15,4.303551924795565e-15,4.736768954317044e-15,2.348487219024728e-15,2.7817042485462065e-15,120.12324769060638,142.2819531412616
dpRF,rf_final,2040,49,CH4 total,1.6461014761747371e-15,3.852106467600119e-15,4.319261198070538e-15,2.2060049914253816e-15,2.673159721895801e-15,134.0139124686144,162.39337371276613
dpRF,rf_final,2040,50,CH4 total,1.3633428078044617e-15,3.4337635432544297e-15,3.929414525195516e-15,2.070420735449968e-15,2.5660717173910544e-15,151.86354624807757,188.2191113417378
dpRF,rf_final,2040,51,CH4 total,1.1046176370989112e-15,3.0462604244607385e-15,3.565507987753789e-15,1.9416427873618275e-15,2.460890350654878e-15,175.77510281849376,222.78209834834652
dpRF,rf_final,2040,52,CH4 total,8.678068506245849e-16,2.687264694458667e-15,3.2256988869792407e-15,1.819457843834082e-15,2.3578920363546558e-15,209.66161335607882,271.70700884161204
dpRF,rf_final,2040,53,CH4 total,6.510616754847717e-16,2.354761125390757e-15,2.908441096506726e-15,1.7036994499059853e-15,2.2573794210219544e-15,261.68019314566993,346.722823047623
dpRF,rf_final,2040,54,CH4 total,4.526306643567988e-16,2.046774493377456e-15,2.6121886382623688e-15,1.594143829020657e-15,2.15955797390557e-15,352.1952785249274,477.11260945485526
dpRF,rf_final,2040,55,CH4 total,2.708962491693906e-16,1.7614329607958155e-15,2.3354529175663097e-15,1.4905367116264249e-15,2.064556668396919e-15,550.2241969745387,762.1208026051177
dpRF,rf_final,2040,56,CH4 total,1.0441065055239614e-16,1.4970539787429606e-15,2.0769113361252204e-15,1.3926433281905644e-15,1.972500685572824e-15,1333.8134767120312,1889.175745134323
dpRF,rf_final,2040,57,CH4 total,-4.815097284008919e-17,1.2520767311830802e-15,1.8353381899804393e-15,1.3002277040231694e-15,1.8834891628205283e-15,-2700.314505256756,-3911.632624901789
dpRF,rf_final,2040,58,CH4 total,-1.8802055043004868e-16,1.0250069668450909e-15,1.6095322504206196e-15,1.2130275172751395e-15,1.7975528008506682e-15,-645.1568801924316,-956.0406012742906
dpRF,rf_final,2040,59,CH4 total,-3.163419585241473e-16,8.144156822408992e-16,1.3983174144089563e-15,1.1307576407650467e-15,1.7146593729331036e-15,-357.44788520639213,-542.0271724094478
dpRF,rf_final,2040,60,CH4 total,-4.340536566967025e-16,6.191415283754573e-16,1.2001856571251744e-15,1.0531951850721598e-15,1.6342393138218769e-15,-242.6417031219912,-376.5062887061014
dpRF,rf_final,2040,61,CH4 total,-5.421121877079253e-16,4.379459249308823e-16,1.014247810284874e-15,9.800581126388077e-16,1.5563599979927993e-15,-180.78510958820854,-287.0918664590736
dpRF,rf_final,2040,62,CH4 total,-6.413145160008607e-16,2.6983622921449767e-16,8.398474893608498e-16,9.111507452153583e-16,1.4811620053617105e-15,-142.07549064960438,-230.957193141052
dpRF,rf_final,2040,63,CH4 total,-7.324489280939938e-16,1.1376956329176118e-16,6.761983145167224e-16,8.46218491385755e-16,1.4086472426107163e-15,-115.53276398230477,-192.32019989111748
dpRF,rf_final,2040,64,CH4 total,-8.161774447074979e-16,-3.1092118029610413e-17,5.227219257661422e-16,7.850853266778875e-16,1.3388993704736402e-15,-96.19051981511775,-164.04513248384066
dpRF,rf_final,2040,65,CH4 total,-8.931604944937276e-16,-1.6564276989200793e-16,3.787130872298284e-16,7.275177246017197e-16,1.271873581723556e-15,-81.45431074110599,-142.40145971128013
dpRF,rf_final,2040,66,CH4 total,-9.63962052251802e-16,-2.9062238489756946e-16,2.436221856242928e-16,6.733396673542326e-16,1.2075842378760948e-15,-69.85126289788279,-125.27300582582008
dpRF,rf_final,2040,67,CH4 total,-1.0291230364121148e-15,-4.0677431728865515e-16,1.168472160971961e-16,6.223487191234596e-16,1.1459702525093108e-15,-60.47369431095297,-111.35405699444516
dpRF,rf_final,2040,68,CH4 total,-1.089128840386601e-15,-5.147708465697172e-16,-2.1645926300343797e-18,5.743579938168839e-16,1.0869642477565666e-15,-52.73554170257834,-99.80125467715408
dpRF,rf_final,2040,69,CH4 total,-1.1444162209373991e-15,-6.152184637102232e-16,-1.139113335290441e-16,5.291977572271759e-16,1.030504887408355e-15,-46.24172111032352,-90.0463370367349
dpRF,rf_final,2040,70,CH4 total,-1.1953846286621474e-15,-7.086821081328214e-16,-2.1887012749259262e-16,4.86702520529326e-16,9.765145011695547e-16,-40.715139617784324,-81.6904013783791
dpRF,rf_final,2040,71,CH4 total,-1.24240374097124e-15,-7.956960240375849e-16,-3.175062734220117e-16,4.467077169336551e-16,9.248974675492282e-16,-35.955116859552,-74.44419531658818
dpRF,rf_final,2040,72,CH4 total,-1.2858006852628695e-15,-8.767328285379023e-16,-4.102300608210338e-16,4.090678567249673e-16,8.755706244418358e-16,-31.814250949892543,-68.09536147220467
dpRF,rf_final,2040,73,CH4 total,-1.3258780641934845e-15,-9.522443944894722e-16,-4.97451315494251e-16,3.7363366970401234e-16,8.284267486992335e-16,-28.180092860295503,-62.481367711830686
dpRF,rf_final,2040,74,CH4 total,-1.3628933503330156e-15,-1.0225954835339652e-15,-5.79468955382312e-16,3.4029786679905036e-16,7.834243949507036e-16,-24.968781799096785,-57.482443124348514
dpRF,rf_final,2040,75,CH4 total,-1.3971032646866885e-15,-1.0881803552875086e-15,-6.566509978859927e-16,3.0892290939917984e-16,7.404522668006957e-16,-22.111673289122137,-52.99910790536647
dpRF,rf_final,2040,76,CH4 total,-1.4287306686907884e-15,-1.1493286224470445e-15,-7.292828114101721e-16,2.7940204624374393e-16,6.9944785728061635e-16,-19.555963371303065,-48.95589299007297
dpRF,rf_final,2040,77,CH4 total,-1.4579919041500585e-15,-1.2063883206223738e-15,-7.977038001362295e-16,2.5160358352768473e-16,6.60288104013829e-16,-17.256857381136005,-45.28750140068482
dpRF,rf_final,2040,78,CH4 total,-1.4850749736171144e-15,-1.2596533230032002e-15,-8.621874556008184e-16,2.2542165061391416e-16,6.22887518016296e-16,-15.179142778553947,-41.94316981176806
dpRF,rf_final,2040,79,CH4 total,-1.5101553512402188e-15,-1.309410459615229e-15,-9.230164873951296e-16,2.0074489162498985e-16,5.871388638450892e-16,-13.292996078855571,-38.879368494300934
dpRF,rf_final,2040,80,CH4 total,-1.5333904115860541e-15,-1.3559165570854455e-15,-9.804404792087872e-16,1.7747385450060864e-16,5.529499323772669e-16,-11.573950975540503,-36.0606097572585
dpRF,rf_final,2040,81,CH4 total,-1.5549234602353277e-15,-1.3994098003451484e-15,-1.0346969132224767e-15,1.555136598901793e-16,5.20226547012851e-16,-10.001370734135254,-33.45673020677931
dpRF,rf_final,2040,82,CH4 total,-1.5748859463066165e-15,-1.4401119676858496e-15,-1.0860090044716636e-15,1.3477397862076693e-16,4.888769418349529e-16,-8.55769771371924,-31.042053742460208
dpRF,rf_final,2040,83,CH4 total,-1.5933938266982822e-15,-1.478213924106085e-15,-1.1345617063642925e-15,1.1517990259219718e-16,4.588321203339897e-16,-7.228589734834408,-28.79590171908405
dpRF,rf_final,2040,84,CH4 total,-1.6105553512537157e-15,-1.5138996291240318e-15,-1.1805407621590099e-15,9.66557221296839e-17,4.300145890947058e-16,-6.001390890070528,-26.69977090572929
dpRF,rf_final,2040,85,CH4 total,-1.6264673667780436e-15,-1.5473278829786576e-15,-1.2240980595304596e-15,7.913948379938608e-17,4.0236930724758403e-16,-4.865728351879431,-24.73884908276143
dpRF,rf_final,2040,86,CH4 total,-1.6412252105469097e-15,-1.5786685133611558e-15,-1.265417890869342e-15,6.255669718575388e-17,3.758073196775677e-16,-3.811585197677286,-22.89797385895239
dpRF,rf_final,2040,87,CH4 total,-1.654912252897762e-15,-1.6080644001253486e-15,-1.3046493349744677e-15,4.6847852772413347e-17,3.5026291792329425e-16,-2.830836057342766,-21.165044691039157
dpRF,rf_final,2040,88,CH4 total,-1.6676061629291425e-15,-1.6356536063823222e-15,-1.34194329543594e-15,3.1952556546820344e-17,3.256628674932025e-16,-1.916073306583122,-19.528763729271496
dpRF,rf_final,2040,89,CH4 total,-1.679379949707114e-15,-1.6615682686356089e-15,-1.3774471731213807e-15,1.7811681071505114e-17,3.0193277658573333e-16,-1.0606105589513257,-17.978824663137775
dpRF,rf_final,2040,90,CH4 total,-1.690297433386078e-15,-1.6859222421751506e-15,-1.4112872378541078e-15,4.375191210927485e-18,2.7901019553197026e-16,-0.2588414988102366,-16.50657393314766
dpRF,rf_final,2040,91,CH4 total,-1.7004214922704831e-15,-1.7088364967201901e-15,-1.4436152794863242e-15,-8.41500444970696e-18,2.5680621278415896e-16,0.49487756347226886,-15.10250334705304
dpRF,rf_final,2040,92,CH4 total,-1.7098044205622747e-15,-1.7304018136283976e-15,-1.4745285219799852e-15,-2.0597393066122928e-17,2.3527589858228945e-16,1.204663692432694,-13.760398309469702
dpRF,rf_final,2040,93,CH4 total,-1.7184964785779885e-15,-1.750710618784478e-15,-1.5041368687188043e-15,-3.22141402064895e-17,2.1435960985918425e-16,1.8745537513784063,-12.473671755007686
dpRF,rf_final,2040,94,CH4 total,-1.7265430130458124e-15,-1.7698437885515008e-15,-1.5325334959544738e-15,-4.330077550568843e-17,1.9400951709133855e-16,2.5079465254271938,-11.236877136879686
dpRF,rf_final,2040,95,CH4 total,-1.7339858922365257e-15,-1.787870875196551e-15,-1.5597871124748665e-15,-5.3884982960025115e-17,1.7419877976165926e-16,3.1075790870779985,-10.04614746530461
dpRF,rf_final,2040,96,CH4 total,-1.7408681899545213e-15,-1.80487349256852e-15,-1.58599399260506e-15,-6.400530261399857e-17,1.548741973494614e-16,3.6766311765206448,-8.896377005631159
dpRF,rf_final,2040,97,CH4 total,-1.747227809550072e-15,-1.820923929829156e-15,-1.6112371334876983e-15,-7.36961202790841e-17,1.3599067606237372e-16,4.217888467449563,-7.7832252508270585
dpRF,rf_final,2040,98,CH4 total,-1.7530981365109415e-15,-1.8360793881032823e-15,-1.6355730166446676e-15,-8.298125159234077e-17,1.1752511986627393e-16,4.73340595509913,-6.703852877293867
dpRF,rf_final,2040,99,CH4 total,-1.7585121632368533e-15,-1.850399667750535e-15,-1.659064014867185e-15,-9.18875045136817e-17,9.944814836966827e-17,5.225298205759718,-5.655243702529548
dpRF,rf_final,2040,100,CH4 total,-1.7634983418644726e-15,-1.8639407096856886e-15,-1.6817707387258642e-15,-1.0044236782121596e-16,8.172760313860843e-17,5.695631543096461,-4.634402040446563
dpRF,rf_final,2040,101,CH4 total,-1.7680807911793319e-15,-1.8767604583351154e-15,-1.7037651016174182e-15,-1.0867966715578358e-16,6.43156895619136e-17,6.146759112930178,-3.6375990216495846
dpRF,rf_final,2040,102,CH4 total,-1.772278245821348e-15,-1.8889042541746783e-15,-1.7250971677192176e-15,-1.1662600835333038e-16,4.7181078102130343e-17,6.5805698754306485,-2.662171033999498
dpRF,rf_final,2040,103,CH4 total,-1.776107209601121e-15,-1.9004141660133345e-15,-1.7458109578329321e-15,-1.2430695641221347e-16,3.029625176818893e-17,6.998843073224751,-1.705767062056624
dpRF,rf_final,2040,104,CH4 total,-1.779582495914568e-15,-1.911325205747144e-15,-1.7659447707736655e-15,-1.3174270983257606e-16,1.3637725140902367e-17,7.403012230959852,-0.766344081952415
dpRF,rf_final,2040,105,CH4 total,-1.782721185239634e-15,-1.9216780853500575e-15,-1.785545493917744e-15,-1.3895690011042353e-16,-2.8243086781100484e-18,7.79465130391351,0.15842683093096266
dpRF,rf_final,2040,106,CH4 total,-1.7855380875769804e-15,-1.931503892962577e-15,-1.8046439460889867e-15,-1.4596580538559664e-16,-1.910585851200637e-17,8.174891725982494,1.0700336579172889
dpRF,rf_final,2040,107,CH4 total,-1.7880497771718405e-15,-1.9408387674923824e-15,-1.8232859872984824e-15,-1.5278899032054184e-16,-3.5236210126641806e-17,8.54500765421689,1.970650402270956
dpRF,rf_final,2040,108,CH4 total,-1.7902715569137457e-15,-1.9497128086968173e-15,-1.841509074040798e-15,-1.5944125178307163e-16,-5.1237517127052275e-17,8.905981395243348,2.8619969372345264
dpRF,rf_final,2040,109,CH4 total,-1.7922184991584913e-15,-1.958154580922111e-15,-1.8593464267444397e-15,-1.6593608176361965e-16,-6.712792758594832e-17,9.258697075246818,3.745521409218084
dpRF,rf_final,2040,110,CH4 total,-1.793904692644632e-15,-1.9661893014069352e-15,-1.876825746040765e-15,-1.7228460876230334e-16,-8.292105339613295e-17,9.603888627344848,4.622377863000518
dpRF,rf_final,2040,111,CH4 total,-1.795345384864201e-15,-1.973846999768459e-15,-1.8939850973369025e-15,-1.7850161490425807e-16,-9.863971247270148e-17,9.942466581033923,5.494191441061495
dpRF,rf_final,2040,112,CH4 total,-1.7965538954796894e-15,-1.9811492632891938e-15,-1.910851312726296e-15,-1.8459536780950438e-16,-1.1429741724660641e-16,10.274969666869717,6.362036648841442
dpRF,rf_final,2040,113,CH4 total,-1.7975443562566756e-15,-1.9881218983451036e-15,-1.9274573555934704e-15,-1.9057754208842807e-16,-1.299129993367948e-16,10.602105112182002,7.2272486008264165
dpRF,rf_final,2040,114,CH4 total,-1.7983280491381925e-15,-1.9947812218503334e-15,-1.9438184252053764e-15,-1.9645317271214096e-16,-1.454903760671839e-16,10.92421223181647,8.090313451814692
dpRF,rf_final,2040,115,CH4 total,-1.798917254259652e-15,-2.0011467497091178e-15,-1.9599533791208248e-15,-2.0222949544946595e-16,-1.6103612486117296e-16,11.24173415817805,8.951836138091172
dpRF,rf_final,2040,116,CH4 total,-1.799323237533413e-15,-2.007234751145558e-15,-1.975876292651273e-15,-2.0791151361214516e-16,-1.7655305511786008e-16,11.554984078189246,9.812192241783436
dpRF,rf_final,2040,117,CH4 total,-1.7995576414715337e-15,-2.01306524980537e-15,-1.9916092937249627e-15,-2.1350760833383646e-16,-1.9205165225342903e-16,11.864449541013151,10.672158969933557
dpRF,rf_final,2040,118,CH4 total,-1.7996303914357615e-15,-2.01865301152471e-15,-2.0071657921763385e-15,-2.1902262008894848e-16,-2.0753540074057695e-16,12.17042238957802,11.532112467549702
dpRF,rf_final,2040,119,CH4 total,-1.7995517685603867e-15,-2.0240146849580013e-15,-2.0225638470794618e-15,-2.244629163976146e-16,-2.2301207851907504e-16,12.473268083706278,12.392645903011793
dpRF,rf_final,2040,120,CH4 total,-1.799330990869862e-15,-2.029164285897066e-15,-2.0378146419369287e-15,-2.298332950272037e-16,-2.384836510670665e-16,12.77326385158819,13.254017869818094
dpRF,rf_final,2040,121,CH4 total,-1.7989770561939848e-15,-2.0341170331805978e-15,-2.0529373136935472e-15,-2.35139976986613e-16,-2.539602574995624e-16,13.070760195468424,14.116925873243474
dpRF,rf_final,2040,122,CH4 total,-1.7984973895364874e-15,-2.0388818638788636e-15,-2.067930900121611e-15,-2.403844743423761e-16,-2.6943351058512365e-16,13.36585061178924,14.981034287437172
dpRF,rf_final,2040,123,CH4 total,-1.7979011040841196e-15,-2.043475704382695e-15,-2.082814068032248e-15,-2.455746002985753e-16,-2.849129639481285e-16,13.658960425616684,15.846976416050865
dpRF,rf_final,2040,124,CH4 total,-1.797195142620521e-15,-2.047907947308934e-15,-2.0975924314684805e-15,-2.5071280468841293e-16,-3.0039728884795937e-16,13.95022714800154,16.714784150258993
dpRF,rf_final,2040,125,CH4 total,-1.7963861027219155e-15,-2.052186538088226e-15,-2.11226746748827e-15,-2.5580043536631057e-16,-3.1588136476635446e-16,14.239724688290412,17.58426901030494
dpRF,rf_final,2040,126,CH4 total,-1.7954804350400375e-15,-2.0563178780798043e-15,-2.126836551842719e-15,-2.608374430397668e-16,-3.313561168026815e-16,14.527445576645917,18.455011279211885
dpRF,rf_final,2040,127,CH4 total,-1.794484622671989e-15,-2.0603088056573846e-15,-2.1412973883779963e-15,-2.6582418298539566e-16,-3.4681276570600734e-16,14.813399882445538,19.32659446195771
dpRF,rf_final,2040,128,CH4 total,-1.793405767340894e-15,-2.0641685760590095e-15,-2.1556535117298895e-15,-2.707628087181156e-16,-3.622477443889956e-16,15.097688077560894,20.19887250201638
dpRF,rf_final,2040,129,CH4 total,-1.792250875546068e-15,-2.0679058244246672e-15,-2.169906315682561e-15,-2.7565494887859907e-16,-3.77655440136493e-16,15.380377414775245,21.071572361287192
dpRF,rf_final,2040,130,CH4 total,-1.791026576157844e-15,-2.0715300875520805e-15,-2.1840578815823692e-15,-2.805035113942366e-16,-3.9303130542452526e-16,15.661605200520246,21.94447087812991
dpRF,rf_final,2040,131,CH4 total,-1.7897385003436022e-15,-2.0750471576847435e-15,-2.1981003800842707e-15,-2.853086573411413e-16,-4.0836187974066853e-16,15.941359996802126,22.816846129323885
dpRF,rf_final,2040,132,CH4 total,-1.78839216221011e-15,-2.0784637016934055e-15,-2.2120275696364947e-15,-2.9007153948329543e-16,-4.2363540742638464e-16,16.219682998656324,23.68805994446165
dpRF,rf_final,2040,133,CH4 total,-1.7869930180586103e-15,-2.0817863012288443e-15,-2.2258371571613097e-15,-2.94793283170234e-16,-4.388441391026994e-16,16.49661079764584,24.557686273416994
dpRF,rf_final,2040,134,CH4 total,-1.785545898072954e-15,-2.085020367359278e-15,-2.2395261546582854e-15,-2.9947446928632395e-16,-4.539802565853314e-16,16.77215184496411,25.42529189954112
dpRF,rf_final,2040,135,CH4 total,-1.7840551836297823e-15,-2.0881700174156595e-15,-2.253089370057586e-15,-3.0411483378587724e-16,-4.690341864278036e-16,17.046268331629452,26.290340721048857
dpRF,rf_final,2040,136,CH4 total,-1.7825255686633488e-15,-2.0912413206612814e-15,-2.266531261798769e-15,-3.087157519979326e-16,-4.840056931354201e-16,17.319008345525578,27.152805078603077
dpRF,rf_final,2040,137,CH4 total,-1.7809607152702104e-15,-2.0942377405782965e-15,-2.279851680626746e-15,-3.1327702530808605e-16,-4.988909653565355e-16,17.590338889679277,28.012463221618162
dpRF,rf_final,2040,138,CH4 total,-1.779363779452083e-15,-2.0971598914327867e-15,-2.2930441461709535e-15,-3.177961119807036e-16,-5.136803667188704e-16,17.860097842306427,28.86876605283306
dpRF,rf_final,2040,139,CH4 total,-1.777739064630213e-15,-2.100012662143269e-15,-2.306120258542723e-15,-3.222735975130562e-16,-5.283811939125102e-16,18.12828462427315,29.722089390121976
dpRF,rf_final,2040,140,CH4 total,-1.776090551591553e-15,-2.1028017139139143e-15,-2.3190874346085132e-15,-3.2671116232236127e-16,-5.429968830169602e-16,18.394960889217934,30.5725900366049
dpRF,rf_final,2040,141,CH4 total,-1.7744212660054152e-15,-2.1055280714942403e-15,-2.331945200351875e-15,-3.311068054888251e-16,-5.575239343464598e-16,18.659988573864094,31.420043539128685
dpRF,rf_final,2040,142,CH4 total,-1.7727351065233655e-15,-2.1081971375248317e-15,-2.3447086588001805e-15,-3.354620310014662e-16,-5.719735522768149e-16,18.92341556090488,32.265032162563315
dpRF,rf_final,2040,143,CH4 total,-1.771035352346165e-15,-2.110812568423692e-15,-2.3573836229341778e-15,-3.397772160775269e-16,-5.863482705880128e-16,19.185230584325137,33.107654785730425
dpRF,rf_final,2040,144,CH4 total,-1.7693255067965113e-15,-2.1133782982738922e-15,-2.369975242515651e-15,-3.440527914773809e-16,-6.006497357191397e-16,19.4454208768127,33.94794984935578
dpRF,rf_final,2040,145,CH4 total,-1.7676080001095502e-15,-2.1158969874385143e-15,-2.3824879211754455e-15,-3.482889873289641e-16,-6.148799210658953e-16,19.703972108486628,34.78598880678223
dpRF,rf_final,2040,146,CH4 total,-1.76588544171744e-15,-2.1183727400225903e-15,-2.394927644817657e-15,-3.524872983051503e-16,-6.290422031002169e-16,19.96093800752631,35.62191455004193
dpRF,rf_final,2040,147,CH4 total,-1.7641593162978856e-15,-2.1208058772091302e-15,-2.407291779669369e-15,-3.566465609112446e-16,-6.431324633714832e-16,20.216233172164557,36.455463938546444
dpRF,rf_final,2040,148,CH4 total,-1.762431760978096e-15,-2.1231987038836294e-15,-2.4195797904145758e-15,-3.6076694290553338e-16,-6.571480294364798e-16,20.469838940335407,37.2864382035298
dpRF,rf_final,2040,149,CH4 total,-1.7607048625027775e-15,-2.1255541469018833e-15,-2.4317933274835884e-15,-3.6484928439910585e-16,-6.710884649808109e-16,20.721774112697457,38.11476183617072
dpRF,rf_final,2040,150,CH4 total,-1.7589819993429943e-15,-2.1278726096653825e-15,-2.4439265912083705e-15,-3.688906103223882e-16,-6.849445918653762e-16,20.971824069841208,38.939829521917396
dpRF,rf_final,2040,151,CH4 total,-1.7572696265796416e-15,-2.130156085704592e-15,-2.455981182278158e-15,-3.728864591249502e-16,-6.987115556985164e-16,21.21964970456687,39.76120369521734
dpRF,rf_final,2040,152,CH4 total,-1.7555749850621774e-15,-2.1324037896191808e-15,-2.467947733296167e-15,-3.768288045570034e-16,-7.123727482339898e-16,21.46469434591865,40.57774542787528
dpRF,rf_final,2040,153,CH4 total,-1.7539068535758019e-15,-2.1346194465993063e-15,-2.4798315389776134e-15,-3.807125930235044e-16,-7.259246854018115e-16,21.706545718053462,41.38901013596147
dpRF,rf_final,2040,154,CH4 total,-1.7522723559658471e-15,-2.1368052614298634e-15,-2.4916335872697267e-15,-3.845329054640163e-16,-7.393612313038796e-16,21.944813781648858,42.19442421645384
dpRF,rf_final,2040,155,CH4 total,-1.7506777470147189e-15,-2.1389650612850187e-15,-2.5033622317763772e-15,-3.8828731427029985e-16,-7.526844847616583e-16,22.179256858231792,42.99389113988264
dpRF,rf_final,2040,156,CH4 total,-1.7491274579114477e-15,-2.141100212860952e-15,-2.515015021139908e-15,-3.9197275494950426e-16,-7.658875632284603e-16,22.40961647343532,43.78683553129806
dpRF,rf_final,2040,157,CH4 total,-1.74762409951985e-15,-2.1432101777355207e-15,-2.5265901486053975e-15,-3.955860782156707e-16,-7.789660490855475e-16,22.635650213587454,44.57286033647419
dpRF,rf_final,2040,158,CH4 total,-1.7461709319665365e-15,-2.145298930875705e-15,-2.538094672105921e-15,-3.9912799890916867e-16,-7.919237401393846e-16,22.857326943340592,45.35201712741379
dpRF,rf_final,2040,159,CH4 total,-1.7447686388617857e-15,-2.1473640208604953e-15,-2.5495202673726633e-15,-4.025953819987096e-16,-8.047516285108775e-16,23.074427923082457,46.123687151774114
dpRF,rf_final,2040,160,CH4 total,-1.7434185365382288e-15,-2.1494063693035567e-15,-2.5608678395750045e-15,-4.0598783276532795e-16,-8.174493030367757e-16,23.286882883066422,46.887725804494515
dpRF,rf_final,2040,161,CH4 total,-1.7421218895024627e-15,-2.1514277977847207e-15,-2.5721385192333604e-15,-4.0930590828225803e-16,-8.300166297308977e-16,23.49467685060503,47.644004402467175
dpRF,rf_final,2040,162,CH4 total,-1.7408789917494574e-15,-2.153428037320136e-15,-2.5833281597789876e-15,-4.125490455706787e-16,-8.424491680295302e-16,23.697743928548228,48.39217269104556
dpRF,rf_final,2040,163,CH4 total,-1.739690699114958e-15,-2.155408686463905e-15,-2.594435344676306e-15,-4.157179873489469e-16,-8.54744645561348e-16,23.89608610084754,49.13198915164556
dpRF,rf_final,2040,164,CH4 total,-1.7385573017421787e-15,-2.1573707992704145e-15,-2.6054618820169627e-15,-4.1881349752823585e-16,-8.66904580274784e-16,24.089714909514342,49.86344593911709
dpRF,rf_final,2040,165,CH4 total,-1.7374794544903821e-15,-2.15931720240499e-15,-2.6164111030739752e-15,-4.218377479146077e-16,-8.789316485835931e-16,24.27871862452246,50.58659233708127
dpRF,rf_final,2040,166,CH4 total,-1.7364564249714747e-15,-2.1612463795237998e-15,-2.627277804480374e-15,-4.2478995455232514e-16,-8.908213795088995e-16,24.463035665251624,51.30110762920717
dpRF,rf_final,2040,167,CH4 total,-1.7354886358976318e-15,-2.1631620112239937e-15,-2.6380686513573343e-15,-4.276733753263619e-16,-9.025800154597025e-16,24.64282199722732,52.00725586963403
dpRF,rf_final,2040,168,CH4 total,-1.7345754360966702e-15,-2.1650646875874492e-15,-2.64878245793769e-15,-4.3048925149077904e-16,-9.142070218410198e-16,24.81813373649016,52.70494455394039
dpRF,rf_final,2040,169,CH4 total,-1.7337161911070907e-15,-2.1669562257643095e-15,-2.6594229365741278e-15,-4.3324003465721874e-16,-9.25706745467037e-16,24.989097805020023,53.39436467256575
dpRF,rf_final,2040,170,CH4 total,-1.7329091630959528e-15,-2.1688354285228536e-15,-2.669988471422877e-15,-4.359262654269008e-16,-9.370793083269244e-16,25.155748189829563,54.07550079848227
dpRF,rf_final,2040,171,CH4 total,-1.732153104320002e-15,-2.17070274306167e-15,-2.6804818382714494e-15,-4.385496387416679e-16,-9.483287339514473e-16,25.31817987959159,54.74855147540415
dpRF,rf_final,2040,172,CH4 total,-1.731446307200278e-15,-2.17255760333237e-15,-2.690901741831156e-15,-4.4111129613209206e-16,-9.59455434630878e-16,25.476464057690716,55.41352513450462
dpRF,rf_final,2040,173,CH4 total,-1.7307873137728126e-15,-2.1744004239499247e-15,-2.701249656865582e-15,-4.4361311017711205e-16,-9.704623430927692e-16,25.630711910530085,56.0705717779576
dpRF,rf_final,2040,174,CH4 total,-1.7301748874993081e-15,-2.1762311406510604e-15,-2.7115223360915444e-15,-4.460562531517522e-16,-9.813474485922362e-16,25.780992220760723,56.71955220726949
dpRF,rf_final,2040,175,CH4 total,-1.7296081794378248e-15,-2.1780523364806568e-15,-2.721726503342268e-15,-4.484441570428319e-16,-9.921183239044431e-16,25.927499787182427,57.36087142157894
dpRF,rf_final,2040,176,CH4 total,-1.729085796682393e-15,-2.179864468182215e-15,-2.731861887975622e-15,-4.50778671499822e-16,-1.0027760912932288e-15,26.070347253139992,57.994582641142564
dpRF,rf_final,2040,177,CH4 total,-1.7286060644359994e-15,-2.1816671651022813e-15,-2.741927292434929e-15,-4.530611006662819e-16,-1.0133212279989295e-15,26.209621150097277,58.620714623580284
dpRF,rf_final,2040,178,CH4 total,-1.7281677829721151e-15,-2.1834621911128857e-15,-2.751925317330362e-15,-4.552944081407706e-16,-1.0237575343582468e-15,26.345497967665615,59.23947572946774
dpRF,rf_final,2040,179,CH4 total,-1.7277691993537543e-15,-2.1852497596466757e-15,-2.76185757332962e-15,-4.574805602929214e-16,-1.0340883739758658e-15,26.478106014624814,59.85107121730442
dpRF,rf_final,2040,180,CH4 total,-1.7274086517634935e-15,-2.1870311870411316e-15,-2.771731371975774e-15,-4.596225352776381e-16,-1.0443227202122804e-15,26.607631888865107,60.456031590795966
dpRF,rf_final,2040,181,CH4 total,-1.7270839767063092e-15,-2.1888068635891313e-15,-2.7815501332366434e-15,-4.617228868828221e-16,-1.0544661565303342e-15,26.734246458783407,61.05471249529438
dpRF,rf_final,2040,182,CH4 total,-1.7267930151117043e-15,-2.1905773945076406e-15,-2.7913187992335356e-15,-4.637843793959363e-16,-1.0645257841218313e-15,26.85813385490991,61.64756139304677
dpRF,rf_final,2040,183,CH4 total,-1.7265330980654331e-15,-2.1923411885698806e-15,-2.8010350687871606e-15,-4.658080905044475e-16,-1.0745019707217275e-15,26.979389565504526,62.23465810911465
dpRF,rf_final,2040,184,CH4 total,-1.7263021062157582e-15,-2.194098402149178e-15,-2.8106990167635552e-15,-4.677962959334198e-16,-1.084396910547797e-15,27.098170954496492,62.816172594779076
dpRF,rf_final,2040,185,CH4 total,-1.7260977149525015e-15,-2.1958479021482642e-15,-2.8203049687723107e-15,-4.697501871957627e-16,-1.0942072538198092e-15,27.21457673725553,63.3919646808593
dpRF,rf_final,2040,186,CH4 total,-1.7259184817497297e-15,-2.1975902112986645e-15,-2.8298544112742277e-15,-4.716717295489348e-16,-1.103935929524498e-15,27.328737396146064,63.96222887684312
dpRF,rf_final,2040,187,CH4 total,-1.7257633579531547e-15,-2.199327383885574e-15,-2.8393508832222303e-15,-4.735640259324194e-16,-1.1135875252690756e-15,27.440843714174758,64.52724356077698
dpRF,rf_final,2040,188,CH4 total,-1.7256305116536914e-15,-2.2010583606159984e-15,-2.848788202244523e-15,-4.75427848962307e-16,-1.1231576905908315e-15,27.550964459170295,65.08680062190699
dpRF,rf_final,2040,189,CH4 total,-1.725518572829456e-15,-2.202784744035066e-15,-2.8581685691134536e-15,-4.772661712056099e-16,-1.1326499962839975e-15,27.659289138974753,65.64113618474187
dpRF,rf_final,2040,190,CH4 total,-1.7254257332847995e-15,-2.2045067564366054e-15,-2.867494896171736e-15,-4.790810231518059e-16,-1.1420691628869365e-15,27.76596024447542,66.19057203422537
dpRF,rf_final,2040,191,CH4 total,-1.725350175079474e-15,-2.2062247070008985e-15,-2.876766648154249e-15,-4.808745319214244e-16,-1.151416473074775e-15,27.87112661922523,66.73523379227859
dpRF,rf_final,2040,192,CH4 total,-1.72528993298326e-15,-2.2079380615501556e-15,-2.885983289069289e-15,-4.826481285668955e-16,-1.160693356086029e-15,27.97489971626575,67.2752639365972
dpRF,rf_final,2040,193,CH4 total,-1.725243678705284e-15,-2.2096478414072516e-15,-2.8951480991517517e-15,-4.844041627019677e-16,-1.1699044204464678e-15,28.07743443323269,67.81096693102666
dpRF,rf_final,2040,194,CH4 total,-1.725209583919284e-15,-2.211353778358012e-15,-2.904258137698825e-15,-4.861441944387281e-16,-1.1790485537795408e-15,28.17884846977948,68.34233734668982
dpRF,rf_final,2040,195,CH4 total,-1.7251860478836868e-15,-2.213055236867893e-15,-2.913311558784205e-15,-4.878691889842062e-16,-1.1881255109005181e-15,28.279221802348975,68.86941338054586
dpRF,rf_final,2040,196,CH4 total,-1.7251717161368037e-15,-2.2147516804256848e-15,-2.922305125363681e-15,-4.895799642888811e-16,-1.1971334092268774e-15,28.37862223855623,69.39213053571453
dpRF,rf_final,2040,197,CH4 total,-1.72516589367574e-15,-2.216445162644414e-15,-2.931243809368469e-15,-4.912792689686741e-16,-1.2060779156927292e-15,28.47721896019667,69.9108369875658
dpRF,rf_final,2040,198,CH4 total,-1.7251669602046987e-15,-2.2181344357581995e-15,-2.9401228215406895e-15,-4.929674755535008e-16,-1.2149558613359908e-15,28.575058931977694,70.42540747429055
dpRF,rf_final,2040,199,CH4 total,-1.72517385344037e-15,-2.2198198957232855e-15,-2.9489415874489057e-15,-4.946460422829155e-16,-1.2237677340085357e-15,28.67224316531834,70.93590779665934
dpRF,rf_final,2040,200,CH4 total,-1.7251854234251281e-15,-2.221501798275167e-15,-2.9577028925209543e-15,-4.963163748500389e-16,-1.2325174690958262e-15,28.768871340488623,71.44260856603027
dpRF,rf_final,2040,0,N2O total,2.764603829887754e-13,2.82724403745757e-13,2.840056904921085e-13,6.2640207569816086e-15,7.545307503333138e-15,2.2657932718106433,2.729254521664859
dpRF,rf_final,2040,1,N2O total,2.7377347371151987e-13,2.7983269970752226e-13,2.810584096156731e-13,6.059225996002383e-15,7.284935904153239e-15,2.213226107649531,2.660935628785391
dpRF,rf_final,2040,2,N2O total,2.711635187993301e-13,2.7701699307231824e-13,2.781876844219668e-13,5.853474272988119e-15,7.024165622636685e-15,2.1586510969124433,2.590380023735714
dpRF,rf_final,2040,3,N2O total,2.685579302676685e-13,2.742071908018146e-13,2.7532566305615453e-13,5.649260534146113e-15,6.7677327884860484e-15,2.1035537950845695,2.5200271620133243
dpRF,rf_final,2040,4,N2O total,2.659247720638495e-13,2.7137217322167086e-13,2.724418959853068e-13,5.44740115782138e-15,6.517123921457317e-15,2.048474504854869,2.450739685091291
dpRF,rf_final,2040,5,N2O total,2.632537683443841e-13,2.6850173948841235e-13,2.6952621604301873e-13,5.247971144028251e-15,6.2724476986346325e-15,1.9935027623851311,2.382662074728261
dpRF,rf_final,2040,6,N2O total,2.605455789505047e-13,2.6559636524293967e-13,2.665788135293545e-13,5.050786292434964e-15,6.033234578849811e-15,1.9385423129342185,2.3156157948072233
dpRF,rf_final,2040,7,N2O total,2.578057919836034e-13,2.6266136301223785e-13,2.6360473989908784e-13,4.855571028634452e-15,5.798947915484445e-15,1.8834220097519254,2.2493474141392684
dpRF,rf_final,2040,8,N2O total,2.5504171511207595e-13,2.597038190200132e-13,2.6061077137413157e-13,4.662103907937259e-15,5.569056262055618e-15,1.8279770059923477,2.1835864221695434
dpRF,rf_final,2040,9,N2O total,2.522608039197892e-13,2.5673099824646215e-13,2.5760390893945727e-13,4.4701943266729635e-15,5.3431050196680776e-15,1.7720526761241677,2.1180876841124365
dpRF,rf_final,2040,10,N2O total,2.494698751027994e-13,2.5374953745537687e-13,2.5459061165427015e-13,4.279662352577487e-15,5.120736551470774e-15,1.7155026637240112,2.052647258255397
dpRF,rf_final,2040,11,N2O total,2.466747899115013e-13,2.5076528275617044e-13,2.5157642546356267e-13,4.090492844669114e-15,4.9016355520613445e-15,1.6582533002811701,1.9870841093327323
dpRF,rf_final,2040,12,N2O total,2.4388047264502355e-13,2.4778310440099885e-13,2.485659923558161e-13,3.902631755975302e-15,4.6855197107925375e-15,1.6002231394949429,1.9212361120902341
dpRF,rf_final,2040,13,N2O total,2.4109097345894393e-13,2.4480703706135386e-13,2.455631455060034e-13,3.7160636024099235e-15,4.472172047059446e-15,1.541353269720296,1.8549728274339663
dpRF,rf_final,2040,14,N2O total,2.3830959639901167e-13,2.418403411763899e-13,2.4257101514762594e-13,3.530744777378224e-15,4.2614187486142656e-15,1.481578933760834,1.7881859618775884
dpRF,rf_final,2040,15,N2O total,2.355389685720124e-13,2.3888570030876894e-13,2.3959208260809686e-13,3.3467317367565238e-15,4.053114036084442e-15,1.420882394555155,1.7207827904898312
dpRF,rf_final,2040,16,N2O total,2.3278126837913795e-13,2.359452491530761e-13,2.3662835706763313e-13,3.163980773938155e-15,3.847088688495178e-15,1.3592076355494733,1.652662482373499
dpRF,rf_final,2040,17,N2O total,2.300382253614999e-13,2.3302075667896866e-13,2.3368147322682927e-13,2.9825313174687368e-15,3.643247865329345e-15,1.2965372658312573,1.5837575948971363
dpRF,rf_final,2040,18,N2O total,2.2731121909068395e-13,2.30113622879979e-13,2.307527203801199e-13,2.8024037892950448e-15,3.4415012894359536e-15,1.2328488670755176,1.5140041495545342
dpRF,rf_final,2040,19,N2O total,2.2460141378922289e-13,2.2722503017448117e-13,2.278431757273635e-13,2.623616385258283e-15,3.2417619381406254e-15,1.1681210465221803,1.4433399520729888
dpRF,rf_final,2040,20,N2O total,2.2190970511103886e-13,2.2435595011357752e-13,2.2495369153399836e-13,2.446245002538661e-15,3.043986422959507e-15,1.102360530520561,1.371722981397484
dpRF,rf_final,2040,21,N2O total,2.1923687013831244e-13,2.2150721272296374e-13,2.220850019439914e-13,2.2703425846512983e-15,2.8481318056789628e-15,1.0355660447163753,1.2991116885960512
dpRF,rf_final,2040,22,N2O total,2.165835417264978e-13,2.1867954298914025e-13,2.1923777275016894e-13,2.096001262642434e-15,2.654231023671124e-15,0.9677564813716405,1.2254998706332418
dpRF,rf_final,2040,23,N2O total,2.1395019727342805e-13,2.15873534181834e-13,2.1641247380122352e-13,1.9233369084059582e-15,2.46227652779547e-15,0.8989647744740971,1.1508643409422445
dpRF,rf_final,2040,24,N2O total,2.1133731673952556e-13,2.1308972231679212e-13,2.1360958533818798e-13,1.7524055772665571e-15,2.2722685986624213e-15,0.8291983660540211,1.075185695417438
dpRF,rf_final,2040,25,N2O total,2.0874527482905318e-13,2.103285629764029e-13,2.108294599581074e-13,1.5832881473497185e-15,2.0841851290542107e-15,0.7584785565308308,0.9984346379868971
dpRF,rf_final,2040,26,N2O total,2.0617435211878642e-13,2.0759044206752693e-13,2.0807245155264213e-13,1.4160899487405178e-15,1.8980994338557185e-15,0.686840983947724,0.9206283004406568
dpRF,rf_final,2040,27,N2O total,2.0362484986362866e-13,2.0487570475657357e-13,2.0533880429984934e-13,1.2508548929449094e-15,1.7139544362206756e-15,0.6142938319083502,0.841721645157034
dpRF,rf_final,2040,28,N2O total,2.010969943490409e-13,2.0218464391297986e-13,2.0262879607577667e-13,1.0876495639389516e-15,1.531801726735766e-15,0.5408581900787315,0.7617228351394659
dpRF,rf_final,2040,29,N2O total,1.985909749586321e-13,1.9951755449868885e-13,1.9994262390712834e-13,9.265795400567438e-16,1.3516489484962323e-15,0.4665768624428964,0.6806195240130073
dpRF,rf_final,2040,30,N2O total,1.961069644330927e-13,1.96874668312338e-13,1.9728045757446255e-13,7.677038792453026e-16,1.173493141369862e-15,0.39147201195255155,0.5983944245744682
dpRF,rf_final,2040,31,N2O total,1.93645085173304e-13,1.9425623773453385e-13,1.9464244223011822e-13,6.11152561229857e-16,9.973570568142277e-16,0.31560447851434076,0.5150438266592907
dpRF,rf_final,2040,32,N2O total,1.9120546765114916e-13,1.9166249116594155e-13,1.9202871652262524e-13,4.570235147923929e-16,8.232488714760853e-16,0.23902219973448874,0.43055718102062207
dpRF,rf_final,2040,33,N2O total,1.8878818373086926e-13,1.890936173238087e-13,1.8943934795926442e-13,3.054335929394449e-16,6.511642283951691e-16,0.16178639303763936,0.3449178945031058
dpRF,rf_final,2040,34,N2O total,1.8639331580141928e-13,1.8654978532322674e-13,1.8687443665928342e-13,1.5646952180745156e-16,4.811208578641355e-16,0.08394588675816675,0.25812130429436353
dpRF,rf_final,2040,35,N2O total,1.8402089601793604e-13,1.8403113153230446e-13,1.843340310073898e-13,1.0235514368416624e-17,3.1313498945374805e-16,0.005562147880977058,0.17016273490116446
dpRF,rf_final,2040,36,N2O total,1.816709838313222e-13,1.8153775900185518e-13,1.8181818340358738e-13,-1.3322482946701731e-16,1.4719957226518153e-16,-0.07333302581259418,0.08102536198177543
dpRF,rf_final,2040,37,N2O total,1.7934359157693368e-13,1.790697916182811e-13,1.7932689681694585e-13,-2.7379995865258676e-16,-1.6694759987824535e-17,-0.1526678239490558,-0.009308813234434934
dpRF,rf_final,2040,38,N2O total,1.7703871468793395e-13,1.7662727346499347e-13,1.7686017954858987e-13,-4.1144122294047983e-16,-1.7853513934408506e-16,-0.23240183575989412,-0.10084525277919514
dpRF,rf_final,2040,39,N2O total,1.747563844973205e-13,1.7421028811165173e-13,1.744180444812704e-13,-5.46096385668774e-16,-3.383400160500984e-16,-0.3124900914147415,-0.19360666966378334
dpRF,rf_final,2040,40,N2O total,1.7249653649597176e-13,1.7181885711843889e-13,1.7200047350543326e-13,-6.776793775328735e-16,-4.960629905384968e-16,-0.392865498229119,-0.28757852222156427
dpRF,rf_final,2040,41,N2O total,1.7025913853801078e-13,1.6945297149906438e-13,1.6960746855030992e-13,-8.061670389463918e-16,-6.516699877008552e-16,-0.47349413715400246,-0.38275184127950246
dpRF,rf_final,2040,42,N2O total,1.6804414478989424e-13,1.6711260984936826e-13,1.6723901753849884e-13,-9.315349405259812e-16,-8.051272513954037e-16,-0.5543394217577056,-0.47911651572392183
dpRF,rf_final,2040,43,N2O total,1.6585147832262325e-13,1.6479770525854556e-13,1.6489506359705999e-13,-1.0537730640776962e-15,-9.564147255632664e-16,-0.6353715232057443,-0.576669400379294
dpRF,rf_final,2040,44,N2O total,1.6368105177390765e-13,1.6250823147619464e-13,1.6257558907738105e-13,-1.172820297713007e-15,-1.1054626965265957e-15,-0.7165278356917095,-0.6753760954893969
dpRF,rf_final,2040,45,N2O total,1.6153279959654374e-13,1.6024410218031034e-13,1.6028051603510876e-13,-1.2886974162333954e-15,-1.252283561434976e-15,-0.7977930299308508,-0.7752503296932709
dpRF,rf_final,2040,46,N2O total,1.5940660940895195e-13,1.5800523780082778e-13,1.5800977752084331e-13,-1.4013716081241738e-15,-1.3968318881086396e-15,-0.879117630893839,-0.8762697439509032
dpRF,rf_final,2040,47,N2O total,1.5730238009875675e-13,1.5579155287946632e-13,1.5576329695518418e-13,-1.5108272192904266e-15,-1.5390831435725648e-15,-0.9604604954749617,-0.9784233033259293
dpRF,rf_final,2040,48,N2O total,1.552200159765262e-13,1.5360293636709542e-13,1.5354099250142823e-13,-1.6170796094307681e-15,-1.6790234750979595e-15,-1.0417983784226112,-1.0817055162214884
dpRF,rf_final,2040,49,N2O total,1.5315941076515034e-13,1.5143930311565472e-13,1.5134274374222358e-13,-1.7201076494956172e-15,-1.8166670229267585e-15,-1.1230832247932674,-1.186128239754315
dpRF,rf_final,2040,50,N2O total,1.5112043785501481e-13,1.493005303710744e-13,1.4916848792358412e-13,-1.819907483940401e-15,-1.951949931430692e-15,-1.2042762115911967,-1.2916518500981289
dpRF,rf_final,2040,51,N2O total,1.4910301163865983e-13,1.4718649194480683e-13,1.4701810652674955e-13,-1.916519693853005e-15,-2.0849051119102782e-15,-1.2853661859611187,-1.3982984575542259
dpRF,rf_final,2040,52,N2O total,1.471069893903524e-13,1.4509705843922808e-13,1.4489149260918577e-13,-2.009930951124326e-15,-2.215496781166639e-15,-1.3663055436413831,-1.5060445396566153
dpRF,rf_final,2040,53,N2O total,1.4513225233654407e-13,1.4303209564509913e-13,1.427885608320447e-13,-2.1001566914449474e-15,-2.3436915044993855e-15,-1.4470640795782175,-1.6148660733691704
dpRF,rf_final,2040,54,N2O total,1.4317869003348756e-13,1.4099148107491926e-13,1.4070917151649282e-13,-2.1872089585682984e-15,-2.469518516994736e-15,-1.5276078849839594,-1.724780773184298
dpRF,rf_final,2040,55,N2O total,1.4124615325869852e-13,1.3897505308794103e-13,1.386532237582545e-13,-2.271100170757491e-15,-2.592929500444032e-15,-1.6079023168849575,-1.8357522952819592
dpRF,rf_final,2040,56,N2O total,1.3933452711356184e-13,1.36982669294212e-13,1.3662058764430746e-13,-2.351857819349834e-15,-2.713939469254376e-15,-1.6879217722058217,-1.9477867585845636
dpRF,rf_final,2040,57,N2O total,1.3744366469108988e-13,1.3501417233518831e-13,1.3461112278358953e-13,-2.4294923559015634e-15,-2.8325419075003496e-15,-1.7676277486939427,-2.060874841970054
dpRF,rf_final,2040,58,N2O total,1.3557341468631717e-13,1.3306939941731602e-13,1.3262469299737371e-13,-2.5040152690011444e-15,-2.948721688943454e-15,-1.8469810432928957,-2.17499994063442
dpRF,rf_final,2040,59,N2O total,1.337236377483864e-13,1.3114819114453192e-13,1.306611582928604e-13,-2.5754466038544685e-15,-3.0624794555259786e-15,-1.9259471602921945,-2.2901556576619027
dpRF,rf_final,2040,60,N2O total,1.318942003801366e-13,1.292503510875994e-13,1.287203687697855e-13,-2.643849292537199e-15,-3.173831610351097e-15,-2.0045227803173105,-2.4063466029618383
dpRF,rf_final,2040,61,N2O total,1.3008497847917856e-13,1.273756746871692e-13,1.2680214576966898e-13,-2.7093037920093575e-15,-3.2828327095095834e-15,-2.0827184073701557,-2.52360629789014
dpRF,rf_final,2040,62,N2O total,1.2829584695562239e-13,1.2552392349974367e-13,1.249062994598446e-13,-2.771923455878714e-15,-3.389547495777784e-15,-2.1605714617071934,-2.6419775668578196
dpRF,rf_final,2040,63,N2O total,1.26526685730905e-13,1.2369489103240101e-13,1.2303265440859163e-13,-2.831794698503986e-15,-3.494031322313375e-15,-2.2381007470049465,-2.7614975466475324
dpRF,rf_final,2040,64,N2O total,1.2477736969186016e-13,1.2188835896154769e-13,1.211810170970371e-13,-2.8890107303124716e-15,-3.5963525948230645e-15,-2.3153322893782207,-2.882215423922077
dpRF,rf_final,2040,65,N2O total,1.2304776094659594e-13,1.2010410553560275e-13,1.1935120836941225e-13,-2.9436554109931895e-15,-3.696552577183689e-15,-2.392286855403056,-3.0041607817537073
dpRF,rf_final,2040,66,N2O total,1.2133773302616621e-13,1.183419299103963e-13,1.1754303659927676e-13,-2.9958031157699114e-15,-3.794696426889456e-15,-2.46897897385628,-3.1273836524299803
dpRF,rf_final,2040,67,N2O total,1.196471468689206e-13,1.1660160183775063e-13,1.157563075172809e-13,-3.045545031169962e-15,-3.890839351639687e-15,-2.545438910053165,-3.251928235198366
dpRF,rf_final,2040,68,N2O total,1.1797585899358616e-13,1.148829032850376e-13,1.139908313999432e-13,-3.0929557085485484e-15,-3.985027593642958e-15,-2.6216852625050175,-3.377833081816854
dpRF,rf_final,2040,69,N2O total,1.1632372225176997e-13,1.1318562879764002e-13,1.1224640657163416e-13,-3.1380934541299525e-15,-4.077315680135808e-15,-2.6977244137166556,-3.5051454692198587
dpRF,rf_final,2040,70,N2O total,1.146906102201603e-13,1.1150956029961257e-13,1.1052284572509538e-13,-3.1810499205477273e-15,-4.167764495064916e-15,-2.7735922883672677,-3.633919539763951
dpRF,rf_final,2040,71,N2O total,1.1307635948536864e-13,1.0985446677039036e-13,1.0881992506504492e-13,-3.2218927149782735e-15,-4.256434420323717e-15,-2.8493070785455963,-3.7642124664213945
dpRF,rf_final,2040,72,N2O total,1.1148082915583425e-13,1.0822013048308304e-13,1.0713746995767514e-13,-3.2606986727512113e-15,-4.3433591981591124e-15,-2.9248963229303047,-3.896059287545949
dpRF,rf_final,2040,73,N2O total,1.0990385925398626e-13,1.0660634711108703e-13,1.0547525279243191e-13,-3.297512142899227e-15,-4.428606461554348e-15,-3.0003606472805684,-4.029527708685735
dpRF,rf_final,2040,74,N2O total,1.0834531021805e-13,1.0501288291010514e-13,1.0383309820395216e-13,-3.332427307944863e-15,-4.512212014097844e-15,-3.07574670397657,-4.16465835486262
dpRF,rf_final,2040,75,N2O total,1.0680503074048197e-13,1.0343952543843751e-13,1.0221079748151242e-13,-3.365505302044463e-15,-4.594233258969553e-15,-3.151073763764993,-4.301513914763769
dpRF,rf_final,2040,76,N2O total,1.0528284872221291e-13,1.018860582174036e-13,1.0060815296373961e-13,-3.39679050480931e-15,-4.6746957584733025e-15,-3.2263474497842344,-4.440130387056121
dpRF,rf_final,2040,77,N2O total,1.0377861655524132e-13,1.0035226181663194e-13,9.902497260283373e-14,-3.4263547386093842e-15,-4.753643952407598e-15,-3.301599936809272,-4.580562075499662
dpRF,rf_final,2040,78,N2O total,1.022921750760253e-13,9.883790544002414e-14,9.746106522687854e-14,-3.454269636001152e-15,-4.831109849146753e-15,-3.3768659562022996,-4.722853772105432
dpRF,rf_final,2040,79,N2O total,1.0082337265927674e-13,9.734278172789053e-14,9.591623668752452e-14,-3.480590931386206e-15,-4.907135971752216e-15,-3.452166734342979,-4.8670619146370235
dpRF,rf_final,2040,80,N2O total,9.937204710316016e-14,9.586668088841026e-14,9.439029267130253e-14,-3.5053662147499038e-15,-4.981754431857631e-15,-3.527517362212445,-5.013235187442571
dpRF,rf_final,2040,81,N2O total,9.793804312541498e-14,9.440937450950839e-14,9.288303806148868e-14,-3.5286686159065835e-15,-5.055005063926299e-15,-3.6029600993639743,-5.161431556737448
dpRF,rf_final,2040,82,N2O total,9.652119542097595e-14,9.297065756229027e-14,9.139428575073916e-14,-3.550537858685678e-15,-5.12690967023678e-15,-3.678505890027629,-5.311693092771831
dpRF,rf_final,2040,83,N2O total,9.512136053421284e-14,9.155031429754456e-14,8.992384070692454e-14,-3.571046236668286e-15,-5.197519827288306e-15,-3.7542001256214865,-5.4640932363650165
dpRF,rf_final,2040,84,N2O total,9.373836858032601e-14,9.014813545071848e-14,8.847151555808973e-14,-3.590233129607527e-15,-5.2668530222362765e-15,-3.8300571942757835,-5.618673657332772
dpRF,rf_final,2040,85,N2O total,9.23720549154282e-14,8.876390939306756e-14,8.703712300459738e-14,-3.60814552236064e-15,-5.33493191083082e-15,-3.906100741900892,-5.775482547958092
dpRF,rf_final,2040,86,N2O total,9.102227038016663e-14,8.739743111043786e-14,8.562047943938438e-14,-3.624839269728767e-15,-5.401790940782251e-15,-3.982365254776818,-5.934581633946233
dpRF,rf_final,2040,87,N2O total,8.968884737142303e-14,8.604848533655118e-14,8.422138166406844e-14,-3.640362034871851e-15,-5.467465707354594e-15,-4.058879271573463,-6.096037431178603
dpRF,rf_final,2040,88,N2O total,8.837163372381166e-14,8.47168720923359e-14,8.283964062985652e-14,-3.654761631475755e-15,-5.531993093955142e-15,-4.1356728143082675,-6.259919457010731
dpRF,rf_final,2040,89,N2O total,8.707045918492619e-14,8.340238970152087e-14,8.147506463620404e-14,-3.668069483405316e-15,-5.595394548722147e-15,-4.212760008092778,-6.426283496263946
dpRF,rf_final,2040,90,N2O total,8.578516896309321e-14,8.210482685832244e-14,8.012745745226956e-14,-3.680342104770767e-15,-5.657711510823648e-15,-4.290184596307244,-6.595209380840326
dpRF,rf_final,2040,91,N2O total,8.451560790537936e-14,8.082398009963286e-14,7.879661632008019e-14,-3.691627805746503e-15,-5.7189915852991715e-15,-4.367983497059521,-6.766787492911308
dpRF,rf_final,2040,92,N2O total,8.326161028161582e-14,7.955966111377546e-14,7.748234952591265e-14,-3.701949167840364e-15,-5.7792607557031715e-15,-4.446165712288362,-6.941086938093045
dpRF,rf_final,2040,93,N2O total,8.20230262194534e-14,7.831167233673845e-14,7.618445404812396e-14,-3.71135388271495e-15,-5.838572171329439e-15,-4.524770730581419,-7.118211117580913
dpRF,rf_final,2040,94,N2O total,8.079968801441065e-14,7.707980659527117e-14,7.490273392684447e-14,-3.71988141913948e-15,-5.896954087566171e-15,-4.603831413898576,-7.2982386844296325
dpRF,rf_final,2040,95,N2O total,7.959144114454955e-14,7.58638714210817e-14,7.363699183287534e-14,-3.7275697234678475e-15,-5.954449311674213e-15,-4.683380109549773,-7.481268370125468
dpRF,rf_final,2040,96,N2O total,7.839813059232306e-14,7.466367284076827e-14,7.23870591548242e-14,-3.734457751554789e-15,-6.011071437498857e-15,-4.763452550895998,-7.667365780386957
dpRF,rf_final,2040,97,N2O total,7.721959331146252e-14,7.347903321602058e-14,7.115273955626563e-14,-3.740560095441938e-15,-6.066853755196889e-15,-4.84405567943685,-7.8566248474353495
dpRF,rf_final,2040,98,N2O total,7.605567234414928e-14,7.230974023950357e-14,6.993385711683374e-14,-3.7459321046457156e-15,-6.121815227315544e-15,-4.9252501347900814,-8.049123804486985
dpRF,rf_final,2040,99,N2O total,7.490620962953731e-14,7.115562244947995e-14,6.873023612108495e-14,-3.750587180057361e-15,-6.175973508452362e-15,-5.007044407408402,-8.244941960081542
dpRF,rf_final,2040,100,N2O total,7.377105712667761e-14,7.001648222156244e-14,6.754169873489158e-14,-3.754574905115166e-15,-6.229358391786031e-15,-5.089495869183377,-8.444176665503315
dpRF,rf_final,2040,101,N2O total,7.265005437687879e-14,6.889214690662086e-14,6.636806677800793e-14,-3.757907470257927e-15,-6.281987598870864e-15,-5.17261480736606,-8.646913829248467
dpRF,rf_final,2040,102,N2O total,7.154306665707492e-14,6.778241795783366e-14,6.520915520410975e-14,-3.760648699241256e-15,-6.3339114529651745e-15,-5.256482388806524,-8.853284810008647
dpRF,rf_final,2040,103,N2O total,7.044995099735989e-14,6.668712136189318e-14,6.406479288291722e-14,-3.762829635466703e-15,-6.3851581144426636e-15,-5.341138754812924,-9.063396104678551
dpRF,rf_final,2040,104,N2O total,6.937055469026915e-14,6.560608235387154e-14,6.293479300833513e-14,-3.764472336397607e-15,-6.435761681934011e-15,-5.426614149483893,-9.277368057194991
dpRF,rf_final,2040,105,N2O total,6.830473167258721e-14,6.453911666597318e-14,6.181898729112712e-14,-3.765615006614031e-15,-6.485744381460092e-15,-5.512963618192922,-9.495307605553512
dpRF,rf_final,2040,106,N2O total,6.725234240542835e-14,6.34860518423283e-14,6.071719219843073e-14,-3.766290563100051e-15,-6.535150206997612e-15,-5.600237000512343,-9.717357006839542
dpRF,rf_final,2040,107,N2O total,6.621324608409407e-14,6.244671058480578e-14,5.962923877548978e-14,-3.7665354992882975e-15,-6.584007308604292e-15,-5.688492442289587,-9.943640733520722
dpRF,rf_final,2040,108,N2O total,6.518729201548691e-14,6.142092328753486e-14,5.855494260292267e-14,-3.766368727952049e-15,-6.632349412564237e-15,-5.777765284462578,-10.174298099372733
dpRF,rf_final,2040,109,N2O total,6.417434503051349e-14,6.040851150330718e-14,5.749413464041805e-14,-3.765833527206312e-15,-6.680210390095444e-15,-5.8681292741137305,-10.409471864370646
dpRF,rf_final,2040,110,N2O total,6.317424414706034e-14,5.940931710036025e-14,5.6446640004745996e-14,-3.76492704670009e-15,-6.72760414231434e-15,-5.959591756944324,-10.649283158265366
dpRF,rf_final,2040,111,N2O total,6.218685642839451e-14,5.842315995399187e-14,5.541228916222593e-14,-3.763696474402639e-15,-6.774567266168577e-15,-6.052237869165125,-10.893889248074792
dpRF,rf_final,2040,112,N2O total,6.121203902611876e-14,5.744988420132104e-14,5.4390909951236566e-14,-3.7621548247977145e-15,-6.821129074882194e-15,-6.146102767778131,-11.143443648351045
dpRF,rf_final,2040,113,N2O total,6.02496445922987e-14,5.6489316405954964e-14,5.3382327476899196e-14,-3.7603281863437374e-15,-6.8673171153995055e-15,-6.241245424415988,-11.39810394213895
dpRF,rf_final,2040,114,N2O total,5.929953735047122e-14,5.5541295380581245e-14,5.2386373335937295e-14,-3.7582419698899765e-15,-6.9131640145339266e-15,-6.337725617786985,-11.658040388537689
dpRF,rf_final,2040,115,N2O total,5.836157246985608e-14,5.460565920176862e-14,5.140288987353954e-14,-3.7559132680874605e-15,-6.958682596316537e-15,-6.435592992336526,-11.923398054277438
dpRF,rf_final,2040,116,N2O total,5.743560851732e-14,5.368224540734965e-14,5.043170513969344e-14,-3.75336310997035e-15,-7.00390337762656e-15,-6.534906144223237,-12.194357400278081
dpRF,rf_final,2040,117,N2O total,5.652150783942852e-14,5.277089913819233e-14,4.9472670843745185e-14,-3.750608701236187e-15,-7.048836995683334e-15,-6.635719471411236,-12.471070332568473
dpRF,rf_final,2040,118,N2O total,5.561913281658133e-14,5.187145722148281e-14,4.852561898700296e-14,-3.747675595098522e-15,-7.093513829578374e-15,-6.738105046436924,-12.753729643666137
dpRF,rf_final,2040,119,N2O total,5.4728345284245995e-14,5.0983768696980715e-14,4.7590389759113366e-14,-3.744576587265281e-15,-7.13795552513263e-15,-6.842115484794656,-13.042520266344226
dpRF,rf_final,2040,120,N2O total,5.384900680154292e-14,5.010767802387119e-14,4.6666839459403485e-14,-3.7413287776717266e-15,-7.182167342139434e-15,-6.947813896475669,-13.337604105882312
dpRF,rf_final,2040,121,N2O total,5.298098305920789e-14,4.9243029712251414e-14,4.5754809665541334e-14,-3.737953346956476e-15,-7.226173393666557e-15,-7.055273668250356,-13.639183300149574
dpRF,rf_final,2040,122,N2O total,5.2124143395255477e-14,4.838968078413826e-14,4.485415231793721e-14,-3.734462611117219e-15,-7.269991077318269e-15,-7.164554403894805,-13.947454296160211
dpRF,rf_final,2040,123,N2O total,5.1278353328554865e-14,4.754748017384238e-14,4.396472778005818e-14,-3.730873154712487e-15,-7.313625548496685e-15,-7.275727305063271,-14.262598296860713
dpRF,rf_final,2040,124,N2O total,5.044348205236843e-14,4.671628113238316e-14,4.308638842394747e-14,-3.72720091998527e-15,-7.35709362842096e-15,-7.388865257390116,-14.58482509352371
dpRF,rf_final,2040,125,N2O total,4.961939836941719e-14,4.5895936840205556e-14,4.2218993391420475e-14,-3.7234615292116334e-15,-7.400404977996715e-15,-7.504044086730767,-14.914338386170234
dpRF,rf_final,2040,126,N2O total,4.8805970092112576e-14,4.5086312579663003e-14,4.1362401655271454e-14,-3.719657512449573e-15,-7.443568436841122e-15,-7.621316624645267,-15.2513481912002
dpRF,rf_final,2040,127,N2O total,4.80030730456699e-14,4.428726095380361e-14,4.051648188065728e-14,-3.715812091866291e-15,-7.486591165012621e-15,-7.740779612861627,-15.596066439100497
dpRF,rf_final,2040,128,N2O total,4.7210574424125366e-14,4.3498642550782926e-14,3.968110521981993e-14,-3.71193187334244e-15,-7.529469204305434e-15,-7.862500972759999,-15.948692207518986
dpRF,rf_final,2040,129,N2O total,4.6428345204965746e-14,4.2720321949194144e-14,3.885613004593149e-14,-3.7080232557716015e-15,-7.572215159034256e-15,-7.986550542350603,-16.309465964391876
dpRF,rf_final,2040,130,N2O total,4.565626490626192e-14,4.1952163835934585e-14,3.80414449707033e-14,-3.704101070327334e-15,-7.614819935558617e-15,-8.113018175999114,-16.678587158176
dpRF,rf_final,2040,131,N2O total,4.489420851021564e-14,4.119403269547351e-14,3.723692048832279e-14,-3.700175814742131e-15,-7.657288021892851e-15,-8.241989195332753,-17.0562936200344
dpRF,rf_final,2040,132,N2O total,4.414204694893545e-14,4.0445793106722216e-14,3.644244488244587e-14,-3.696253842213233e-15,-7.69960206648958e-15,-8.373544268323457,-17.442784371546384
dpRF,rf_final,2040,133,N2O total,4.339966335801099e-14,3.970731819952869e-14,3.56578948365736e-14,-3.692345158482303e-15,-7.74176852143739e-15,-8.507773730923988,-17.838314683628447
dpRF,rf_final,2040,134,N2O total,4.266693272897479e-14,3.897847264337276e-14,3.488315778794479e-14,-3.68846008560203e-15,-7.783774941029998e-15,-8.644774418239878,-18.24310875701664
dpRF,rf_final,2040,135,N2O total,4.194373825514941e-14,3.82591380736135e-14,3.4118107674529165e-14,-3.6846001815359105e-15,-7.825630580620244e-15,-8.784625154586822,-18.65744663247677
dpRF,rf_final,2040,136,N2O total,4.122995908837561e-14,3.754917941757903e-14,3.3362633406211164e-14,-3.680779670796576e-15,-7.867325682164443e-15,-8.92743954197698,-19.081575281947245
dpRF,rf_final,2040,137,N2O total,4.052547462773868e-14,3.684848281766277e-14,3.261661057737952e-14,-3.676991810075908e-15,-7.908864050359155e-15,-9.073284998762478,-19.515783893979947
dpRF,rf_final,2040,138,N2O total,3.983017596217904e-14,3.615691718476251e-14,3.1879917268714014e-14,-3.673258777416533e-15,-7.950258693465027e-15,-9.222301154040835,-19.96039058681096
dpRF,rf_final,2040,139,N2O total,3.9143941677560654e-14,3.547435963061181e-14,3.115242774380283e-14,-3.6695820469488465e-15,-7.991513933757827e-15,-9.37458490301308,-20.41571081314731
dpRF,rf_final,2040,140,N2O total,3.846665889133029e-14,3.480069988338251e-14,3.043402374196484e-14,-3.66595900794778e-15,-8.032635149365452e-15,-9.530224650662403,-20.882071333665703
dpRF,rf_final,2040,141,N2O total,3.7798214338243696e-14,3.413581066343515e-14,2.9724588336500003e-14,-3.662403674808547e-15,-8.073626001743693e-15,-9.689356333172013,-21.359807977952315
dpRF,rf_final,2040,142,N2O total,3.7138499046514904e-14,3.347957727698326e-14,2.9023990819227e-14,-3.658921769531647e-15,-8.114508227287903e-15,-9.852099205595124,-21.849316573415404
dpRF,rf_final,2040,143,N2O total,3.6487391796735814e-14,3.283188505051898e-14,2.8332115828841558e-14,-3.6555067462168344e-15,-8.155275967894256e-15,-10.018547685131768,-22.350942520982912
dpRF,rf_final,2040,144,N2O total,3.584479593097733e-14,3.2192623418756816e-14,2.7648851933329647e-14,-3.652172512220515e-15,-8.195943997647684e-15,-10.18885006139561,-22.865087622286307
dpRF,rf_final,2040,145,N2O total,3.521059460230388e-14,3.1561669405737495e-14,2.6974074403492662e-14,-3.648925196566385e-15,-8.236520198811218e-15,-10.36314563210367,-23.392164465953922
dpRF,rf_final,2040,146,N2O total,3.4584679864867293e-14,3.093892151985468e-14,2.630767911838205e-14,-3.6457583450126105e-15,-8.277000746485242e-15,-10.541541397109011,-23.932564299643552
dpRF,rf_final,2040,147,N2O total,3.396695200444646e-14,3.032427000690866e-14,2.5649560805376725e-14,-3.642681997537802e-15,-8.317391199069736e-15,-10.724194496641779,-24.486716376497203
dpRF,rf_final,2040,148,N2O total,3.335730282312756e-14,2.971760065152005e-14,2.499960006875968e-14,-3.639702171607508e-15,-8.357702754367882e-15,-10.911260394482495,-25.055091530281793
dpRF,rf_final,2040,149,N2O total,3.2755632416236974e-14,2.9118811851359274e-14,2.435770274558732e-14,-3.6368205648776994e-15,-8.397929670649655e-15,-11.102886119441635,-25.63812404515444
dpRF,rf_final,2040,150,N2O total,3.2161830670093255e-14,2.852779809571511e-14,2.3723765643581387e-14,-3.634032574378144e-15,-8.438065026511868e-15,-11.299209338097068,-26.23627091712252
dpRF,rf_final,2040,151,N2O total,3.1575792275750277e-14,2.794445386043082e-14,2.309768372163282e-14,-3.631338415319456e-15,-8.478108554117457e-15,-11.500387333458196,-26.850026374883758
dpRF,rf_final,2040,152,N2O total,3.0997409405072943e-14,2.7368677511756075e-14,2.2479363326848682e-14,-3.628731893316869e-15,-8.518046078224261e-15,-11.706565041925735,-27.479864419993184
dpRF,rf_final,2040,153,N2O total,3.0426577976761774e-14,2.680036314643612e-14,2.186870116613367e-14,-3.626214830325652e-15,-8.557876810628103e-15,-11.917918712696398,-28.126320406994704
dpRF,rf_final,2040,154,N2O total,2.9863186365397423e-14,2.6239421820985133e-14,2.1265600415073015e-14,-3.62376454441229e-15,-8.597585950324408e-15,-12.134554230325397,-28.789914931135613
dpRF,rf_final,2040,155,N2O total,2.9307136574630064e-14,2.568574379647439e-14,2.0669962399368958e-14,-3.6213927781556745e-15,-8.637174175261107e-15,-12.356692606027432,-29.47123187305149
dpRF,rf_final,2040,156,N2O total,2.8758319307881224e-14,2.513923201207851e-14,2.0081688722549876e-14,-3.6190872958027124e-15,-8.676630585331347e-15,-12.584488186035617,-30.170854188107977
dpRF,rf_final,2040,157,N2O total,2.8216643036648585e-14,2.4599798108071734e-14,1.9500683335167043e-14,-3.6168449285768505e-15,-8.715959701481542e-15,-12.818126252223513,-30.88942823623988
dpRF,rf_final,2040,158,N2O total,2.768200460923318e-14,2.4067343190878736e-14,1.8926851807053022e-14,-3.6146614183544425e-15,-8.755152802180157e-15,-13.057802241492267,-31.627596793549856
dpRF,rf_final,2040,159,N2O total,2.7154309890839918e-14,2.354177484842572e-14,1.8360102035841265e-14,-3.612535042414196e-15,-8.794207854998653e-15,-13.30372621118546,-32.38604807248385
dpRF,rf_final,2040,160,N2O total,2.6633469173281053e-14,2.3022998446611266e-14,1.7800338828955928e-14,-3.610470726669788e-15,-8.833130344325126e-15,-13.556141346737682,-33.16552675453412
dpRF,rf_final,2040,161,N2O total,2.6119380889526263e-14,2.2510925736889626e-14,1.7247477593535113e-14,-3.608455152636637e-15,-8.87190329599115e-15,-13.815239985583306,-33.96674421003883
dpRF,rf_final,2040,162,N2O total,2.5611956341363046e-14,2.2005466501667716e-14,1.6701426739578416e-14,-3.60648983969533e-15,-8.91052960178463e-15,-14.081274353380364,-34.790507538833396
dpRF,rf_final,2040,163,N2O total,2.5111106906715784e-14,2.1506530253454945e-14,1.6162103902553853e-14,-3.604576653260838e-15,-8.949003004161931e-15,-14.354511199571295,-35.637628549813485
dpRF,rf_final,2040,164,N2O total,2.4616740311536766e-14,2.101402860705159e-14,1.5629415689796504e-14,-3.602711704485175e-15,-8.987324621740262e-15,-14.635210262980047,-36.50899553718859
dpRF,rf_final,2040,165,N2O total,2.4128770838543773e-14,2.052787747861133e-14,1.5103282305858033e-14,-3.600893359932444e-15,-9.02548853268574e-15,-14.923650210065015,-37.40550479375537
dpRF,rf_final,2040,166,N2O total,2.3647110836457486e-14,2.0047990669913378e-14,1.458361541656032e-14,-3.5991201665441084e-15,-9.063495419897167e-15,-15.220126430816372,-38.32813015754844
dpRF,rf_final,2040,167,N2O total,2.3171673552142317e-14,1.9574284321457633e-14,1.4070332614691593e-14,-3.597389230684684e-15,-9.101340937450724e-15,-15.524943516011561,-39.27787484564
dpRF,rf_final,2040,168,N2O total,2.2702378696076993e-14,1.9106674703294765e-14,1.3563353257944754e-14,-3.595703992782228e-15,-9.139025438132239e-15,-15.838446010080744,-40.25580561613783
dpRF,rf_final,2040,169,N2O total,2.2239140454100338e-14,1.8645078394532567e-14,1.3062590197362623e-14,-3.5940620595677716e-15,-9.176550256737716e-15,-16.16097558709881,-41.263061743223936
dpRF,rf_final,2040,170,N2O total,2.1781879779340208e-14,1.818941848494376e-14,1.2567962934123762e-14,-3.5924612943964486e-15,-9.213916845216446e-15,-16.49288918490793,-42.300834172979464
dpRF,rf_final,2040,171,N2O total,2.1330513647614446e-14,1.7739611656776083e-14,1.207938263288246e-14,-3.590901990838364e-15,-9.251131014731987e-15,-16.834578154848895,-43.37040901856862
dpRF,rf_final,2040,172,N2O total,2.088496780334258e-14,1.729558109462719e-14,1.1596772633583757e-14,-3.589386708715389e-15,-9.288195169758824e-15,-17.186460340824265,-44.47311222702615
dpRF,rf_final,2040,173,N2O total,2.0445159926251083e-14,1.685724993298497e-14,1.1120055593197492e-14,-3.587909993266114e-15,-9.325104333053591e-15,-17.548945599879247,-45.61032717127532
dpRF,rf_final,2040,174,N2O total,2.0011017681775522e-14,1.642454095355165e-14,1.0649150854287625e-14,-3.586476728223872e-15,-9.361866827487897e-15,-17.92251041530065,-46.78356181761789
dpRF,rf_final,2040,175,N2O total,1.9582461419485983e-14,1.5997377358840703e-14,1.0183982549750636e-14,-3.585084060645281e-15,-9.398478869735347e-15,-18.307627339828993,-47.994369392109064
dpRF,rf_final,2040,176,N2O total,1.915941778333132e-14,1.5575686432331087e-14,9.724475295615124e-15,-3.583731351000232e-15,-9.434942487716196e-15,-18.7048029931164,-49.24441125723867
dpRF,rf_final,2040,177,N2O total,1.874181560491243e-14,1.5159393321514247e-14,9.270557497154565e-15,-3.582422283398184e-15,-9.471258107757867e-15,-19.11459571963344,-50.5354353463778
dpRF,rf_final,2040,178,N2O total,1.8329580121668087e-14,1.4748425444949057e-14,8.822151093025616e-15,-3.581154676719029e-15,-9.50742902864247e-15,-19.53757070782877,-51.86932251330395
dpRF,rf_final,2040,179,N2O total,1.79226411025402e-14,1.4342712369681822e-14,8.379182683597501e-15,-3.579928732858378e-15,-9.5434584189427e-15,-19.974336998529697,-53.248058499537166
dpRF,rf_final,2040,180,N2O total,1.7520929016586312e-14,1.3942179792364133e-14,7.941576504890624e-15,-3.578749224222179e-15,-9.579352511695688e-15,-20.425567735788043,-54.673770452624545
dpRF,rf_final,2040,181,N2O total,1.7124376805852242e-14,1.3546762052840698e-14,7.509257983101808e-15,-3.577614753011544e-15,-9.615118822750434e-15,-20.89194131601272,-56.148722559436294
dpRF,rf_final,2040,182,N2O total,1.6732915841412794e-14,1.3156389501667282e-14,7.082154003047902e-15,-3.5765263397455115e-15,-9.65076183836489e-15,-21.3741966650777,-57.675314510815454
dpRF,rf_final,2040,183,N2O total,1.6346479647999593e-14,1.2770994550453232e-14,6.6601869290941364e-15,-3.575485097546361e-15,-9.686292718905456e-15,-21.873119928815456,-59.25613910448798
dpRF,rf_final,2040,184,N2O total,1.596500202835583e-14,1.2390509809349079e-14,6.243293937260059e-15,-3.574492219006751e-15,-9.72170809109577e-15,-22.389550672514844,-60.89387319731502
dpRF,rf_final,2040,185,N2O total,1.5588423000371162e-14,1.2014869867052694e-14,5.831404414818514e-15,-3.573553133318468e-15,-9.757018585552648e-15,-22.924404432913974,-62.591441002854054
dpRF,rf_final,2040,186,N2O total,1.521667400819308e-14,1.1644011144854507e-14,5.424456347433272e-15,-3.572662863338574e-15,-9.792217660759809e-15,-23.478605517966365,-64.35189224325504
dpRF,rf_final,2040,187,N2O total,1.4849693137252406e-14,1.1277868142622406e-14,5.022384858558401e-15,-3.57182499463e-15,-9.827308278694006e-15,-24.053190605465158,-66.17852764944287
dpRF,rf_final,2040,188,N2O total,1.4487418350384803e-14,1.0916377317505775e-14,4.625127773384148e-15,-3.571041032879028e-15,-9.862290577000656e-15,-24.649257352219532,-68.07486564187401
dpRF,rf_final,2040,189,N2O total,1.4129790513738908e-14,1.0559475571394158e-14,4.232623987340953e-15,-3.5703149423447495e-15,-9.897166526397955e-15,-25.267996286804127,-70.04467983282966
dpRF,rf_final,2040,190,N2O total,1.3776748695601101e-14,1.0207102100215434e-14,3.8448077734464345e-15,-3.569646595385667e-15,-9.931940922154666e-15,-25.910660593855866,-72.092052643204
dpRF,rf_final,2040,191,N2O total,1.3428232179730085e-14,9.859194036495574e-15,3.461616799303651e-15,-3.5690381432345116e-15,-9.966615380426434e-15,-26.57861508100801,-74.22135130692065
dpRF,rf_final,2040,192,N2O total,1.3084186751859243e-14,9.51569715178959e-15,3.0829907977736206e-15,-3.568489600069653e-15,-1.0001195954085622e-14,-27.273300723582043,-76.43727610861613
dpRF,rf_final,2040,193,N2O total,1.274455193638798e-14,9.176546626030357e-15,2.708868540958522e-15,-3.5680053103576224e-15,-1.0035683395429458e-14,-27.996318177105373,-78.74488993823144
dpRF,rf_final,2040,194,N2O total,1.2409273674697514e-14,8.841688281376724e-15,2.3391912182983957e-15,-3.5675853933207905e-15,-1.0070082456399119e-14,-28.74934896951375,-81.14965243237401
dpRF,rf_final,2040,195,N2O total,1.2078293757974016e-14,8.511063650043418e-15,1.973903937975556e-15,-3.567230107930598e-15,-1.010438981999846e-14,-29.534222129475317,-83.6574273028225
dpRF,rf_final,2040,196,N2O total,1.1751557883020273e-14,8.184614147780988e-15,1.612946469834498e-15,-3.566943735239285e-15,-1.0138611413185774e-14,-30.352943590510083,-86.27461579230247
dpRF,rf_final,2040,197,N2O total,1.14290122069187e-14,7.86228574274109e-15,1.2562637318014092e-15,-3.566726464177609e-15,-1.017274847511729e-14,-31.20765294150657,-89.00811628286726
dpRF,rf_final,2040,198,N2O total,1.1110602876109257e-14,7.544022269099634e-15,9.038034041215943e-16,-3.5665806070096235e-15,-1.0206799471987663e-14,-32.10069378574153,-91.86539727682094
dpRF,rf_final,2040,199,N2O total,1.0796276192663285e-14,7.229769727415826e-15,5.555079097957235e-16,-3.566506465247459e-15,-1.0240768282867561e-14,-33.034598241114956,-94.85463413604383
dpRF,rf_final,2040,200,N2O total,1.048598071715524e-14,6.9194742452024355e-15,2.113241776892763e-16,-3.566506471952805e-15,-1.0274656539465964e-14,-34.01214028667763,-97.9846980135721
dpAGWP,agwp,2040,0,CO2 total,0.0,0.0,0.0,0.0,0.0,,
dpAGWP,agwp,2040,1,CO2 total,1.5485976313058208e-15,1.4577305919340949e-15,1.4011084047425496e-15,-9.086703937172591e-17,-1.4748922656327116e-16,-5.867698460516453,-9.524050894931573
dpAGWP,agwp,2040,2,CO2 total,2.99425701033186e-15,2.827191301135772e-15,2.7238899487132718e-15,-1.6706570919608818e-16,-2.703670616185882e-16,-5.579538049660337,-9.029520868972527
dpAGWP,agwp,2040,3,CO2 total,4.3677086816538054e-15,4.134325322179699e-15,3.991049818706712e-15,-2.333833594741067e-16,-3.7665886294709313e-16,-5.343381999225681,-8.62371761489536
dpAGWP,agwp,2040,4,CO2 total,5.688120147950384e-15,5.395821310738562e-15,5.2175461140003275e-15,-2.9229883721182147e-16,-4.705740339500562e-16,-5.138759899738516,-8.272927113180257
dpAGWP,agwp,2040,5,CO2 total,6.967760524943206e-15,6.622697210013922e-15,6.413501519200091e-15,-3.4506331492928446e-16,-5.542590057431155e-16,-4.952284363017729,-7.954621915592215
dpAGWP,agwp,2040,6,CO2 total,8.214634200452427e-15,7.822359943288431e-15,7.585893342096059e-15,-3.9227425716399573e-16,-6.28740858356368e-16,-4.775310106229575,-7.653911823873297
dpAGWP,agwp,2040,7,CO2 total,9.434123624382023e-15,8.999928438557664e-15,8.73966232410297e-15,-4.3419518582435877e-16,-6.9446130027905285e-16,-4.602390249606259,-7.361163876252927
dpAGWP,agwp,2040,8,CO2 total,1.062997850492964e-14,1.015905162274057e-14,9.878411041426619e-15,-4.70926882189069e-16,-7.515674635030206e-16,-4.4301771821145,-7.070263247987587
dpAGWP,agwp,2040,9,CO2 total,1.1804896768990278e-14,1.1302402330070765e-14,1.1004833517171974e-14,-5.02494438919513e-16,-8.000632518183039e-16,-4.256661017481251,-6.777384567393693
dpAGWP,agwp,2040,10,CO2 total,1.2960874636757341e-14,1.2431977265522286e-14,1.212098751008193e-14,-5.288973712350549e-16,-8.398871266754112e-16,-4.080722837447171,-6.4801732152664435
dpAGWP,agwp,2040,11,CO2 total,1.4099469355511401e-14,1.354931928954543e-14,1.3228499429880279e-14,-5.501500659659701e-16,-8.709699256311219e-16,-3.9019203637682978,-6.177324150789156
dpAGWP,agwp,2040,12,CO2 total,1.5221943402598556e-14,1.4655655710477146e-14,1.4328690524292542e-14,-5.662876921214099e-16,-8.932528783060138e-16,-3.7202062650209187,-5.868192087440856
dpAGWP,agwp,2040,13,CO2 total,1.632934551482392e-14,1.5751985134482162e-14,1.542265385541202e-14,-5.773603803417577e-16,-9.066916594118997e-16,-3.535722725798318,-5.552529086905517
dpAGWP,agwp,2040,14,CO2 total,1.742257239257113e-14,1.683914289357739e-14,1.6511314817225558e-14,-5.834294989937387e-16,-9.112575753455725e-16,-3.348698951266859,-5.230327386868123
dpAGWP,agwp,2040,15,CO2 total,1.8502413820919125e-14,1.7917848200973947e-14,1.7595475325620567e-14,-5.845656199451781e-16,-9.069384952985578e-16,-3.159401933191327,-4.901730682691566
dpAGWP,agwp,2040,16,CO2 total,1.9569582706876758e-14,1.8988733622570264e-14,1.8675841404836206e-14,-5.808490843064936e-16,-8.937413020405512e-16,-2.968121972791903,-4.566992129712046
dpAGWP,agwp,2040,17,CO2 total,2.0624715773247478e-14,2.0052354722078787e-14,1.9753038566406213e-14,-5.723610511686914e-16,-8.71677206841265e-16,-2.7751221275548756,-4.226371972465802
dpAGWP,agwp,2040,18,CO2 total,2.1668384273950312e-14,2.1109203031481898e-14,2.0827626770795495e-14,-5.591812424684139e-16,-8.407575031548176e-16,-2.580631926214547,-3.880111652651345
dpAGWP,agwp,2040,19,CO2 total,2.270110489554571e-14,2.2159715813165313e-14,2.1900109477139893e-14,-5.413890823803965e-16,-8.009954184058173e-16,-2.3848578510670864,-3.5284424352533796
dpAGWP,agwp,2040,20,CO2 total,2.372336182157827e-14,2.320429204962588e-14,2.2970946544448562e-14,-5.190697719523889e-16,-7.524152771297081e-16,-2.1880110241384676,-3.171621639414221
dpAGWP,agwp,2040,21,CO2 total,2.4735603669043675e-14,2.424329122014616e-14,2.404055973064531e-14,-4.923124488975147e-16,-6.950439383983651e-16,-1.9902989047064903,-2.8098927671136833
dpAGWP,agwp,2040,22,CO2 total,2.573824576446251e-14,2.5277036352292322e-14,2.510933556523701e-14,-4.612094121701883e-16,-6.289101992254997e-16,-1.7919224813953427,-2.4434850959961416
dpAGWP,agwp,2040,23,CO2 total,2.6731679043141478e-14,2.630582406387858e-14,2.6177631859356655e-14,-4.2585497926289734e-16,-5.540471837848238e-16,-1.593072319084867,-2.0726239563577846
dpAGWP,agwp,2040,24,CO2 total,2.7716276036129428e-14,2.732993177671293e-14,2.7245782712883423e-14,-3.863442594164992e-16,-4.704933232460045e-16,-1.39392557251516,-1.6975344113065374
dpAGWP,agwp,2040,25,CO2 total,2.869238901974462e-14,2.8349618725600858e-14,2.8314102399527183e-14,-3.4277029414376307e-16,-3.7828662021743836e-16,-1.1946383896715127,-1.3184214808920967
dpAGWP,agwp,2040,26,CO2 total,2.966033859554246e-14,2.936511996277956e-14,2.9382885641542944e-14,-2.9521863276290046e-16,-2.7745295399951775e-16,-0.9953312967481355,-0.9354342099156451
dpAGWP,agwp,2040,27,CO2 total,3.06204329821017e-14,3.0376656936042315e-14,3.0452407504491305e-14,-2.4377604605938824e-16,-1.6802547761039804e-16,-0.7961221391019537,-0.5487364522526919
dpAGWP,agwp,2040,28,CO2 total,3.157296858559665e-14,3.138444022155358e-14,3.1522927642408964e-14,-1.8852836404306698e-16,-5.00409431876853e-17,-0.5971195376575144,-0.15849299394201913
dpAGWP,agwp,2040,29,CO2 total,3.2518222119516745e-14,3.238866527451741e-14,3.2594692009845606e-14,-1.2955684499933288e-16,7.646989032886138e-17,-0.3984130636759985,0.2351601205250572
dpAGWP,agwp,2040,30,CO2 total,3.345645443152226e-14,3.3389510950701573e-14,3.3667930319225557e-14,-6.694348082068792e-17,2.1147588770329536e-16,-0.20009137835482826,0.6320929437879866
dpAGWP,agwp,2040,31,CO2 total,3.438790376214151e-14,3.438713364761294e-14,3.474285647611899e-14,-7.701145285682326e-19,3.5495271397748035e-16,-0.0022394925084560425,1.0322022430697173
dpAGWP,agwp,2040,32,CO2 total,3.5312793681544595e-14,3.538167201414961e-14,3.581966765827946e-14,6.887833260501272e-17,5.068739767348672e-16,0.19505206307426867,1.4353833947716605
dpAGWP,agwp,2040,33,CO2 total,3.623133723860278e-14,3.637325163491165e-14,3.6898546121531554e-14,1.4191439630886536e-16,6.672088829287718e-16,0.3916896452766371,1.8415243095634133
dpAGWP,agwp,2040,34,CO2 total,3.7143731043253525e-14,3.736198406938669e-14,3.797966289259044e-14,2.1825302613316654e-16,8.359318493369133e-16,0.587590476247561,2.250532797481972
dpAGWP,agwp,2040,35,CO2 total,3.805016559991404e-14,3.834797314240994e-14,3.9063175955137053e-14,2.978075424959019e-16,1.0130103552230128e-15,0.7826708183802877,2.662302093174862
dpAGWP,agwp,2040,36,CO2 total,3.895081801571851e-14,3.933131321528202e-14,4.0149235281803535e-14,3.8049519956350733e-16,1.1984172660850221e-15,0.9768606128116728,3.0767447954530853
dpAGWP,agwp,2040,37,CO2 total,3.984585622164748e-14,4.031209093491111e-14,4.123798119428468e-14,4.662347132636261e-16,1.3921249726371953e-15,1.170095858074019,3.493776027533023
dpAGWP,agwp,2040,38,CO2 total,4.0735443844206943e-14,4.129038892379796e-14,4.232954419193333e-14,5.549450795910176e-16,1.5941003477263872e-15,1.3623150436593003,3.913300549327602
dpAGWP,agwp,2040,39,CO2 total,4.1619735245969576e-14,4.226628463334374e-14,4.342404893900009e-14,6.465493873741664e-16,1.8043136930305137e-15,1.5534682850650228,4.335235873960159
dpAGWP,agwp,2040,40,CO2 total,4.2498880200681174e-14,4.3239849760838315e-14,4.4521606254412e-14,7.4096956015714185e-16,2.0227260537308265e-15,1.743503726823526,4.759480824387477
dpAGWP,agwp,2040,41,CO2 total,4.337301483187376e-14,4.421114497290825e-14,4.562231192726304e-14,8.381301410344854e-16,2.2492970953892786e-15,1.932376949776994,5.1859367030588
dpAGWP,agwp,2040,42,CO2 total,4.4242263311849217e-14,4.518022022496821e-14,4.672624755944e-14,9.379569131189956e-16,2.4839842475907807e-15,2.1200473097581938,5.614505365790149
dpAGWP,agwp,2040,43,CO2 total,4.5106741623199215e-14,4.6147118037433254e-14,4.7833483822475575e-14,1.0403764142340386e-15,2.72674219927636e-15,2.306476541632868,6.04508794284965
dpAGWP,agwp,2040,44,CO2 total,4.596655960416043e-14,4.711187527084884e-14,4.8944081466899395e-14,1.1453156666884118e-15,2.9775218627389676e-15,2.491627993374448,6.4775825913007266
dpAGWP,agwp,2040,45,CO2 total,4.682182378062446e-14,4.8074524164600224e-14,5.0058090568707516e-14,1.2527003839757619e-15,3.2362667880830544e-15,2.675462600186341,6.9118768274512785
dpAGWP,agwp,2040,46,CO2 total,4.767262762953042e-14,4.9035089581402155e-14,5.117555826438136e-14,1.3624619518717335e-15,3.502930634850941e-15,2.85795438518637,7.347886636483782
dpAGWP,agwp,2040,47,CO2 total,4.851906361040041e-14,4.999359477834394e-14,5.229652373598972e-14,1.47453116794353e-15,3.7774601255893134e-15,3.0390758976384156,7.785517370907356
dpAGWP,agwp,2040,48,CO2 total,4.936122272078046e-14,5.0950060227801385e-14,5.342101885116069e-14,1.5888375070209256e-15,4.059796130380232e-15,3.2187969005720047,8.224666867239309
dpAGWP,agwp,2040,49,CO2 total,5.0199182720727026e-14,5.190449920955647e-14,5.4549075587981806e-14,1.705316488829446e-15,4.34989286725478e-15,3.397100104829651,8.665266308128016
dpAGWP,agwp,2040,50,CO2 total,5.103302443275344e-14,5.2856927106649866e-14,5.568071383457754e-14,1.8239026738964284e-15,4.6476894018241025e-15,3.5739654746502385,9.107219204592496
dpAGWP,agwp,2040,51,CO2 total,5.186282842663987e-14,5.380736425951162e-14,5.681594456598808e-14,1.9445358328717454e-15,4.9531161393482094e-15,3.7493825382514516,9.550416530703503
dpAGWP,agwp,2040,52,CO2 total,5.268866693390443e-14,5.475583387826143e-14,5.795477741417016e-14,2.0671669443569985e-15,5.2661104802657315e-15,3.923361634770845,9.9947688691229
dpAGWP,agwp,2040,53,CO2 total,5.351060611174636e-14,5.570235943707718e-14,5.909721853922088e-14,2.1917533253308202e-15,5.586612427474519e-15,4.095923190916162,10.440196501994352
dpAGWP,agwp,2040,54,CO2 total,5.4328704731554736e-14,5.664696252297305e-14,6.024327245947566e-14,2.3182577914183115e-15,5.9145677279209285e-15,4.267095641011741,10.886634896130111
dpAGWP,agwp,2040,55,CO2 total,5.51430194617127e-14,5.758966342742843e-14,6.139294112411467e-14,2.4466439657157295e-15,6.249921662401965e-15,4.436906048306805,11.334021465294361
dpAGWP,agwp,2040,56,CO2 total,5.5953604108703896e-14,5.853048025572898e-14,6.25462235034988e-14,2.576876147025088e-15,6.592619394794908e-15,4.605380096729534,11.78229624312867
dpAGWP,agwp,2040,57,CO2 total,5.676050527276916e-14,5.946942740941726e-14,6.370311834997611e-14,2.708922136648102e-15,6.942613077206949e-15,4.7725476079363,12.231415213524652
dpAGWP,agwp,2040,58,CO2 total,5.756376793005307e-14,6.040651710799645e-14,6.486362174833602e-14,2.842749177943387e-15,7.299853818282955e-15,4.9384348526275605,12.681334250310297
dpAGWP,agwp,2040,59,CO2 total,5.836343807169544e-14,6.134176120367432e-14,6.602772425076956e-14,2.9783231319788742e-15,7.664286179074114e-15,5.103063202548504,13.131999128733762
dpAGWP,agwp,2040,60,CO2 total,5.915956286163634e-14,6.227517286525414e-14,6.719541729271866e-14,3.115610003617803e-15,8.035854431082317e-15,5.2664520373564265,13.583356675364127
dpAGWP,agwp,2040,61,CO2 total,5.995219888571732e-14,6.320677376586918e-14,6.836669156920921e-14,3.2545748801518607e-15,8.414492683491894e-15,5.428616365441123,14.035336217662095
dpAGWP,agwp,2040,62,CO2 total,6.074140997072674e-14,6.413659506918872e-14,6.954153475009646e-14,3.3951850984619886e-15,8.800124779369723e-15,5.589572418714414,14.487850683102005
dpAGWP,agwp,2040,63,CO2 total,6.152725897196027e-14,6.506467185612123e-14,7.071993375449123e-14,3.537412884160959e-15,9.192674782530954e-15,5.749342556886955,14.940816373309135
dpAGWP,agwp,2040,64,CO2 total,6.230980463742099e-14,6.599103970693592e-14,7.190187672807822e-14,3.681235069514929e-15,9.592072090657226e-15,5.907954760789146,15.394161715757617
dpAGWP,agwp,2040,65,CO2 total,6.308910256642592e-14,6.691573452054576e-14,7.308735192798893e-14,3.826631954119845e-15,9.998249361563012e-15,6.065440461909916,15.847823086460853
dpAGWP,agwp,2040,66,CO2 total,6.386520693673272e-14,6.783879268062065e-14,7.427634262310097e-14,3.973585743887932e-15,1.0411135686368254e-14,6.221831783656969,16.301733268760746
dpAGWP,agwp,2040,67,CO2 total,6.46381701323019e-14,6.876025031516498e-14,7.546882929671633e-14,4.1220801828630855e-15,1.0830659164414432e-14,6.377161009394264,16.755825764012435
dpAGWP,agwp,2040,68,CO2 total,6.540804310141419e-14,6.968014309828532e-14,7.666478974773639e-14,4.272099996871129e-15,1.1256746646322196e-14,6.531459732325735,17.210034290230606
dpAGWP,agwp,2040,69,CO2 total,6.61748757436998e-14,7.059850589259703e-14,7.786419782002476e-14,4.423630148897229e-15,1.1689322076324963e-14,6.684757771257896,17.66429017804064
dpAGWP,agwp,2040,70,CO2 total,6.693871673940352e-14,7.151537307354502e-14,7.906702561268231e-14,4.5766563341415e-15,1.2128308873278788e-14,6.837084062962694,18.11852611470732
dpAGWP,agwp,2040,71,CO2 total,6.769961204976201e-14,7.243077739301601e-14,8.027324333160434e-14,4.731165343253998e-15,1.257363128184233e-14,6.988467437267435,18.572678485365902
dpAGWP,agwp,2040,72,CO2 total,6.84576080473185e-14,7.334475101616338e-14,8.148282013973648e-14,4.887142968844887e-15,1.3025212092417983e-14,7.138933287687836,19.02668302902848
dpAGWP,agwp,2040,73,CO2 total,6.92127522561442e-14,7.42573262201754e-14,8.269572382590476e-14,5.044573964031205e-15,1.3482971569760568e-14,7.288503634940172,19.48047307794157
dpAGWP,agwp,2040,74,CO2 total,6.996508844842853e-14,7.516853309526481e-14,8.391192541155123e-14,5.203444646836285e-15,1.3946836963122698e-14,7.437201556132898,19.933994614189547
dpAGWP,agwp,2040,75,CO2 total,7.071465673767922e-14,7.60783991958655e-14,8.513140059058751e-14,5.3637424581862765e-15,1.4416743852908285e-14,7.585050547701081,20.387207571958054
dpAGWP,agwp,2040,76,CO2 total,7.146149357039203e-14,7.698694967187082e-14,8.635413028406064e-14,5.5254561014787896e-15,1.4892636713668607e-14,7.732074751608746,20.840085995402333
dpAGWP,agwp,2040,77,CO2 total,7.220563737740726e-14,7.789420840789755e-14,8.758009469096998e-14,5.688571030490292e-15,1.537445731356272e-14,7.878292107245096,21.292599680552506
dpAGWP,agwp,2040,78,CO2 total,7.29471276081125e-14,7.880019882498402e-14,8.8809272767649e-14,5.853071216871524e-15,1.5862145159536497e-14,8.023717189133846,21.744715219975923
dpAGWP,agwp,2040,79,CO2 total,7.368600269123963e-14,7.970494460081499e-14,9.004164355484996e-14,6.018941909575358e-15,1.635564086361033e-14,8.16836534720988,22.19640130588169
dpAGWP,agwp,2040,80,CO2 total,7.442230216244604e-14,8.060846941512917e-14,9.12771849884312e-14,6.186167252683128e-15,1.6854882825985157e-14,8.31224924912993,22.647623543269315
dpAGWP,agwp,2040,81,CO2 total,7.515606423167617e-14,8.151079634816715e-14,9.251587882966902e-14,6.354732116490976e-15,1.735981459799285e-14,8.455381719965898,23.098355103427803
dpAGWP,agwp,2040,82,CO2 total,7.588732768170749e-14,8.241194876938499e-14,9.37577075865676e-14,6.5246210876774985e-15,1.7870379904860104e-14,8.597774209474828,23.548569241775695
dpAGWP,agwp,2040,83,CO2 total,7.661612897656899e-14,8.331194910933932e-14,9.50026567136223e-14,6.6958201327703335e-15,1.8386527737053316e-14,8.73943936115341,23.998246821731684
dpAGWP,agwp,2040,84,CO2 total,7.734250306542774e-14,8.421081895940951e-14,9.625071372178781e-14,6.868315893981765e-15,1.8908210656360065e-14,8.880389981911401,24.447373574610975
dpAGWP,agwp,2040,85,CO2 total,7.806648292978406e-14,8.510857866221568e-14,9.750186801196925e-14,7.042095732431623e-15,1.943538508218519e-14,9.020639163116327,24.895940425119587
dpAGWP,agwp,2040,86,CO2 total,7.878810072476397e-14,8.600524750981995e-14,9.875610422621129e-14,7.217146785055973e-15,1.9968003501447312e-14,9.160198962363797,25.343933053041788
dpAGWP,agwp,2040,87,CO2 total,7.950738877835685e-14,8.690084454449689e-14,1.000134005953659e-13,7.393455766140042e-15,2.050601181700905e-14,9.299080097764016,25.791328494228082
dpAGWP,agwp,2040,88,CO2 total,8.022437846895324e-14,8.779538822557818e-14,1.0127373457933274e-13,7.571009756624945e-15,2.10493561103795e-14,9.43729312849076,26.238104317038218
dpAGWP,agwp,2040,89,CO2 total,8.093910100421543e-14,8.8688896332348e-14,1.0253708045572518e-13,7.749795328132573e-15,2.1597979451509747e-14,9.574847301218421,26.68423442259989
dpAGWP,agwp,2040,90,CO2 total,8.16515871543156e-14,8.958138648922583e-14,1.0380340555765195e-13,7.92979933491023e-15,2.215181840333635e-14,9.711751615952648,27.129685013312745
dpAGWP,agwp,2040,91,CO2 total,8.236186913509378e-14,9.04728776291573e-14,1.0507266530137361e-13,8.11100849406352e-15,2.2710796166279832e-14,9.848014110461074,27.57440597787858
dpAGWP,agwp,2040,92,CO2 total,8.306997717700151e-14,9.136338818457911e-14,1.0634481780953773e-13,8.293411007577602e-15,2.3274840632536225e-14,9.983644259232673,28.01835443260483
dpAGWP,agwp,2040,93,CO2 total,8.377594012268303e-14,9.225293598729621e-14,1.0761982433411946e-13,8.476995864613183e-15,2.384388421143643e-14,10.118652028493281,28.46149404771705
dpAGWP,agwp,2040,94,CO2 total,8.447978719186283e-14,9.314153922208835e-14,1.0889763901324878e-13,8.661752030225525e-15,2.4417851821385956e-14,10.253046696902468,28.903779984590095
dpAGWP,agwp,2040,95,CO2 total,8.518154280161817e-14,9.402921385760804e-14,1.1017822786336536e-13,8.847671055989868e-15,2.499668506174719e-14,10.386840581879895,29.345189391512566
dpAGWP,agwp,2040,96,CO2 total,8.588123007830083e-14,9.491597411709828e-14,1.1146156988665661e-13,9.034744038797446e-15,2.5580339808355777e-14,10.520044986034973,29.785716605401802
dpAGWP,agwp,2040,97,CO2 total,8.65788756856743e-14,9.580183531419407e-14,1.1274763795886356e-13,9.222959628519765e-15,2.6168762273189258e-14,10.652667357339954,30.225343152058564
dpAGWP,agwp,2040,98,CO2 total,8.72745040742675e-14,9.668681317970905e-14,1.1403640760225431e-13,9.412309105441549e-15,2.676190352798681e-14,10.784717948591272,30.664056830633353
dpAGWP,agwp,2040,99,CO2 total,8.7968136580692e-14,9.757092221029592e-14,1.1532786157091974e-13,9.602785629603926e-15,2.7359724990227744e-14,10.916208985278912,31.101858074634826
dpAGWP,agwp,2040,100,CO2 total,8.865979915907514e-14,9.845417634467325e-14,1.1662197819129473e-13,9.79437718559811e-15,2.7962179032219585e-14,11.04714569454962,31.538734914173784
dpAGWP,agwp,2040,101,CO2 total,8.934952787700248e-14,9.933659031214576e-14,1.17918729175352e-13,9.987062435143288e-15,2.8569201298349527e-14,11.177521216330726,31.974652779002433
dpAGWP,agwp,2040,102,CO2 total,9.003736359838979e-14,1.0021817925642824e-13,1.1921808176709913e-13,1.0180815658038458e-14,2.9180718168709345e-14,11.307323150253291,32.409565320981045
dpAGWP,agwp,2040,103,CO2 total,9.072334637938765e-14,1.0109895791184572e-13,1.2052000698060405e-13,1.0375611532458067e-14,2.9796660601216397e-14,11.436539707286862,32.843432027531776
dpAGWP,agwp,2040,104,CO2 total,9.140751497362165e-14,1.0197894082109665e-13,1.2182447376836224e-13,1.0571425847475001e-14,3.0416958794740585e-14,11.565160534695314,33.27621235903667
dpAGWP,agwp,2040,105,CO2 total,9.208990593916471e-14,1.0285814158812803e-13,1.231314514425635e-13,1.0768235648963325e-14,3.104154550339878e-14,11.69317694392793,33.70786970279355
dpAGWP,agwp,2040,106,CO2 total,9.27705545744017e-14,1.0373657304259432e-13,1.2444090937519813e-13,1.096601846819262e-14,3.1670354800796426e-14,11.82058091438691,34.13836960023441
dpAGWP,agwp,2040,107,CO2 total,9.344949558504188e-14,1.0461424801811128e-13,1.257528097524437e-13,1.1164752433069392e-14,3.230331416740181e-14,11.947365112216286,34.56767098117165
dpAGWP,agwp,2040,108,CO2 total,9.41267626294463e-14,1.0549117903988059e-13,1.2706711037060527e-13,1.1364416410434284e-14,3.294034774115897e-14,12.073523079905733,34.995730035714644
dpAGWP,agwp,2040,109,CO2 total,9.480238849793227e-14,1.0636737853699144e-13,1.283837721333491e-13,1.1564990039059168e-14,3.3581383635416836e-14,12.199049224705357,35.42250798475323
dpAGWP,agwp,2040,110,CO2 total,9.547640546143478e-14,1.0724285853507323e-13,1.297027568621813e-13,1.1766453073638447e-14,3.422635140074652e-14,12.323938062782643,35.84796812922682
dpAGWP,agwp,2040,111,CO2 total,9.614884531769674e-14,1.0811762982912285e-13,1.3102402367756994e-13,1.1968784511426113e-14,3.4875178359873204e-14,12.44818330566388,36.272071957430185
dpAGWP,agwp,2040,112,CO2 total,9.681973805859991e-14,1.0899170194681248e-13,1.3234752212050482e-13,1.2171963888212566e-14,3.55277840619049e-14,12.571779403953265,36.69477399370963
dpAGWP,agwp,2040,113,CO2 total,9.748911271536841e-14,1.0986508352173801e-13,1.3367319714166003e-13,1.2375970806369603e-14,3.6184084426291623e-14,12.69472094027852,37.11602600378112
dpAGWP,agwp,2040,114,CO2 total,9.815699853976214e-14,1.1073778310542033e-13,1.350010028702627e-13,1.2580784565658196e-14,3.684400433050057e-14,12.81700210154845,37.535789478704906
dpAGWP,agwp,2040,115,CO2 total,9.882342333163327e-14,1.1160980850052891e-13,1.3633089735282577e-13,1.278638516889564e-14,3.75074740211925e-14,12.93861792865329,37.954032310057
dpAGWP,agwp,2040,116,CO2 total,9.948841384076884e-14,1.1248116648176442e-13,1.3766283507652962e-13,1.299275264099558e-14,3.8174421235760784e-14,13.05956356062775,38.37072053119565
dpAGWP,agwp,2040,117,CO2 total,1.0015199646513165e-13,1.1335186277278315e-13,1.389967704561366e-13,1.3199866307651495e-14,3.884477399100494e-14,13.179833426732621,38.785820914243
dpAGWP,agwp,2040,118,CO2 total,1.0081419804964337e-13,1.1422190304093437e-13,1.4033265687417178e-13,1.3407704991290994e-14,3.9518458824528404e-14,13.299421361948157,39.19929889743164
dpAGWP,agwp,2040,119,CO2 total,1.0147504504565263e-13,1.1509129306966508e-13,1.41670441960123e-13,1.361624802401245e-14,4.019539691447036e-14,13.418321734064401,39.611115123316125
dpAGWP,agwp,2040,120,CO2 total,1.0213456296406248e-13,1.159600375978385e-13,1.4301008018847427e-13,1.3825474633776023e-14,4.0875517224411784e-14,13.536528901230739,40.02123868566846
dpAGWP,agwp,2040,121,CO2 total,1.0279277752122636e-13,1.1682814140325824e-13,1.4435152465556362e-13,1.4035363882031883e-14,4.155874713433726e-14,13.654037005794137,40.42963731158595
dpAGWP,agwp,2040,122,CO2 total,1.0344971403921793e-13,1.1769560937784847e-13,1.4569473470057546e-13,1.4245895338630537e-14,4.224502066135753e-14,13.770840713227974,40.836285584455446
dpAGWP,agwp,2040,123,CO2 total,1.0410539786799336e-13,1.185624467652164e-13,1.47039677500205e-13,1.4457048897223052e-14,4.293427963221165e-14,13.886934965230841,41.24116569503219
dpAGWP,agwp,2040,124,CO2 total,1.0475985439366199e-13,1.194286593759256e-13,1.4838630850128793e-13,1.46688049822636e-14,4.362645410762594e-14,14.002315168501292,41.64424851497823
dpAGWP,agwp,2040,125,CO2 total,1.0541310777123888e-13,1.2029425280422395e-13,1.4973458506759804e-13,1.4881145032985074e-14,4.4321477296359164e-14,14.116977810083384,42.045508602727985
dpAGWP,agwp,2040,126,CO2 total,1.0606518047893292e-13,1.211592316887229e-13,1.510844710505888e-13,1.5094051209789983e-14,4.501929057165589e-14,14.23092021494087,42.4449290222985
dpAGWP,agwp,2040,127,CO2 total,1.0671609405438272e-13,1.2202360023051076e-13,1.524359383334553e-13,1.5307506176128047e-14,4.571984427907259e-14,14.344140227178212,42.84250157785355
dpAGWP,agwp,2040,128,CO2 total,1.073658697762908e-13,1.2288736230610522e-13,1.5378896100549244e-13,1.5521492529814423e-14,4.642309122920164e-14,14.456635579030138,43.23822023323568
dpAGWP,agwp,2040,129,CO2 total,1.080145280370408e-13,1.2375052110106298e-13,1.5514350819823995e-13,1.5735993064022184e-14,4.712898016119915e-14,14.568404223018899,43.632075256614996
dpAGWP,agwp,2040,130,CO2 total,1.0866208952502308e-13,1.2461308006905157e-13,1.56499561701282e-13,1.595099054402849e-14,4.783747217625893e-14,14.67944396592451,44.0240679940567
dpAGWP,agwp,2040,131,CO2 total,1.0930857444903041e-13,1.2547504251511527e-13,1.5785711426922232e-13,1.616646806608486e-14,4.854853982019191e-14,14.789752906002024,44.414210014997174
dpAGWP,agwp,2040,132,CO2 total,1.0995400225671047e-13,1.2633641159341613e-13,1.592161607178596e-13,1.6382409336705654e-14,4.9262158461149127e-14,14.899329720129254,44.80251509730076
dpAGWP,agwp,2040,133,CO2 total,1.1059839229603612e-13,1.271971908472116e-13,1.6057669148416832e-13,1.6598798551175463e-14,4.9978299188132196e-14,15.008173452237758,45.18899248947169
dpAGWP,agwp,2040,134,CO2 total,1.1124176355201349e-13,1.2805738369024876e-13,1.619386931194796e-13,1.681562013823527e-14,5.069692956746611e-14,15.11628331060462,45.57364783574441
dpAGWP,agwp,2040,135,CO2 total,1.1188413473987657e-13,1.2891699347341762e-13,1.6330215454214414e-13,1.703285873354105e-14,5.141801980226757e-14,15.22365862965411,45.95648875670457
dpAGWP,agwp,2040,136,CO2 total,1.1252552426520917e-13,1.2977602379553186e-13,1.646670635586977e-13,1.7250499530322694e-14,5.214153929348853e-14,15.330299185867673,46.33752176137138
dpAGWP,agwp,2040,137,CO2 total,1.1316595075283443e-13,1.306344784841358e-13,1.660333999710022e-13,1.746852773130138e-14,5.286744921816777e-14,15.436204631421656,46.71674551087851
dpAGWP,agwp,2040,138,CO2 total,1.1380543159897092e-13,1.31492360767272e-13,1.674011376218916e-13,1.7686929168301078e-14,5.3595706022920685e-14,15.541375240003056,47.094154707643426
dpAGWP,agwp,2040,139,CO2 total,1.1444398282960886e-13,1.3234967303380113e-13,1.6877024603981947e-13,1.7905690204192268e-14,5.432626321021061e-14,15.645811829924991,47.469741848372095
dpAGWP,agwp,2040,140,CO2 total,1.1508162109953252e-13,1.332064177233685e-13,1.7014069929459338e-13,1.8124796623835972e-14,5.505907819506086e-14,15.749514519056074,47.843502436797465
dpAGWP,agwp,2040,141,CO2 total,1.1571836236644406e-13,1.340625970123912e-13,1.7151247183724023e-13,1.8344234645947136e-14,5.579410947079617e-14,15.852483798428334,48.21543299594371
dpAGWP,agwp,2040,142,CO2 total,1.163542218151152e-13,1.3491821272296688e-13,1.7288552467601137e-13,1.8563990907851674e-14,5.653130286089617e-14,15.95472052346285,48.58551926953145
dpAGWP,agwp,2040,143,CO2 total,1.1698921489899545e-13,1.3577326666284755e-13,1.7425982089342094e-13,1.8784051763852102e-14,5.727060599442549e-14,16.056225165772435,48.953748466361624
dpAGWP,agwp,2040,144,CO2 total,1.1762335632339254e-13,1.3662776029817871e-13,1.7563533474484145e-13,1.9004403974786172e-14,5.801197842144891e-14,16.156998549281017,49.32011824416175
dpAGWP,agwp,2040,145,CO2 total,1.1825666075476847e-13,1.3748169514138055e-13,1.770120405386208e-13,1.922503438661208e-14,5.875537978385233e-14,16.257041475642094,49.68462614185826
dpAGWP,agwp,2040,146,CO2 total,1.188891440248957e-13,1.3833507351587446e-13,1.7838990785742368e-13,1.944592949097875e-14,5.950076383252797e-14,16.356354190679276,50.04726404630212
dpAGWP,agwp,2040,147,CO2 total,1.1952082187362958e-13,1.3918789806049533e-13,1.7976891183946438e-13,1.9667076186865752e-14,6.02480899658348e-14,16.45493720555229,50.40802851032571
dpAGWP,agwp,2040,148,CO2 total,1.2015170874648286e-13,1.4004017066675534e-13,1.8114902861437067e-13,1.9888461920272482e-14,6.09973198678878e-14,16.55279157305756,50.766918343700496
dpAGWP,agwp,2040,149,CO2 total,1.207818186516958e-13,1.408918927545127e-13,1.825302375192703e-13,2.01100741028169e-14,6.174841886757452e-14,16.649918280175317,51.1239353380175
dpAGWP,agwp,2040,150,CO2 total,1.2141116198205193e-13,1.4174306626389488e-13,1.83912522303076e-13,2.0331904281842948e-14,6.250136032102407e-14,16.74632212551313,51.47908915513351
dpAGWP,agwp,2040,151,CO2 total,1.2203974083274108e-13,1.4259369317623368e-13,1.8529586089652312e-13,2.05539523434926e-14,6.325612006378203e-14,16.842015726387334,51.83239462174566
dpAGWP,agwp,2040,152,CO2 total,1.2266755094610047e-13,1.4344377461007244e-13,1.8668023587934717e-13,2.0776223663971974e-14,6.40126849332467e-14,16.937016760937006,52.18387783854392
dpAGWP,agwp,2040,153,CO2 total,1.2329458693726315e-13,1.4429331125636447e-13,1.8806562958842768e-13,2.0998724319101318e-14,6.477104265116453e-14,17.031343257418303,52.53356555233234
dpAGWP,agwp,2040,154,CO2 total,1.239208446016929e-13,1.451423039673014e-13,1.8945202036058146e-13,2.1221459365608485e-14,6.553117575888855e-14,17.125011884658004,52.881479277775455
dpAGWP,agwp,2040,155,CO2 total,1.2454632100309174e-13,1.4599075393935565e-13,1.9083938669594124e-13,2.1444432936263912e-14,6.62930656928495e-14,17.218038046849713,53.2276386479564
dpAGWP,agwp,2040,156,CO2 total,1.2517101378534407e-13,1.4683866239783877e-13,1.9222770697476998e-13,2.1667648612494697e-14,6.70566931894259e-14,17.3104363040892,53.57206206256466
dpAGWP,agwp,2040,157,CO2 total,1.2579492102134522e-13,1.4768603065701488e-13,1.9361695832857313e-13,2.1891109635669663e-14,6.782203730722791e-14,17.402220580873152,53.914765998954515
dpAGWP,agwp,2040,158,CO2 total,1.2641804079953573e-13,1.48532859964388e-13,1.950071187976154e-13,2.211481916485228e-14,6.858907799807966e-14,17.49340444210831,54.25576726572048
dpAGWP,agwp,2040,159,CO2 total,1.2704037091986014e-13,1.4937915149491434e-13,1.963981693833452e-13,2.2338780575054206e-14,6.935779846348506e-14,17.58400137948747,54.59508498069287
dpAGWP,agwp,2040,160,CO2 total,1.2766190878083355e-13,1.5022490627187653e-13,1.9779009193468198e-13,2.2562997491042983e-14,7.012818315384843e-14,17.674024857154937,54.932739000669784
dpAGWP,agwp,2040,161,CO2 total,1.2828265120152606e-13,1.5107012501256543e-13,1.9918287098459973e-13,2.2787473811039374e-14,7.090021978307367e-14,17.76348835762781,55.268751556820206
dpAGWP,agwp,2040,162,CO2 total,1.2890259508094259e-13,1.5191480861855598e-13,2.0057649377605562e-13,2.3012213537613396e-14,7.167389869511303e-14,17.85240516155877,55.603146430144726
dpAGWP,agwp,2040,163,CO2 total,1.2952173667514397e-13,1.5275895744877825e-13,2.0197094325263692e-13,2.323722077363428e-14,7.244920657749295e-14,17.94078844998505,55.93594437295435
dpAGWP,agwp,2040,164,CO2 total,1.3014007184046834e-13,1.536025713617234e-13,2.03366201590955e-13,2.3462499521255046e-14,7.322612975048666e-14,18.02865112139822,56.267165612333926
dpAGWP,agwp,2040,165,CO2 total,1.307575965933796e-13,1.5444565036568093e-13,2.0476225381375384e-13,2.3688053772301328e-14,7.400465722037424e-14,18.11600579197299,56.59683196113531
dpAGWP,agwp,2040,166,CO2 total,1.3137430633715157e-13,1.552881942958519e-13,2.0615908311499875e-13,2.391388795870032e-14,7.478477677784718e-14,18.202865252303653,56.92496414475732
dpAGWP,agwp,2040,167,CO2 total,1.3199019697509258e-13,1.5613020305479535e-13,2.0755667377376608e-13,2.4140006079702767e-14,7.55664767986735e-14,18.28924165046753,57.25158271635385
dpAGWP,agwp,2040,168,CO2 total,1.3260526478469488e-13,1.569716766946471e-13,2.089550135937214e-13,2.4366411909952213e-14,7.63497488090265e-14,18.375146680273097,57.57671004465178
dpAGWP,agwp,2040,169,CO2 total,1.332195059908633e-13,1.578126154868199e-13,2.1035408518667087e-13,2.4593109495956587e-14,7.713457919580756e-14,18.460592022945406,57.90036423126935
dpAGWP,agwp,2040,170,CO2 total,1.3383291761696617e-13,1.5865302003092625e-13,2.1175386293636654e-13,2.4820102413960082e-14,7.792094531940038e-14,18.54558867572174,58.22255593531366
dpAGWP,agwp,2040,171,CO2 total,1.3444549632030858e-13,1.594928904834607e-13,2.1315432430002088e-13,2.5047394163152118e-14,7.87088279797123e-14,18.630147419351374,58.543298313387226
dpAGWP,agwp,2040,172,CO2 total,1.3505723876999838e-13,1.6033222693776652e-13,2.145554546229518e-13,2.5274988167768135e-14,7.949821585295341e-14,18.714278773913982,58.86261008811113
dpAGWP,agwp,2040,173,CO2 total,1.3566814174603168e-13,1.6117102946130053e-13,2.1595723740770978e-13,2.550288771526885e-14,8.02890956616781e-14,18.797992945911943,59.180508134310436
dpAGWP,agwp,2040,174,CO2 total,1.362782007299852e-13,1.620092971470959e-13,2.1735965579577475e-13,2.5731096417110708e-14,8.108145506578955e-14,18.881300368863112,59.49701025657088
dpAGWP,agwp,2040,175,CO2 total,1.3688741188953453e-13,1.6284702934434998e-13,2.187626950416453e-13,2.5959617454815455e-14,8.187528315211078e-14,18.964210877012093,59.812134674722714
dpAGWP,agwp,2040,176,CO2 total,1.374957721191406e-13,1.6368422557497596e-13,2.2016633768713251e-13,2.6188453455835367e-14,8.267056556799193e-14,19.04673362112035,60.12589645037054
dpAGWP,agwp,2040,177,CO2 total,1.3810327743473846e-13,1.6452088465320466e-13,2.2157056768978072e-13,2.641760721846619e-14,8.346729025504226e-14,19.128877829094236,60.43831240318336
dpAGWP,agwp,2040,178,CO2 total,1.3870992435370328e-13,1.65357005528966e-13,2.2297536824220668e-13,2.664708117526271e-14,8.42654438885034e-14,19.21065222940646,60.74939791159484
dpAGWP,agwp,2040,179,CO2 total,1.393157100513587e-13,1.6619258715537492e-13,2.2438071872027293e-13,2.687687710401623e-14,8.506500866891424e-14,19.292064831818376,61.059164567696676
dpAGWP,agwp,2040,180,CO2 total,1.3992063237952132e-13,1.6702762870115456e-13,2.2578659063930483e-13,2.710699632163324e-14,8.586595825978351e-14,19.373123077451584,61.36761734100823
dpAGWP,agwp,2040,181,CO2 total,1.405246898475417e-13,1.6786212974825612e-13,2.271929593179669e-13,2.7337439900714415e-14,8.66682694704252e-14,19.453834006232924,61.67476303591454
dpAGWP,agwp,2040,182,CO2 total,1.411278813886908e-13,1.686960899961805e-13,2.2859980050472133e-13,2.7568208607489714e-14,8.747191911603053e-14,19.5342042523561,61.98060812315151
dpAGWP,agwp,2040,183,CO2 total,1.4173020593711687e-13,1.6952950887709304e-13,2.3000708785031794e-13,2.7799302939976165e-14,8.827688191320106e-14,19.614240137568284,62.28515744369123
dpAGWP,agwp,2040,184,CO2 total,1.4233166238799231e-13,1.7036238578492002e-13,2.3141480597890667e-13,2.8030723396927706e-14,8.908314359091435e-14,19.693947872622118,62.588423472548286
dpAGWP,agwp,2040,185,CO2 total,1.4293224971683757e-13,1.7119471995727644e-13,2.328229386401235e-13,2.8262470240438866e-14,8.989068892328594e-14,19.773333377477453,62.89041773383403
dpAGWP,agwp,2040,186,CO2 total,1.4353196593220285e-13,1.7202650972206127e-13,2.342314684955758e-13,2.849454378985841e-14,9.069950256337296e-14,19.85240263713644,63.19115186244628
dpAGWP,agwp,2040,187,CO2 total,1.4413080936498172e-13,1.7285775341805375e-13,2.3564038012503594e-13,2.872694405307203e-14,9.150957076005422e-14,19.93116126915442,63.49063823566341
dpAGWP,agwp,2040,188,CO2 total,1.44728778696445e-13,1.7368844933820866e-13,2.370496608024289e-13,2.895967064176367e-14,9.232088210598389e-14,20.009614468248817,63.78889045945607
dpAGWP,agwp,2040,189,CO2 total,1.4532587331714294e-13,1.7451859599749026e-13,2.3845929605446654e-13,2.919272268034732e-14,9.31334227373236e-14,20.08776690207145,64.08591987889152
dpAGWP,agwp,2040,190,CO2 total,1.4592209364904496e-13,1.7534819247430263e-13,2.3986926283949357e-13,2.9426098825257675e-14,9.394716919044861e-14,20.165622689069927,64.38173058042844
dpAGWP,agwp,2040,191,CO2 total,1.4651743984383318e-13,1.7617723750207962e-13,2.412795412209074e-13,2.965979765824644e-14,9.476210137707421e-14,20.243185855458286,64.67632895993623
dpAGWP,agwp,2040,192,CO2 total,1.471119125433546e-13,1.7700572990629985e-13,2.4269011422255123e-13,2.989381736294526e-14,9.557820167919664e-14,20.32046001314503,64.9697227279465
dpAGWP,agwp,2040,193,CO2 total,1.4770551228064224e-13,1.7783366837853816e-13,2.4410096558721767e-13,3.012815609789592e-14,9.639545330657543e-14,20.397448702288145,65.26192003140879
dpAGWP,agwp,2040,194,CO2 total,1.4829823960484493e-13,1.7866105139859706e-13,2.455120806075797e-13,3.0362811793752135e-14,9.721384100273479e-14,20.474155239237362,65.55292986738786
dpAGWP,agwp,2040,195,CO2 total,1.4889009529842338e-13,1.794878773285442e-13,2.4692344211737684e-13,3.059778203012083e-14,9.803334681895347e-14,20.55058260846236,65.84275913213922
dpAGWP,agwp,2040,196,CO2 total,1.4948107945964385e-13,1.803141439800716e-13,2.4833503540270637e-13,3.0833064520427755e-14,9.885395594306252e-14,20.62673391969444,66.1314169662192
dpAGWP,agwp,2040,197,CO2 total,1.5007119275311016e-13,1.811398495231346e-13,2.4974684703272727e-13,3.106865677002445e-14,9.967565427961711e-14,20.70261200704728,66.41891255145727
dpAGWP,agwp,2040,198,CO2 total,1.506604363711506e-13,1.8196499228772887e-13,2.511588637552632e-13,3.1304555916578265e-14,1.004984273841126e-13,20.77821933255243,66.70525441499163
dpAGWP,agwp,2040,199,CO2 total,1.5124881132187343e-13,1.8278957020953694e-13,2.525710713767964e-13,3.154075888766351e-14,1.0132226005492298e-13,20.8535581946105,66.99045048314365
dpAGWP,agwp,2040,200,CO2 total,1.5183631909976455e-13,1.8361358136890076e-13,2.5398345192811617e-13,3.177726226913621e-14,1.0214713282835162e-13,20.928630552652464,67.27450548984628
dpAGWP,agwp_final,2040,0,CH4 total,0.0,0.0,0.0,0.0,0.0,,
dpAGWP,agwp_final,2040,1,CH4 total,2.2453911281718947e-13,2.01585351370652e-13,1.9480139024928525e-13,-2.295376144653747e-14,-2.9737722567904223e-14,-10.222611623670876,-13.243894212816034
dpAGWP,agwp_final,2040,2,CH4 total,4.316349619435634e-13,3.8935268658434947e-13,3.7492655635107833e-13,-4.228227535921393e-14,-5.6708405592485073e-14,-9.795841182286427,-13.138047329886993
dpAGWP,agwp_final,2040,3,CH4 total,6.226263160274817e-13,5.643008208280239e-13,5.41618617926258e-13,-5.832549519945776e-14,-8.100769810122363e-14,-9.367656602051394,-13.01064475046186
dpAGWP,agwp_final,2040,4,CH4 total,7.987065212309795e-13,7.273118628810784e-13,6.959717274906623e-13,-7.13946583499011e-14,-1.0273479374031713e-13,-8.938784954436892,-12.862646167203017
dpAGWP,agwp_final,2040,5,CH4 total,9.609600722830978e-13,8.791817342910882e-13,8.38963032213196e-13,-8.177833799200962e-14,-1.2199704006990182e-13,-8.510066167235907,-12.69532872266535
dpAGWP,agwp_final,2040,6,CH4 total,1.1103897141472105e-12,1.0206433355796803e-12,9.714785750471418e-13,-8.974637856753024e-14,-1.3891113910006872e-13,-8.082421642067919,-12.510124808455538
dpAGWP,agwp_final,2040,7,CH4 total,1.2479282375757623e-12,1.1523771733483925e-12,1.0943267621376575e-12,-9.555106422736975e-14,-1.5360147543810474e-13,-7.656775554096619,-12.30851829561069
dpAGWP,agwp_final,2040,8,CH4 total,1.3744466506319835e-12,1.2750187739722944e-12,1.2082486018147063e-12,-9.942787665968913e-14,-1.6619804881727725e-13,-7.234029535738711,-12.091997076849642
dpAGWP,agwp_final,2040,9,CH4 total,1.4907625653605891e-12,1.389166143769682e-12,1.3139278729031343e-12,-1.0159642159090723e-13,-1.7683469245745481e-13,-6.815063911021461,-11.862029310796492
dpAGWP,agwp_final,2040,10,CH4 total,1.5976346911389814e-12,1.4953776073572597e-12,1.4119821181670388e-12,-1.0225708378172171e-13,-1.8565257297194256e-13,-6.400529754947977,-11.620464553106794
dpAGWP,agwp_final,2040,11,CH4 total,1.695765682929551e-12,1.5941725843258955e-12,1.5029661039421853e-12,-1.0159309860365546e-13,-1.9279957898736568e-13,-5.9909868224333005,-11.369470495138884
dpAGWP,agwp_final,2040,12,CH4 total,1.7858147061082396e-12,1.6860387427596623e-12,1.5873910162587414e-12,-9.977596334857734e-14,-1.9842368984949827e-13,-5.587139752366327,-11.111101794089025
dpAGWP,agwp_final,2040,13,CH4 total,1.8683983945597917e-12,1.7714334000511378e-12,1.665728146259546e-12,-9.696499450865395e-14,-2.0267024830024575e-13,-5.189738697645349,-10.847271593165566
dpAGWP,agwp_final,2040,14,CH4 total,1.9440926949041223e-12,1.8507855018067663e-12,1.738412745357312e-12,-9.330719309735604e-14,-2.056799495468104e-13,-4.799523877741731,-10.579739849130702
dpAGWP,agwp_final,2040,15,CH4 total,2.0134338178986347e-12,1.9244965215318717e-12,1.805846544504514e-12,-8.893729636676292e-14,-2.075872733941207e-13,-4.4171949222341125,-10.310111588906052
dpAGWP,agwp_final,2040,16,CH4 total,2.0769197251177774e-12,1.992941683453839e-12,1.868400272089036e-12,-8.397804166393823e-14,-2.085194530287413e-13,-4.043393716585557,-10.039841718818316
dpAGWP,agwp_final,2040,17,CH4 total,2.135013802447992e-12,2.05647307896046e-12,1.9264177843868796e-12,-7.854072348753196e-14,-2.085960180611125e-13,-3.6786986293708126,-9.770242132483533
dpAGWP,agwp_final,2040,18,CH4 total,2.1881464786660593e-12,2.1154208668404513e-12,1.980218159246792e-12,-7.272561182560801e-14,-2.0792831941926741e-13,-3.3236171588450105,-9.502486302746284
dpAGWP,agwp_final,2040,19,CH4 total,2.23671689131611e-12,2.1700943969210866e-12,2.030097549995072e-12,-6.662249439502357e-14,-2.0661934132103826e-13,-2.9785841316655017,-9.237617068267458
dpAGWP,agwp_final,2040,20,CH4 total,2.28109268601396e-12,2.2207830821524776e-12,2.076336290548405e-12,-6.030960386148261e-14,-2.047563954655554e-13,-2.6438909839682645,-8.976241812574129
dpAGWP,agwp_final,2040,21,CH4 total,2.3216133911926657e-12,2.2677590394463437e-12,2.1192006149945898e-12,-5.3854351746321964e-14,-2.0241277619807593e-13,-2.319695085780659,-8.718625459602983
dpAGWP,agwp_final,2040,22,CH4 total,2.3585934297862087e-12,2.311277675669456e-12,2.1589369229449703e-12,-4.7315754116752513e-14,-1.9965650684123843e-13,-2.006100480023867,-8.46506669270829
dpAGWP,agwp_final,2040,23,CH4 total,2.392322537865927e-12,2.3515773626620927e-12,2.195772268572679e-12,-4.074517520383443e-14,-1.96550269293248e-13,-1.7031639571552584,-8.215876671403214
dpAGWP,agwp_final,2040,24,CH4 total,2.4230675379366067e-12,2.3888804603208202e-12,2.2299159839028047e-12,-3.418707761578643e-14,-1.9315155403380192e-13,-1.410900731429833,-7.971364850947676
dpAGWP,agwp_final,2040,25,CH4 total,2.4510743045900507e-12,2.4233946266236688e-12,2.2615614726789477e-12,-2.7679677966381913e-14,-1.8951283191110299e-13,-1.129287590937045,-7.731827287169883
dpAGWP,agwp_final,2040,26,CH4 total,2.476569855060105e-12,2.4553143520375046e-12,2.2908881347927205e-12,-2.1255503022600434e-14,-1.8568172026738453e-13,-0.8582638191760019,-7.497536154209474
dpAGWP,agwp_final,2040,27,CH4 total,2.4997630075157973e-12,2.4848209924676975e-12,2.3180617860556903e-12,-1.4942015048099873e-14,-1.8170122146010705e-13,-0.5977372656197868,-7.268737912906281
dpAGWP,agwp_final,2040,28,CH4 total,2.5208454152059435e-12,2.5120832331226335e-12,2.3432354129482796e-12,-8.762182083310051e-15,-1.7761000225766396e-13,-0.34758902828614,-7.045652271508045
dpAGWP,agwp_final,2040,29,CH4 total,2.539993671422742e-12,2.53725879790392e-12,2.3665510524208524e-12,-2.7348735188219573e-15,-1.7344261900188964e-13,-0.10767245405340148,-6.8284665805776665
dpAGWP,agwp_final,2040,30,CH4 total,2.5573704503394646e-12,2.5604940467917275e-12,2.3881419544086972e-12,3.123596452262893e-15,-1.692284959307674e-13,0.12214094566738531,-6.617285184800037
dpAGWP,agwp_final,2040,31,CH4 total,2.573125246013382e-12,2.581924528733753e-12,2.4081326735683488e-12,8.799282720370803e-15,-1.6499257244503332e-13,0.3419686909529098,-6.412146967997812
dpAGWP,agwp_final,2040,32,CH4 total,2.5873952499475905e-12,2.6016768024921256e-12,2.4266381197282463e-12,1.4281552544535097e-14,-1.6075713021934424e-13,0.5519664050099953,-6.213087475622462
dpAGWP,agwp_final,2040,33,CH4 total,2.6003063247079452e-12,2.6198689986301227e-12,2.4437644172729034e-12,1.95626739221775e-14,-1.565419074350418e-13,0.7523218990122132,-6.020133318432161
dpAGWP,agwp_final,2040,34,CH4 total,2.6119739578781838e-12,2.636611412001868e-12,2.4596097274201985e-12,2.4637454123684303e-14,-1.5236423045798525e-13,0.9432503738934037,-5.833298222535003
dpAGWP,agwp_final,2040,35,CH4 total,2.6225039255998425e-12,2.6520067850896493e-12,2.474264721278448e-12,2.950285948980681e-14,-1.482392043213944e-13,1.124988191697698,-5.652582742559206
dpAGWP,agwp_final,2040,36,CH4 total,2.631993167460735e-12,2.66615090908497e-12,2.4878133211433516e-12,3.415774162423472e-14,-1.4417984631738364e-13,1.2977899048723232,-5.477971907369496
dpAGWP,agwp_final,2040,37,CH4 total,2.6405304476419303e-12,2.6791329938751923e-12,2.500333184725389e-12,3.8602546233261945e-14,-1.4019726291654136e-13,1.4619239201629024,-5.309435573512949
dpAGWP,agwp_final,2040,38,CH4 total,2.6481969184224534e-12,2.6910359507728984e-12,2.5118960718474014e-12,4.283903235044495e-14,-1.3630084657505203e-13,1.6176679329407428,-5.146930185850652
dpAGWP,agwp_final,2040,39,CH4 total,2.6550668523034796e-12,2.701936939341472e-12,2.52256844562929e-12,4.6870087037992396e-14,-1.3249840667418955e-13,1.765307227474476,-4.990398134767745
dpAGWP,agwp_final,2040,40,CH4 total,2.661208375347383e-12,2.7119078011180124e-12,2.5324127456765403e-12,5.0699425770629254e-14,-1.2879562967084286e-13,1.905127995248067,-4.839742384097615
dpAGWP,agwp_final,2040,41,CH4 total,2.6666840849469984e-12,2.721015621193978e-12,2.5414877159247452e-12,5.433153624697961e-14,-1.2519636902225313e-13,2.0374193011340327,-4.694833172364377
dpAGWP,agwp_final,2040,42,CH4 total,2.6715512927623152e-12,2.7293229655960874e-12,2.5498476652626212e-12,5.777167283377212e-14,-1.2170362749969402e-13,2.1624766475674777,-4.555541487427539
dpAGWP,agwp_final,2040,43,CH4 total,2.6758623762773103e-12,2.736888042089353e-12,2.5575427501383302e-12,6.10256658120426e-14,-1.1831962613898007e-13,2.280598073841981,-4.421738097890807
dpAGWP,agwp_final,2040,44,CH4 total,2.679665192552142e-12,2.743764974769475e-12,2.5646193353817844e-12,6.409978221733297e-14,-1.1504585717035781e-13,2.3920817569109687,-4.293292217629132
dpAGWP,agwp_final,2040,45,CH4 total,2.6830034347128975e-12,2.7500040263212745e-12,2.5711202768440213e-12,6.700059160837705e-14,-1.118831578688762e-13,2.497223475062254,-4.170071361867212
dpAGWP,agwp_final,2040,46,CH4 total,2.6859170503129007e-12,2.755651951661765e-12,2.5770853244119663e-12,6.973490134886415e-14,-1.0883172590093442e-13,2.596316268990521,-4.051939202227257
dpAGWP,agwp_final,2040,47,CH4 total,2.6884424701868606e-12,2.7607520821846173e-12,2.5825512272689205e-12,7.230961199775667e-14,-1.0589124291794009e-13,2.689646990762305,-3.9387580017875594
dpAGWP,agwp_final,2040,48,CH4 total,2.690612920298052e-12,2.765344568104097e-12,2.587551989818658e-12,7.473164780604536e-14,-1.0306093047939371e-13,2.7774953149993418,-3.830388596661358
dpAGWP,agwp_final,2040,49,CH4 total,2.6924587682568145e-12,2.7694667093085765e-12,2.592119217356799e-12,7.7007941051762e-14,-1.0033955090001542e-13,2.8601344599835583,-3.7266884857434053
dpAGWP,agwp_final,2040,50,CH4 total,2.6940076041584078e-12,2.773152984912319e-12,2.5962819336730976e-12,7.914538075391143e-14,-9.772567048531017e-14,2.9378306368454363,-3.6275202168866594
dpAGWP,agwp_final,2040,51,CH4 total,2.6952845653463923e-12,2.776435368400777e-12,2.600066942739993e-12,8.115080305438458e-14,-9.521762260639933e-14,3.0108436080460854,-3.5327484092263988
dpAGWP,agwp_final,2040,52,CH4 total,2.6963126453520727e-12,2.779343537976271e-12,2.603499268296766e-12,8.303089262419811e-14,-9.281337705530655e-14,3.0794237740689114,-3.442233496745975
dpAGWP,agwp_final,2040,53,CH4 total,2.697112854744478e-12,2.7819049999717197e-12,2.60660224093313e-12,8.47921452272419e-14,-9.051061381134798e-14,3.143811541963639,-3.3558333924415216
dpAGWP,agwp_final,2040,54,CH4 total,2.6977044047922824e-12,2.7841452672663525e-12,2.60939764632091e-12,8.64408624740701e-14,-8.830675847137253e-14,3.2042377334045193,-3.2734037989670695
dpAGWP,agwp_final,2040,55,CH4 total,2.6981048229215414e-12,2.7860879308184897e-12,2.61190575389591e-12,8.798310789694828e-14,-8.619906902563153e-14,3.2609225241915945,-3.1948005983064105
dpAGWP,agwp_final,2040,56,CH4 total,2.6983301043839445e-12,2.7877548057824865e-12,2.6141454284038134e-12,8.942470139854201e-14,-8.41846759801311e-14,3.3140756667708957,-3.1198805455032086
dpAGWP,agwp_final,2040,57,CH4 total,2.698394858488074e-12,2.7891660868365637e-12,2.616134261236744e-12,9.077122834848965e-14,-8.226059725133016e-14,3.363897172534241,-3.0485011114133695
dpAGWP,agwp_final,2040,58,CH4 total,2.69831241642449e-12,2.7903404421963364e-12,2.6178886310606638e-12,9.202802577184638e-14,-8.04237853638262e-14,3.410577115224927,-2.980521635459657
dpAGWP,agwp_final,2040,59,CH4 total,2.6980949216698963e-12,2.791295079417657e-12,2.619423728587835e-12,9.320015774776068e-14,-7.867119308206154e-14,3.4542949915964236,-2.915805239104435
dpAGWP,agwp_final,2040,60,CH4 total,2.6977534765526005e-12,2.7920459116001592e-12,2.6207534034333885e-12,9.429243504755871e-14,-7.700007311921203e-14,3.495220592507694,-2.854229409338348
dpAGWP,agwp_final,2040,61,CH4 total,2.6972982358955903e-12,2.7926076525584087e-12,2.6218903072577877e-12,9.530941666281833e-14,-7.54079286378026e-14,3.5335142178362977,-2.79568375622226
dpAGWP,agwp_final,2040,62,CH4 total,2.6967384776556028e-12,2.7929939009742544e-12,2.622846319239212e-12,9.625542331865162e-14,-7.38921584163909e-14,3.5693273232164078,-2.7400565174799123
dpAGWP,agwp_final,2040,63,CH4 total,2.696082687028888e-12,2.7932172382110725e-12,2.623632597410937e-12,9.713455118218469e-14,-7.245008961795093e-14,3.6028031205982045,-2.6872354459496086
dpAGWP,agwp_final,2040,64,CH4 total,2.695338623836442e-12,2.7932893054470503e-12,2.6242596175041593e-12,9.795068161060813e-14,-7.107900633228283e-14,3.6340770226187336,-2.637108588274956
dpAGWP,agwp_final,2040,65,CH4 total,2.6945133864405993e-12,2.7932208781180074e-12,2.6247372135553617e-12,9.870749167740816e-14,-6.977617288523758e-14,3.6632770938948225,-2.5895649001547763
dpAGWP,agwp_final,2040,66,CH4 total,2.6936134607105804e-12,2.793021914831913e-12,2.6250745922015145e-12,9.940845412133268e-14,-6.853886850906586e-14,3.6905241071637853,-2.5444953223164086
dpAGWP,agwp_final,2040,67,CH4 total,2.6926447797556238e-12,2.792701632629644e-12,2.625280384310537e-12,1.0005685287402013e-13,-6.736439544508668e-14,3.7159321432328327,-2.501792882282841
dpAGWP,agwp_final,2040,68,CH4 total,2.691612763185117e-12,2.7922685407843672e-12,2.6253626433917796e-12,1.0065577759925037e-13,-6.62501197933372e-14,3.739608422726435,-2.4613540513509897
dpAGWP,agwp_final,2040,69,CH4 total,2.6905223691586382e-12,2.7917305091692698e-12,2.6253288975204197e-12,1.0120814001063156e-13,-6.519347163821847e-14,3.7616539141535057,-2.423078595648522
dpAGWP,agwp_final,2040,70,CH4 total,2.6893781373344945e-12,2.7910948218793387e-12,2.6251861871450695e-12,1.0171668454484415e-13,-6.419195018942503e-14,3.7821637326782884,-2.386869637196024
dpAGWP,agwp_final,2040,71,CH4 total,2.6881842223941036e-12,2.7903682133188193e-12,2.6249410814746283e-12,1.021839909247157e-13,-6.324314091947522e-14,3.801227240062825,-2.3526341830527793
dpAGWP,agwp_final,2040,72,CH4 total,2.686944430185031e-12,2.789556914316384e-12,2.6245997118652235e-12,1.0261248413135292e-13,-6.234471831980753e-14,3.8189284072498184,-2.32028312976738
dpAGWP,agwp_final,2040,73,CH4 total,2.6856622512476062e-12,2.7886666932819123e-12,2.624167799545225e-12,1.0300444203430604e-13,-6.149445170238144e-14,3.8353460859218624,-2.2897313939537485
dpAGWP,agwp_final,2040,74,CH4 total,2.6843408956190725e-12,2.78770291006799e-12,2.6236507112260227e-12,1.0336201444891752e-13,-6.069018439304977e-14,3.8505546973414413,-2.2608970601348743
dpAGWP,agwp_final,2040,75,CH4 total,2.6829833157814177e-12,2.7866705447822273e-12,2.6230534800325553e-12,1.0368722900080963e-13,-5.992983574886231e-14,3.86462444216172,-2.2337013948745996
dpAGWP,agwp_final,2040,76,CH4 total,2.6815922239589227e-12,2.785574215327264e-12,2.622380812239404e-12,1.039819913683413e-13,-5.921141171951886e-14,3.8776213042126617,-2.208069190777377
dpAGWP,agwp_final,2040,77,CH4 total,2.6801701123181244e-12,2.784418200525509e-12,2.62163710160844e-12,1.0424808820738462e-13,-5.853301070968457e-14,3.889607145765038,-2.1839289394604275
dpAGWP,agwp_final,2040,78,CH4 total,2.6787192703948372e-12,2.783206457966604e-12,2.6208264353027936e-12,1.0448718757176689e-13,-5.78928350920436e-14,3.9006397096760987,-2.1612132234935664
dpAGWP,agwp_final,2040,79,CH4 total,2.6772418055330025e-12,2.7819426546061577e-12,2.6199526222337924e-12,1.0470084907315527e-13,-5.72891832992101e-14,3.9107729775014013,-2.139858386374054
dpAGWP,agwp_final,2040,80,CH4 total,2.6757396582011026e-12,2.7806301852765278e-12,2.619019204998412e-12,1.0489052707542511e-13,-5.67204532026907e-14,3.920057272909088,-2.119804631547144
dpAGWP,agwp_final,2040,81,CH4 total,2.674214618080408e-12,2.779272197000712e-12,2.618029482482638e-12,1.0505757892030394e-13,-5.618513559777015e-14,3.9285395498928155,-2.1009957547124882
dpAGWP,agwp_final,2040,82,CH4 total,2.6726683370333764e-12,2.7778716065105785e-12,2.6169865230360092e-12,1.0520326947720209e-13,-5.568181399736721e-14,3.9362635467884584,-2.0833791168856077
dpAGWP,agwp_final,2040,83,CH4 total,2.6711023427801644e-12,2.7764311238909555e-12,2.615893190710069e-12,1.0532878111079114e-13,-5.5209152070095454e-14,3.943270140715078,-2.0669051569410137
dpAGWP,agwp_final,2040,84,CH4 total,2.669518050505538e-12,2.7749532714870418e-12,2.6147521639892845e-12,1.0543522098150375e-13,-5.476588651625347e-14,3.9495976047637895,-2.051527110141931
dpAGWP,agwp_final,2040,85,CH4 total,2.667916772418583e-12,2.773440399925864e-12,2.6135659523027414e-12,1.0552362750728118e-13,-5.435082011584153e-14,3.9552818363077877,-2.037200735709988
dpAGWP,agwp_final,2040,86,CH4 total,2.666299724222368e-12,2.771894695197161e-12,2.6123368967704676e-12,1.0559497097479273e-13,-5.396282745190058e-14,3.960356370122257,-2.023884522871447
dpAGWP,agwp_final,2040,87,CH4 total,2.664668031859199e-12,2.7703181866096015e-12,2.6110671715974657e-12,1.0565015475040268e-13,-5.360086026173306e-14,3.964852412654502,-2.011539884926474
dpAGWP,agwp_final,2040,88,CH4 total,2.6630227403540914e-12,2.768712762677054e-12,2.609758800770408e-12,1.0569002232296257e-13,-5.326393958368328e-14,3.968799091400526,-2.0001308579363086
dpAGWP,agwp_final,2040,89,CH4 total,2.6613648190058408e-12,2.767080176496281e-12,2.608413658899657e-12,1.0571535749044015e-13,-5.295116010618369e-14,3.972223452248474,-1.9896242607566943
dpAGWP,agwp_final,2040,90,CH4 total,2.6596951683187807e-12,2.7654220578489816e-12,2.607033483527051e-12,1.0572688953020093e-13,-5.2661684791729556e-14,3.9751506409297246,-1.979989489736056
dpAGWP,agwp_final,2040,91,CH4 total,2.6580146250806777e-12,2.7637399187987716e-12,2.6056198729490415e-12,1.0572529371809387e-13,-5.2394752131636217e-14,3.977603912351868,-1.9711987901513481
dpAGWP,agwp_final,2040,92,CH4 total,2.6563239681306273e-12,2.762035165218728e-12,2.604174300714518e-12,1.0571119708810073e-13,-5.214966741610941e-14,3.9796048357194316,-1.963226927203817
dpAGWP,agwp_final,2040,93,CH4 total,2.654623924677403e-12,2.7603091110684124e-12,2.6026981365708746e-12,1.0568518639100947e-13,-5.192578810652832e-14,3.9811735820113436,-1.9560506339080963
dpAGWP,agwp_final,2040,94,CH4 total,2.6529151737813323e-12,2.7585629833477004e-12,2.6011926484828555e-12,1.0564780956636802e-13,-5.1722525298476844e-14,3.9823289719355377,-1.9496486661031889
dpAGWP,agwp_final,2040,95,CH4 total,2.651198350557532e-12,2.756797933531964e-12,2.599659023218241e-12,1.055995829744319e-13,-5.153932733929102e-14,3.983088739936222,-1.9440011845380256
dpAGWP,agwp_final,2040,96,CH4 total,2.6494740473246737e-12,2.7550150372190693e-12,2.5980983648218114e-12,1.0554098989439559e-13,-5.1375682502862236e-14,3.9834694739118657,-1.939089856522249
dpAGWP,agwp_final,2040,97,CH4 total,2.647742815597364e-12,2.7532152927697075e-12,2.596511687478824e-12,1.0547247717234367e-13,-5.123112811853979e-14,3.9834864833179715,-1.9348982014698208
dpAGWP,agwp_final,2040,98,CH4 total,2.646005170937154e-12,2.75139963351278e-12,2.5948999354025896e-12,1.0539446257562601e-13,-5.110523553456459e-14,3.983154066864416,-1.931411022770764
dpAGWP,agwp_final,2040,99,CH4 total,2.644261595417226e-12,2.7495689339971714e-12,2.5932639931510694e-12,1.0530733857994544e-13,-5.099760226615652e-14,3.9824856497728427,-1.9286141111961295
dpAGWP,agwp_final,2040,100,CH4 total,2.642512540097966e-12,2.7477240106291273e-12,2.5916046835681026e-12,1.0521147053116134e-13,-5.090785652986332e-14,3.9814937085316853,-1.9264944161050606
dpAGWP,agwp_final,2040,101,CH4 total,2.6407584294737373e-12,2.7458656226115852e-12,2.5899227630271858e-12,1.0510719313784792e-13,-5.083566644655154e-14,3.980189629037525,-1.9250403929102409
dpAGWP,agwp_final,2040,102,CH4 total,2.6389996663387346e-12,2.743994477246175e-12,2.5882189266993483e-12,1.0499481090744053e-13,-5.0780739639386265e-14,3.9785837128621937,-1.9242419878679966
dpAGWP,agwp_final,2040,103,CH4 total,2.6372366356017456e-12,2.7421112378746735e-12,2.5864938224969236e-12,1.048746022729279e-13,-5.0742813104821955e-14,3.97668532497837,-1.9240902549210883
dpAGWP,agwp_final,2040,104,CH4 total,2.6354697062532384e-12,2.740216529044907e-12,2.5847480569535993e-12,1.047468227916686e-13,-5.0721649299639093e-14,3.974503009582446,-1.9245772083545751
dpAGWP,agwp_final,2040,105,CH4 total,2.633699231086133e-12,2.738310937199426e-12,2.582982193802151e-12,1.0461170611329293e-13,-5.0717037283982183e-14,3.972044524998826,-1.925695868585061
dpAGWP,agwp_final,2040,106,CH4 total,2.6319255467039934e-12,2.736395012640154e-12,2.581196757711341e-12,1.0446946593616072e-13,-5.07287889926525e-14,3.9693169157839465,-1.92744012292373
dpAGWP,agwp_final,2040,107,CH4 total,2.6301489737828573e-12,2.734469271825209e-12,2.579392234813194e-12,1.0432029804235175e-13,-5.075673896966348e-14,3.9663265876651566,-1.9298047173602384
dpAGWP,agwp_final,2040,108,CH4 total,2.628369816831674e-12,2.7325341978682084e-12,2.57756906938749e-12,1.0416438103653423e-13,-5.0800747444184143e-14,3.9630793341744233,-1.9327853758958882
dpAGWP,agwp_final,2040,109,CH4 total,2.6265883649503455e-12,2.7305902443314703e-12,2.5757276701853834e-12,1.0400187938112479e-13,-5.086069476496217e-14,3.9595804492604953,-1.9363785907093847
dpAGWP,agwp_final,2040,110,CH4 total,2.62480489244305e-12,2.7286378376716597e-12,2.5738684153078594e-12,1.0383294522860984e-13,-5.093647713519042e-14,3.9558347947137062,-1.940581461191237
dpAGWP,agwp_final,2040,111,CH4 total,2.6230196587387654e-12,2.7266773765175007e-12,2.5719916497964328e-12,1.0365771777873535e-13,-5.1028008942332637e-14,3.9518467745139745,-1.9453917843249635
dpAGWP,agwp_final,2040,112,CH4 total,2.6212329087810745e-12,2.7247092334866586e-12,2.5700976860648675e-12,1.0347632470558406e-13,-5.113522271620703e-14,3.94762038729716,-1.9508080546717204
dpAGWP,agwp_final,2040,113,CH4 total,2.6194448735932033e-12,2.722733757305672e-12,2.568186806458578e-12,1.0328888371246864e-13,-5.1258067134625136e-14,3.9431592836226748,-1.956829389744411
dpAGWP,agwp_final,2040,114,CH4 total,2.617655771301331e-12,2.720751275445462e-12,2.5662592690662954e-12,1.0309550414413091e-13,-5.1396502235035515e-14,3.938466824951488,-1.963455348045418
dpAGWP,agwp_final,2040,115,CH4 total,2.6158658080665977e-12,2.7187620972725682e-12,2.564315314778397e-12,1.0289628920597052e-13,-5.1550493288200775e-14,3.9335461661935094,-1.9706856953148548
dpAGWP,agwp_final,2040,116,CH4 total,2.6140751780987225e-12,2.7167665140775545e-12,2.56235516785095e-12,1.0269133597883202e-13,-5.1720010247772695e-14,3.9284002556315847,-1.9785203838471797
dpAGWP,agwp_final,2040,117,CH4 total,2.612284063981137e-12,2.7147647988292955e-12,2.5603790342821562e-12,1.0248073484815852e-13,-5.19050296989807e-14,3.923031811937682,-1.9869596271960226
dpAGWP,agwp_final,2040,118,CH4 total,2.6104926373463993e-12,2.7127572069304082e-12,2.5583871021463195e-12,1.0226456958400891e-13,-5.210553520007976e-14,3.9174433254851935,-1.9960039133857022
dpAGWP,agwp_final,2040,119,CH4 total,2.608701059562674e-12,2.710743977911206e-12,2.5563795436347024e-12,1.0204291834853195e-13,-5.232151592797175e-14,3.911637095192446,-2.005653953187837
dpAGWP,agwp_final,2040,120,CH4 total,2.6069094820922974e-12,2.708725335809052e-12,2.5543565161714363e-12,1.0181585371675442e-13,-5.255296592086107e-14,3.9056152281527377,-2.015910651361865
dpAGWP,agwp_final,2040,121,CH4 total,2.6051180471388204e-12,2.706701489889722e-12,2.5523181618834434e-12,1.0158344275090176e-13,-5.279988525537702e-14,3.8993796408753916,-2.026775151834931
dpAGWP,agwp_final,2040,122,CH4 total,2.6033268885473696e-12,2.704672637187793e-12,2.5502646136685424e-12,1.0134574864042339e-13,-5.306227487882721e-14,3.8929321202906366,-2.038248639164766
dpAGWP,agwp_final,2040,123,CH4 total,2.601536131753278e-12,2.7026389616627095e-12,2.548195995445577e-12,1.011028299094317e-13,-5.3340136307700665e-14,3.8862742929230247,-2.0503323269914624
dpAGWP,agwp_final,2040,124,CH4 total,2.5997458940269677e-12,2.70060063397303e-12,2.5461124188645652e-12,1.0085473994606216e-13,-5.3633475162402485e-14,3.8794076058656515,-2.063027593797832
dpAGWP,agwp_final,2040,125,CH4 total,2.5979562857356074e-12,2.6985578159693984e-12,2.5440139919013186e-12,1.0060153023379092e-13,-5.39422938342888e-14,3.8723334486479146,-2.0763357001218794
dpAGWP,agwp_final,2040,126,CH4 total,2.5961674105927137e-12,2.6965106621921904e-12,2.5419008229751507e-12,1.0034325159947671e-13,-5.4266587617563023e-14,3.865053200732075,-2.0902576388621172
dpAGWP,agwp_final,2040,127,CH4 total,2.594379365719558e-12,2.6944593204293386e-12,2.539773022841423e-12,1.000799547097807e-13,-5.460634287813509e-14,3.857568250510012,-2.1047940636465046
dpAGWP,agwp_final,2040,128,CH4 total,2.592592241324259e-12,2.692403930295431e-12,2.537630701519885e-12,9.981168897117174e-14,-5.496153980437421e-14,3.8498799533624055,-2.119945393969884
dpAGWP,agwp_final,2040,129,CH4 total,2.590806120444476e-12,2.69034462233839e-12,2.5354739664544465e-12,9.953850189391376e-14,-5.533215399002964e-14,3.841989607344182,-2.1357118756743136
dpAGWP,agwp_final,2040,130,CH4 total,2.5890210791880155e-12,2.688281517904104e-12,2.5333029232475066e-12,9.926043871608836e-14,-5.5718155940508874e-14,3.8338984380621195,-2.1520935610915743
dpAGWP,agwp_final,2040,131,CH4 total,2.587237187423593e-12,2.6862147305596833e-12,2.5311176802708244e-12,9.897754313609026e-14,-5.611950715276857e-14,3.8256076256639417,-2.1690901563089064
dpAGWP,agwp_final,2040,132,CH4 total,2.5854545093417645e-12,2.6841443675322393e-12,2.5289183528299686e-12,9.868985819047481e-14,-5.653615651179588e-14,3.817118337757969,-2.186700880155479
dpAGWP,agwp_final,2040,133,CH4 total,2.5836731035458484e-12,2.682070529317777e-12,2.526705060399703e-12,9.839742577192853e-14,-5.696804314614542e-14,3.8084317105320844,-2.2049245730027587
dpAGWP,agwp_final,2040,134,CH4 total,2.5818930233970606e-12,2.67999331031215e-12,2.5244779249995454e-12,9.810028691508952e-14,-5.741509839751525e-14,3.799548859155154,-2.2237597715017947
dpAGWP,agwp_final,2040,135,CH4 total,2.5801143175548988e-12,2.6779128000454766e-12,2.5222370726435586e-12,9.779848249057783e-14,-5.787724491134015e-14,3.7904709037566477,-2.243204671884026
dpAGWP,agwp_final,2040,136,CH4 total,2.5783370300487397e-12,2.6758290828575375e-12,2.519982629624645e-12,9.749205280879779e-14,-5.835440042409462e-14,3.7811989539224378,-2.263257275678638
dpAGWP,agwp_final,2040,137,CH4 total,2.5765612006402446e-12,2.6737422382269055e-12,2.51771471999297e-12,9.718103758666089e-14,-5.884648064727461e-14,3.7717341067820382,-2.283915500732215
dpAGWP,agwp_final,2040,138,CH4 total,2.574786865594383e-12,2.6716523434986443e-12,2.5154334710199303e-12,9.68654779042614e-14,-5.935339457445258e-14,3.7620775217796623,-2.3051769980483803
dpAGWP,agwp_final,2040,139,CH4 total,2.573014057362164e-12,2.6695594731764467e-12,2.513139007333732e-12,9.65454158142827e-14,-5.987505002843182e-14,3.752230406127683,-2.3270393668122944
dpAGWP,agwp_final,2040,140,CH4 total,2.571242804171505e-12,2.667463696404002e-12,2.5108314439765707e-12,9.622089223249726e-14,-6.041136019493412e-14,3.7421939334702836,-2.3495004087877116
dpAGWP,agwp_final,2040,141,CH4 total,2.5694731306680687e-12,2.6653650788972844e-12,2.5085108924385585e-12,9.589194822921575e-14,-6.096223822951014e-14,3.731969293031044,-2.372557918660151
dpAGWP,agwp_final,2040,142,CH4 total,2.5677050579594894e-12,2.663263683078649e-12,2.506177456823601e-12,9.555862511915971e-14,-6.152760113588849e-14,3.7215576930435494,-2.3962098351273804
dpAGWP,agwp_final,2040,143,CH4 total,2.565938603491116e-12,2.6611595667636226e-12,2.50383123070672e-12,9.522096327250654e-14,-6.210737278439605e-14,3.7109603145980428,-2.420454359270139
dpAGWP,agwp_final,2040,144,CH4 total,2.564173781246263e-12,2.6590527838978894e-12,2.5014723021135785e-12,9.487900265162633e-14,-6.270147913268458e-14,3.7001783321219506,-2.4452897690190807
dpAGWP,agwp_final,2040,145,CH4 total,2.5624106021725375e-12,2.6569433850569896e-12,2.499100754226741e-12,9.453278288445213e-14,-6.330984794579669e-14,3.6892129155375257,-2.470714408226359
dpAGWP,agwp_final,2040,146,CH4 total,2.560649074631509e-12,2.6548314173648454e-12,2.496716664970999e-12,9.418234273333631e-14,-6.393240966051018e-14,3.6780652087943624,-2.49672672034181
dpAGWP,agwp_final,2040,147,CH4 total,2.558889204873038e-12,2.652716925663429e-12,2.4943201105299683e-12,9.382772079039114e-14,-6.45690943430696e-14,3.6667363562169744,-2.5233251295174095
dpAGWP,agwp_final,2040,148,CH4 total,2.557130997273614e-12,2.6505999534148415e-12,2.4919111686073664e-12,9.346895614122737e-14,-6.521982866624774e-14,3.6552275280727886,-2.5505079221903153
dpAGWP,agwp_final,2040,149,CH4 total,2.555374454037405e-12,2.648480541401258e-12,2.489489916290133e-12,9.310608736385281e-14,-6.588453774727198e-14,3.6435398818653897,-2.5782733189328337
dpAGWP,agwp_final,2040,150,CH4 total,2.553619574577373e-12,2.646358728676664e-12,2.4870564326793175e-12,9.273915409929121e-14,-6.656314189805536e-14,3.6316746246213927,-2.606619347718293
dpAGWP,agwp_final,2040,151,CH4 total,2.5518663533330536e-12,2.644234553035989e-12,2.4846107989192174e-12,9.236819970293524e-14,-6.725555441383627e-14,3.619633119982593,-2.6355437590213993
dpAGWP,agwp_final,2040,152,CH4 total,2.5501147778404896e-12,2.642108051609527e-12,2.482153099977708e-12,9.199327376903748e-14,-6.796167786278143e-14,3.6074169903419024,-2.6650438816849387
dpAGWP,agwp_final,2040,153,CH4 total,2.548364827573158e-12,2.6399792600015953e-12,2.479683422807854e-12,9.161443242843731e-14,-6.868140476530397e-14,3.5950281308694314,-2.695116649789512
dpAGWP,agwp_final,2040,154,CH4 total,2.546616474002233e-12,2.6378482107976295e-12,2.4772018511725603e-12,9.12317367953964e-14,-6.94146228296728e-14,3.5824686491569597,-2.7257588073551404
dpAGWP,agwp_final,2040,155,CH4 total,2.5448696818607253e-12,2.6357149335164055e-12,2.474708464121185e-12,9.08452516556802e-14,-7.016121773954019e-14,3.5697408123962218,-2.75696701641086
dpAGWP,agwp_final,2040,156,CH4 total,2.543124410491143e-12,2.6335794550297863e-12,2.4722033377055554e-12,9.045504453864337e-14,-7.09210727855875e-14,3.556847009351547,-2.7887378412560953
dpAGWP,agwp_final,2040,157,CH4 total,2.541380615668358e-12,2.631441801745201e-12,2.4696865500580737e-12,9.006118607684303e-14,-7.169406561028432e-14,3.543789762209933,-2.8210676184538963
dpAGWP,agwp_final,2040,158,CH4 total,2.539638250187441e-12,2.6293019983056413e-12,2.4671581766443437e-12,8.966374811820044e-14,-7.24800735430972e-14,3.530571651753265,-2.853952665807728
dpAGWP,agwp_final,2040,159,CH4 total,2.53789726482762e-12,2.6271600685440806e-12,2.464618293514681e-12,8.926280371646066e-14,-7.327897131293903e-14,3.5171953157262106,-2.8873891913791203
dpAGWP,agwp_final,2040,160,CH4 total,2.5361576093258e-12,2.6250160370124334e-12,2.462066980385257e-12,8.885842768663334e-14,-7.409062894054313e-14,3.503663469489778,-2.9213732091452718
dpAGWP,agwp_final,2040,161,CH4 total,2.534419232087847e-12,2.622869926847625e-12,2.459504315914392e-12,8.84506947597782e-14,-7.491491617345471e-14,3.489978833806149,-2.955900713858616
dpAGWP,agwp_final,2040,162,CH4 total,2.5326820807008194e-12,2.6207217603675045e-12,2.4569303802282988e-12,8.803967966668514e-14,-7.575170047252059e-14,3.476144137377229,-2.990967601095804
dpAGWP,agwp_final,2040,163,CH4 total,2.5309461021389037e-12,2.618571559184496e-12,2.4543452561950303e-12,8.762545704559235e-14,-7.66008459438734e-14,3.46216211287708,-3.026569624660833
dpAGWP,agwp_final,2040,164,CH4 total,2.5292112427665388e-12,2.6164193435454886e-12,2.4517490264513924e-12,8.720810077894979e-14,-7.746221631514643e-14,3.448035470677354,-3.062702513943263
dpAGWP,agwp_final,2040,165,CH4 total,2.527477448440564e-12,2.614265131720481e-12,2.449141771032116e-12,8.678768327991693e-14,-7.8335677408448e-14,3.433766870341982,-3.099362071728101
dpAGWP,agwp_final,2040,166,CH4 total,2.525744665021741e-12,2.612108941286376e-12,2.446523570871421e-12,8.636427626463525e-14,-7.922109415032004e-14,3.4193589502797925,-3.136544055597881
dpAGWP,agwp_final,2040,167,CH4 total,2.5240128384929325e-12,2.6099507887039895e-12,2.4438945061431806e-12,8.593795021105704e-14,-8.011833234975188e-14,3.4048143060306257,-3.1742442482023936
dpAGWP,agwp_final,2040,168,CH4 total,2.5222819149192362e-12,2.6077906882650404e-12,2.4412546542516108e-12,8.550877334580418e-14,-8.102726066762545e-14,3.390135449967819,-3.2124585355963258
dpAGWP,agwp_final,2040,169,CH4 total,2.52055184097777e-12,2.6056286530255538e-12,2.4386040913088703e-12,8.507681204778389e-14,-8.194774966889954e-14,3.375324826280144,-3.2511828694271347
dpAGWP,agwp_final,2040,170,CH4 total,2.518822564501484e-12,2.6034646956987103e-12,2.435942892346388e-12,8.464213119722619e-14,-8.287967215509602e-14,3.360384823850355,-3.2904132797261663
dpAGWP,agwp_final,2040,171,CH4 total,2.5170940347868145e-12,2.6012988293410394e-12,2.433271131785308e-12,8.420479455422486e-14,-8.382290300150644e-14,3.345317790694164,-3.330145868332878
dpAGWP,agwp_final,2040,172,CH4 total,2.5153662025793707e-12,2.599131067037328e-12,2.430588883277095e-12,8.376486445795713e-14,-8.477731930227577e-14,3.3301260218913984,-3.3703768149282305
dpAGWP,agwp_final,2040,173,CH4 total,2.5136390201800117e-12,2.596961421918259e-12,2.4278962203553962e-12,8.332240173824722e-14,-8.574279982461549e-14,3.3148117557579995,-3.4111023554398474
dpAGWP,agwp_final,2040,174,CH4 total,2.5119124412100825e-12,2.594789906910186e-12,2.425193217411493e-12,8.28774657001036e-14,-8.671922379858944e-14,3.2993771733611226,-3.452318734358971
dpAGWP,agwp_final,2040,175,CH4 total,2.5101864203084692e-12,2.5926165336539142e-12,2.4224799470763357e-12,8.243011334544497e-14,-8.77064732321335e-14,3.2838243677262575,-3.494022297409908
dpAGWP,agwp_final,2040,176,CH4 total,2.508460913210479e-12,2.5904413122445474e-12,2.419756478731239e-12,8.198039903406817e-14,-8.870443447924016e-14,3.2681553299207966,-3.536209554316351
dpAGWP,agwp_final,2040,177,CH4 total,2.5067358771611692e-12,2.5882642527080796e-12,2.4170228824671437e-12,8.15283755469104e-14,-8.971299469402547e-14,3.2523719905919943,-3.5788770373216874
dpAGWP,agwp_final,2040,178,CH4 total,2.5050112708199466e-12,2.5860853643498736e-12,2.414279227651474e-12,8.107409352992706e-14,-9.073204316847237e-14,3.236476197705477,-3.6220213547691436
dpAGWP,agwp_final,2040,179,CH4 total,2.5032870543002235e-12,2.583904655462813e-12,2.4115255815237055e-12,8.061760116258937e-14,-9.176147277651796e-14,3.220469702989195,-3.665639248958176
dpAGWP,agwp_final,2040,180,CH4 total,2.5015631894015015e-12,2.5817221335526627e-12,2.4087620068428123e-12,8.015894415116112e-14,-9.280118255868924e-14,3.2043541610611537,-3.7097276995386195
dpAGWP,agwp_final,2040,181,CH4 total,2.4998396398151583e-12,2.5795378052500245e-12,2.4059885609829018e-12,7.96981654348662e-14,-9.385107883225655e-14,3.188131117112744,-3.754283968358708
dpAGWP,agwp_final,2040,182,CH4 total,2.498116371373759e-12,2.5773516766666295e-12,2.4032052971180114e-12,7.923530529287033e-14,-9.491107425574774e-14,3.1718020105403424,-3.7993055625168664
dpAGWP,agwp_final,2040,183,CH4 total,2.4963933523038757e-12,2.5751637543851173e-12,2.400412267079213e-12,7.877040208124166e-14,-9.59810852246628e-14,3.1553682038347803,-3.8447901303728287
dpAGWP,agwp_final,2040,184,CH4 total,2.4946705532070477e-12,2.572974045684764e-12,2.3976095237912186e-12,7.830349247771622e-14,-9.706102941582916e-14,3.1388309922146798,-3.890735363475206
dpAGWP,agwp_final,2040,185,CH4 total,2.492947946887997e-12,2.5707825583122705e-12,2.3947971229556088e-12,7.783461142427354e-14,-9.815082393238813e-14,3.1221916013704276,-3.9371389224115974
dpAGWP,agwp_final,2040,186,CH4 total,2.4912255080170037e-12,2.568589300299939e-12,2.3919751223500482e-12,7.736379228293536e-14,-9.925038566695547e-14,3.1054511939594076,-3.9839984516679907
dpAGWP,agwp_final,2040,187,CH4 total,2.4895032124931306e-12,2.5663942783743044e-12,2.3891435772256697e-12,7.689106588117375e-14,-1.0035963526746091e-13,3.0886108318844325,-4.0313117397810085
dpAGWP,agwp_final,2040,188,CH4 total,2.4877810376389263e-12,2.5641974987461207e-12,2.38630254413817e-12,7.641646110719442e-14,-1.0147849350075633e-13,3.0716714996637666,-4.079076573276977
dpAGWP,agwp_final,2040,189,CH4 total,2.486058962362124e-12,2.5619989673381487e-12,2.3834520816196085e-12,7.594000497602471e-14,-1.0260688074251553e-13,3.0546341066613505,-4.127290715785108
dpAGWP,agwp_final,2040,190,CH4 total,2.4843369671441887e-12,2.559798689144607e-12,2.3805922456320047e-12,7.546172200041808e-14,-1.0374472151218408e-13,3.0374994615631117,-4.175952090405892
dpAGWP,agwp_final,2040,191,CH4 total,2.4826150342647114e-12,2.557596668878378e-12,2.3777230909343156e-12,7.498163461366663e-14,-1.0489194333039575e-13,3.020268288831753,-4.225058733742106
dpAGWP,agwp_final,2040,192,CH4 total,2.480893147880296e-12,2.555392911349132e-12,2.374844672806415e-12,7.44997634688357e-14,-1.0604847507388107e-13,3.0029412404354923,-4.27460872970245
dpAGWP,agwp_final,2040,193,CH4 total,2.479171293780413e-12,2.553187421108436e-12,2.3719570451442905e-12,7.4016127328023e-14,-1.0721424863612249e-13,2.9855188914824056,-4.324600276918935
dpAGWP,agwp_final,2040,194,CH4 total,2.4774494593191527e-12,2.5509802023167647e-12,2.369060261660184e-12,7.3530742997612e-14,-1.0838919765896865e-13,2.9680017374731653,-4.375031637931211
dpAGWP,agwp_final,2040,195,CH4 total,2.475727633551772e-12,2.548771259571785e-12,2.3661543784449064e-12,7.304362602001299e-14,-1.0957325510686544e-13,2.9503902218525493,-4.425901041047376
dpAGWP,agwp_final,2040,196,CH4 total,2.4740058069979903e-12,2.5465605980425186e-12,2.3632394541156836e-12,7.255479104452836e-14,-1.1076635288230666e-13,2.932684751155368,-4.477206664955764
dpAGWP,agwp_final,2040,197,CH4 total,2.472283971190237e-12,2.544348222127246e-12,2.3603155464128243e-12,7.206425093700906e-14,-1.1196842477741276e-13,2.9148856594461114,-4.528946758632568
dpAGWP,agwp_final,2040,198,CH4 total,2.470562118806471e-12,2.542134135808086e-12,2.3573827129725905e-12,7.157201700161486e-14,-1.1317940583388048e-13,2.896993216919853,-4.581119615343146
dpAGWP,agwp_final,2040,199,CH4 total,2.4688402438543804e-12,2.5399183434806735e-12,2.3544410141006167e-12,7.107809962629314e-14,-1.1439922975376372e-13,2.8790076556482744,-4.633723467467559
dpAGWP,agwp_final,2040,200,CH4 total,2.467118341436635e-12,2.5377008492029655e-12,2.351490508987122e-12,7.058250776633063e-14,-1.15627832449513e-13,2.8609291488315685,-4.686756630497968
dpAGWP,agwp_final,2040,0,N2O total,0.0,0.0,0.0,0.0,0.0,,
dpAGWP,agwp_final,2040,1,N2O total,2.7477494543100213e-13,2.8095055006595336e-13,2.8221622573280793e-13,6.175604634951228e-15,7.441280301805801e-15,2.2475137335627147,2.7081363950900528
dpAGWP,agwp_final,2040,2,N2O total,5.468609870530888e-13,5.590086938559886e-13,5.614862038107267e-13,1.2147706802899752e-14,1.4625216757637828e-14,2.2213518774416547,2.6743938777658722
dpAGWP,agwp_final,2040,3,N2O total,8.163378658200396e-13,8.3425289421131e-13,8.378886881043524e-13,1.7915028391270314e-14,2.155082228431275e-14,2.194560505076418,2.639939072612319
dpAGWP,agwp_final,2040,4,N2O total,1.0832144088683585e-12,1.1066931002970384e-12,1.1114360362216084e-12,2.3478691428679846e-14,2.8221627353249865e-14,2.1675017647898716,2.605359301187028
dpAGWP,agwp_final,2040,5,N2O total,1.3474673726113048e-12,1.3763080743733747e-12,1.3821101598261463e-12,2.88407017620699e-14,3.4642787214841536e-14,2.140363644292068,2.5709555510576894
dpAGWP,agwp_final,2040,6,N2O total,1.609062464390299e-12,1.6430657247920575e-12,1.6498822123577531e-12,3.4003260401758554e-14,4.081974796745414e-14,2.113234330815303,2.536865340583371
dpAGWP,agwp_final,2040,7,N2O total,1.8679651345125708e-12,1.906933608634204e-12,1.91472284277892e-12,3.896847412163326e-14,4.6757708266349056e-14,2.08614568878459,2.5031360276727046
dpAGWP,agwp_final,2040,8,N2O total,2.124145597786314e-12,2.1678838667897523e-12,2.176607058114528e-12,4.373826900343835e-14,5.2461460328214276e-14,2.059099387961934,2.4697676271761773
dpAGWP,agwp_final,2040,9,N2O total,2.37758074724378e-12,2.425895140962466e-12,2.435516104229661e-12,4.831439371868602e-14,5.793535698588096e-14,2.0320821395737947,2.4367356209896442
dpAGWP,agwp_final,2040,10,N2O total,2.62825445156135e-12,2.680952870104075e-12,2.691437809118825e-12,5.269841854272508e-14,6.318335755747514e-14,2.005072930112185,2.404004586387753
dpAGWP,agwp_final,2040,11,N2O total,2.8761570393037566e-12,2.933048850969546e-12,2.944366115501956e-12,5.689181166578957e-14,6.820907619819943e-14,1.9780495601714994,2.371535186225822
dpAGWP,agwp_final,2040,12,N2O total,3.121284481372082e-12,3.182180478294649e-12,3.1943002911801996e-12,6.089599692256701e-14,7.301580980811764e-14,1.9509915640819067,2.339287246769019
dpAGWP,agwp_final,2040,13,N2O total,3.3636375279956453e-12,3.428349879839955e-12,3.4412441119069377e-12,6.471235184430962e-14,7.760658391129242e-14,1.92388006453451,2.3072219662603577
dpAGWP,agwp_final,2040,14,N2O total,3.6032208951801965e-12,3.671563108176613e-12,3.685205102276167e-12,6.834221299641636e-14,8.198420709597052e-14,1.8966978429724768,2.2753033877449944
dpAGWP,agwp_final,2040,15,N2O total,3.840042527540451e-12,3.911829440421883e-12,3.9261938360321874e-12,7.178691288143192e-14,8.615130849173634e-14,1.8694301525720725,2.2434988121581116
dpAGWP,agwp_final,2040,16,N2O total,4.074113001044978e-12,4.149160782344353e-12,4.164223343698029e-12,7.504778129937507e-14,9.011034265305097e-14,1.8420643040614213,2.211778186563268
dpAGWP,agwp_final,2040,17,N2O total,4.305445038530017e-12,4.383571176747144e-12,4.399308656194093e-12,7.81261382171268e-14,9.386361766407587e-14,1.8145891427707308,2.1801141769103425
dpAGWP,agwp_final,2040,18,N2O total,4.5340530770194514e-12,4.615076404178365e-12,4.631466414110612e-12,8.102332715891383e-14,9.741333709116032e-14,1.7869955596588671,2.1484825042056386
dpAGWP,agwp_final,2040,19,N2O total,4.759952955802663e-12,4.843693661568644e-12,4.860714561891304e-12,8.374070576598101e-14,1.007616060886408e-13,1.759275911832199,2.116861385485049
dpAGWP,agwp_final,2040,20,N2O total,4.98316164978176e-12,5.0694413242621345e-12,5.0870721064500604e-12,8.62796744803748e-14,1.0391045666830072e-13,1.731424355542499,2.0852315050396077
dpAGWP,agwp_final,2040,21,N2O total,5.203697055473106e-12,5.292338750210982e-12,5.310558926744274e-12,8.864169473787527e-14,1.0686187127116722e-13,1.7034368794517807,2.053575950559474
dpAGWP,agwp_final,2040,22,N2O total,5.4215778430697374e-12,5.512406140789154e-12,5.531195665187802e-12,9.082829771941676e-14,1.0961782211806483e-13,1.6753111427795917,2.0218804431294193
dpAGWP,agwp_final,2040,23,N2O total,5.636823293406503e-12,5.7296644097218006e-12,5.749003583312306e-12,9.284111631529754e-14,1.1218028990580291e-13,1.6470467758656817,1.9901331666192603
dpAGWP,agwp_final,2040,24,N2O total,5.849453210973035e-12,5.94413507852184e-12,5.9640044592509095e-12,9.468186754880513e-14,1.1455124827787425e-13,1.6186447542001134,1.958324037244826
dpAGWP,agwp_final,2040,25,N2O total,6.059487864308313e-12,6.1558401997264034e-12,6.17622052150489e-12,9.635233541809043e-14,1.167326571965767e-13,1.5901069129228957,1.926444277315203
dpAGWP,agwp_final,2040,26,N2O total,6.2669478798631286e-12,6.364802275645835e-12,6.38567437976032e-12,9.785439578270663e-14,1.1872649989719155e-13,1.5614362470945553,1.8944867928243334
dpAGWP,agwp_final,2040,27,N2O total,6.471854200173525e-12,6.571044198306909e-12,6.592388966038998e-12,9.918999813338385e-14,1.205347658654732e-13,1.5326364758143707,1.86244563207622
dpAGWP,agwp_final,2040,28,N2O total,6.674228052769187e-12,6.774589199157777e-12,6.796387493005949e-12,1.0036114638859008e-13,1.2215944023676263e-13,1.503711674145589,1.830315645059173
dpAGWP,agwp_final,2040,29,N2O total,6.87409089115303e-12,6.975460820982516e-12,6.9976934275606335e-12,1.0136992982948589e-13,1.2360253640760324e-13,1.4746667077089306,1.7980928440541857
dpAGWP,agwp_final,2040,30,N2O total,7.071464365597839e-12,7.173682885059621e-12,7.19633043456415e-12,1.0221851946178134e-13,1.2486606896631097e-13,1.4455070997609352,1.765773855465854
dpAGWP,agwp_final,2040,31,N2O total,7.266370287760092e-12,7.369279468012823e-12,7.392322349148241e-12,1.0290918025273092e-13,1.2595206138814916e-13,1.4162391424791179,1.7333559452689926
dpAGWP,agwp_final,2040,32,N2O total,7.458830608016839e-12,7.562274898650464e-12,7.585693159746527e-12,1.0344429063362498e-13,1.2686255172968836e-13,1.3868700882205562,1.7008370131550516
dpAGWP,agwp_final,2040,33,N2O total,7.648867389013106e-12,7.752693724987473e-12,7.776466968194135e-12,1.0382633597436783e-13,1.2759957918102978e-13,1.357407975506345,1.6682153408008467
dpAGWP,agwp_final,2040,34,N2O total,7.836502780635288e-12,7.940560683679411e-12,7.964667969546621e-12,1.0405790304412307e-13,1.281651889113332e-13,1.3278614958353567,1.6354896118717783
dpAGWP,agwp_final,2040,35,N2O total,8.02175899938805e-12,8.125900673109236e-12,8.15032044180353e-12,1.041416737211858e-13,1.2856144241547962e-13,1.2982398714437864,1.6026589981734316
dpAGWP,agwp_final,2040,36,N2O total,8.204658316244589e-12,8.308738719754513e-12,8.333448721441204e-12,1.0408040350992437e-13,1.287904051966153e-13,1.268552564874679,1.5697229577692502
dpAGWP,agwp_final,2040,37,N2O total,8.385223046205375e-12,8.489099971409887e-12,8.51407718022331e-12,1.0387692520451192e-13,1.288541340179349e-13,1.2388093272190308,1.536681055565316
dpAGWP,agwp_final,2040,38,N2O total,8.563475515834816e-12,8.667009667305097e-12,8.692230202721157e-12,1.0353415147028086e-13,1.2875468688634115e-13,1.2090202310829843,1.5035330765909176
dpAGWP,agwp_final,2040,39,N2O total,8.739438072324368e-12,8.84249311754656e-12,8.867932190885993e-12,1.030550452221928e-13,1.284941185616247e-13,1.1791953254814238,1.4702789526998732
dpAGWP,agwp_final,2040,40,N2O total,8.91313305322318e-12,9.015575691549751e-12,9.041207550524198e-12,1.0244263832657156e-13,1.2807449730101836e-13,1.149344879234425,1.436918943498817
dpAGWP,agwp_final,2040,41,N2O total,9.08458275437364e-12,9.18628277148973e-12,9.212080685508882e-12,1.0170001711608976e-13,1.2749793113524185e-13,1.1194792305362375,1.4034539018741374
dpAGWP,agwp_final,2040,42,N2O total,9.253809438961568e-12,9.354639730561081e-12,9.380576000524354e-12,1.0083029159951343e-13,1.267665615627861e-13,1.0896084716742154,1.36988515269244
dpAGWP,agwp_final,2040,43,N2O total,9.420835314879403e-12,9.520671903798874e-12,9.546717871448468e-12,9.983658891947077e-14,1.2588255656906465e-13,1.0597424281665069,1.3362143839861411
dpAGWP,agwp_final,2040,44,N2O total,9.58568251373168e-12,9.684404585399944e-12,9.710530642321519e-12,9.872207166826492e-14,1.248481285898394e-13,1.029890897459243,1.3024438104536844
dpAGWP,agwp_final,2040,45,N2O total,9.748373096281716e-12,9.845863018827228e-12,9.872038614632489e-12,9.748992254551216e-14,1.2366551835077232e-13,1.0000635140103262,1.2685759677985815
dpAGWP,agwp_final,2040,46,N2O total,9.908929039751352e-12,1.000507236994603e-11,1.0031266022479147e-11,9.614333019467883e-14,1.2233698272779546e-13,0.9702696407349727,1.2346135716283755
dpAGWP,agwp_final,2040,47,N2O total,1.0067372219838718e-11,1.0162057727262232e-11,1.0188237033071448e-11,9.468550742351474e-14,1.2086481323273006e-13,0.9405185917028867,1.2005596951561444
dpAGWP,agwp_final,2040,48,N2O total,1.0223724418863755e-11,1.0316844086011961e-11,1.0342975739117843e-11,9.311966714820627e-14,1.1925132025408868e-13,0.9108194170061111,1.1664175927322389
dpAGWP,agwp_final,2040,49,N2O total,1.0378007323002733e-11,1.0469456348121476e-11,1.0495506136769735e-11,9.144902511874265e-14,1.1749881376700197e-13,0.8811809654060173,1.1321905073873595
dpAGWP,agwp_final,2040,50,N2O total,1.0530242506671626e-11,1.0619919316203596e-11,1.0645852134969396e-11,8.967680953196959e-14,1.1560962829777032e-13,0.851612006799969,1.09788191700736
dpAGWP,agwp_final,2040,51,N2O total,1.068045144266572e-11,1.0768257672885846e-11,1.079403755626889e-11,8.780623022012606e-14,1.1358611360317005e-13,0.822120962690418,1.0634954356837585
dpAGWP,agwp_final,2040,52,N2O total,1.0828655493972536e-11,1.0914495977339216e-11,1.0940086114589955e-11,8.58404833666801e-14,1.1143062061741901e-13,0.7927159878201017,1.0290346819089748
dpAGWP,agwp_final,2040,53,N2O total,1.0974875897027564e-11,1.1058658661121912e-11,1.1084021431655842e-11,8.378276409434726e-14,1.0914553462827776e-13,0.7634051161985257,0.9945035884901325
dpAGWP,agwp_final,2040,54,N2O total,1.1119133777693387e-11,1.1200770031479574e-11,1.1225867020518863e-11,8.163625378618732e-14,1.0673324282547617e-13,0.7341961650822263,0.959906094839858
dpAGWP,agwp_final,2040,55,N2O total,1.1261450135917383e-11,1.134085425751253e-11,1.1365646277632987e-11,7.940412159514749e-14,1.0419614171560411e-13,0.7050967738328404,0.9252462201406895
dpAGWP,agwp_final,2040,56,N2O total,1.140184584334918e-11,1.147893536008284e-11,1.1503382487623968e-11,7.708951673365997e-14,1.015366442747874e-13,0.6761143572084612,0.8905281273734711
dpAGWP,agwp_final,2040,57,N2O total,1.1540341644381385e-11,1.1615037213829399e-11,1.163909880343898e-11,7.469556944801376e-14,9.875715905759524e-14,0.6472561363413412,0.8557559394758201
dpAGWP,agwp_final,2040,58,N2O total,1.1676958137830492e-11,1.1749183536843865e-11,1.1772818243098375e-11,7.222539901337362e-14,9.586010526788319e-14,0.6185292279106575,0.8209338779533676
dpAGWP,agwp_final,2040,59,N2O total,1.181171578058724e-11,1.1881397889526953e-11,1.190456368978298e-11,6.968210893971263e-14,9.284790919574016e-14,0.5899406168766471,0.786066232209357
dpAGWP,agwp_final,2040,60,N2O total,1.1944634896395455e-11,1.2011703657679311e-11,1.2034357884871485e-11,6.70687612838556e-14,8.972298847602976e-14,0.5614969554581782,0.7511572287831548
dpAGWP,agwp_final,2040,61,N2O total,1.2075735683354775e-11,1.2140124029827551e-11,1.2162223408525242e-11,6.438834647277681e-14,8.648772517046773e-14,0.5332043376995231,0.7162108167842944
dpAGWP,agwp_final,2040,62,N2O total,1.2205038218013646e-11,1.226668197614478e-11,1.2288182659637888e-11,6.164375813113521e-14,8.314444162424269e-14,0.5050681286696344,0.6812304897294646
dpAGWP,agwp_final,2040,63,N2O total,1.2332562457271207e-11,1.2391400247369342e-11,1.2412257857345257e-11,5.883779009813484e-14,7.969540007405036e-14,0.47709298292216973,0.646219310465056
dpAGWP,agwp_final,2040,64,N2O total,1.2458328238264538e-11,1.2514301384762833e-11,1.2534471039095668e-11,5.5973146498295277e-14,7.614280083113003e-14,0.44928296499990444,0.6111799221765956
dpAGWP,agwp_final,2040,65,N2O total,1.2582355269374038e-11,1.263540771238066e-11,1.2654844058685997e-11,5.305244300662278e-14,7.248878931195886e-14,0.4216415915051657,0.576114628462284
dpAGWP,agwp_final,2040,66,N2O total,1.270466312944484e-11,1.275474134569444e-11,1.2773398587118758e-11,5.007821624960033e-14,6.873545767391748e-14,0.3941719330876002,0.5410254248663501
dpAGWP,agwp_final,2040,67,N2O total,1.2825271267116683e-11,1.28723241872594e-11,1.2890156104958116e-11,4.705292014271624e-14,6.488483784143211e-14,0.3668766076188769,0.5059139607268456
dpAGWP,agwp_final,2040,68,N2O total,1.294419899223498e-11,1.2988177918021587e-11,1.3005137903190146e-11,4.397892578660773e-14,6.093891095516722e-14,0.33975780048645726,0.4707816296066177
dpAGWP,agwp_final,2040,69,N2O total,1.3061465471726935e-11,1.3102324009610221e-11,1.3118365079440748e-11,4.085853788328578e-14,5.689960771381268e-14,0.31281740913168476,0.43562958411503305
dpAGWP,agwp_final,2040,70,N2O total,1.3177089738031597e-11,1.3214783724230459e-11,1.3229858539093375e-11,3.7693986198862157e-14,5.27688010617781e-14,0.2860569894281748,0.4004586908858734
dpAGWP,agwp_final,2040,71,N2O total,1.3291090680908736e-11,1.3325578101806335e-11,1.3339638984172696e-11,3.4487420897599686e-14,4.854830326396065e-14,0.25947773381109546,0.3652695209859279
dpAGWP,agwp_final,2040,72,N2O total,1.3403487040119701e-11,1.3434727960068379e-11,1.3447726919579479e-11,3.124091994867811e-14,4.423987945977795e-14,0.23308053982644142,0.3300624630542625
dpAGWP,agwp_final,2040,73,N2O total,1.3514297407081998e-11,1.3542253907808297e-11,1.3554142651135631e-11,2.795650072629872e-14,3.9845244053633e-14,0.20686610545989959,0.2948377030148278
dpAGWP,agwp_final,2040,74,N2O total,1.36235402254487e-11,1.3648176336810116e-11,1.3658906285123901e-11,2.4636111361415736e-14,3.536605967520146e-14,0.18083487077313146,0.2595952233409775
dpAGWP,agwp_final,2040,75,N2O total,1.3731233795375242e-11,1.3752515417710416e-11,1.3762037737683823e-11,2.1281622335174058e-14,3.0803942308581525e-14,0.154986963679417,0.22433484687265662
dpAGWP,agwp_final,2040,76,N2O total,1.3837396257199775e-11,1.3855291108558504e-11,1.3863556723600039e-11,1.7894851358728177e-14,2.6160466400263445e-14,0.1293223885918368,0.1890562784646123
dpAGWP,agwp_final,2040,77,N2O total,1.3942045593216863e-11,1.3956523151255704e-11,1.3963482764565796e-11,1.4477558038841646e-14,2.1437171348933366e-14,0.10384098905748324,0.15375915396061438
dpAGWP,agwp_final,2040,78,N2O total,1.404519963408475e-11,1.4056231064341276e-11,1.4061835192364925e-11,1.1031430256526219e-14,1.663555828017494e-14,0.07854235286022745,0.11844301764001941
dpAGWP,agwp_final,2040,79,N2O total,1.414687605675166e-11,1.4154434148952233e-11,1.4158633147762608e-11,7.558092200573108e-15,1.1757091010947387e-14,0.053425874166515896,0.08310733029527223
dpAGWP,agwp_final,2040,80,N2O total,1.424709238288396e-11,1.4251151499260536e-11,1.4253895578878572e-11,4.0591163765756576e-15,6.803195994611902e-15,0.02849084056935127,0.0477514696457297
dpAGWP,agwp_final,2040,81,N2O total,1.4345865976978477e-11,1.4346401991901971e-11,1.4347641240649209e-11,5.360149234942323e-16,1.7752636707320966e-15,0.003736372027693567,0.0123747403857038
dpAGWP,agwp_final,2040,82,N2O total,1.444321404476287e-11,1.4440204288290532e-11,1.4439888698372577e-11,-3.0097564723383786e-15,-3.325346390293958e-15,-0.02083855063707043,-0.02302359004019423
dpAGWP,agwp_final,2040,83,N2O total,1.4539153639039857e-11,1.453257684089865e-11,1.4530656327704046e-11,-6.576798141207154e-15,-8.497311335811019e-15,-0.04523508248477024,-0.05844433277735256
dpAGWP,agwp_final,2040,84,N2O total,1.4633701657359818e-11,1.4623537891084082e-11,1.4619962314471232e-11,-1.0163766275735962e-14,-1.3739342888586434e-14,-0.06945451338092734,-0.09388836270060502
dpAGWP,agwp_final,2040,85,N2O total,1.472687483137867e-11,1.4713105471100186e-11,1.4707824658491455e-11,-1.3769360278483162e-14,-1.905017288721482e-14,-0.09349818231051082,-0.12935652068302003
dpAGWP,agwp_final,2040,86,N2O total,1.481868973716063e-11,1.4801297406168065e-11,1.479426117540186e-11,-1.7392330992564796e-14,-2.4428561758769134e-14,-0.11736753586891208,-0.16484967424285804
dpAGWP,agwp_final,2040,87,N2O total,1.4909162793661135e-11,1.4888131312617206e-11,1.4879289488675925e-11,-2.103148104392965e-14,-2.9873304985210797e-14,-0.1410641317356298,-0.20036876247613247
dpAGWP,agwp_final,2040,88,N2O total,1.499831026117108e-11,1.497362460034965e-11,1.4962927026852857e-11,-2.4685660821427878e-14,-3.538323431822236e-14,-0.16458961304018524,-0.23591480441517154
dpAGWP,agwp_final,2040,89,N2O total,1.5086148239959838e-11,1.5057794479588983e-11,1.504519102924208e-11,-2.83537603708546e-14,-4.0957210717757243e-14,-0.18794565663720458,-0.2714888523319076
dpAGWP,agwp_final,2040,90,N2O total,1.517269266891328e-11,1.514065795518221e-11,1.5126098542291325e-11,-3.203471373106943e-14,-4.6594126621955844e-14,-0.21113400521651682,-0.3070920082459765
dpAGWP,agwp_final,2040,91,N2O total,1.525795933304054e-11,1.522223182566473e-11,1.5205666414019556e-11,-3.572750737581085e-14,-5.2292919020983885e-14,-0.2341565251025691,-0.3427255105323654
dpAGWP,agwp_final,2040,92,N2O total,1.534196385797246e-11,1.5302532694705934e-11,1.5283911296232645e-11,-3.943116326652645e-14,-5.805256173981537e-14,-0.25701509683870116,-0.3783906824265416
dpAGWP,agwp_final,2040,93,N2O total,1.5424721712555082e-11,1.5381576974023115e-11,1.536084964435976e-11,-4.3144738531966444e-14,-6.387206819532248e-14,-0.2797116170779822,-0.41408895009971736
dpAGWP,agwp_final,2040,94,N2O total,1.5506248207836185e-11,1.5459380873923863e-11,1.5436497715292012e-11,-4.686733391232125e-14,-6.975049254417288e-14,-0.30224805693898626,-0.4498218499361052
dpAGWP,agwp_final,2040,95,N2O total,1.5586558494697848e-11,1.553596040581209e-11,1.5510871570200294e-11,-5.059808888575766e-14,-7.568692449755432e-14,-0.3246264331088216,-0.4855909951083884
dpAGWP,agwp_final,2040,96,N2O total,1.5665667570163097e-11,1.5611331388752044e-11,1.5583987088161165e-11,-5.4336181411052596e-14,-8.16804820019316e-14,-0.34684880914070676,-0.5213980293919974
dpAGWP,agwp_final,2040,97,N2O total,1.5743590273107515e-11,1.5685509456837924e-11,1.565585996663356e-11,-5.808081626959065e-14,-8.773030647395637e-14,-0.36891722448342457,-0.5572445989261628
dpAGWP,agwp_final,2040,98,N2O total,1.582034128325501e-11,1.5758510050017132e-11,1.57265057177681e-11,-6.183123323787945e-14,-9.383556548691061e-14,-0.3908337508706245,-0.5931323718422596
dpAGWP,agwp_final,2040,99,N2O total,1.5895935123639598e-11,1.583034841712786e-11,1.5795939678685868e-11,-6.558670651173829e-14,-9.999544495373033e-14,-0.41260049189683207,-0.6290629911103648
dpAGWP,agwp_final,2040,100,N2O total,1.597038616502821e-11,1.5901039623222072e-11,1.5864177010492746e-11,-6.934654180613821e-14,-1.0620915453546454e-13,-0.4342195679525431,-0.665038111401716
dpAGWP,agwp_final,2040,101,N2O total,1.6043708624705008e-11,1.5970598548930816e-11,1.5931232697017058e-11,-7.31100757741917e-14,-1.1247592768794967e-13,-0.4556931161266085,-0.7010594016570014
dpAGWP,agwp_final,2040,102,N2O total,1.6115916573088994e-11,1.6039039889990687e-11,1.5997121541179696e-11,-7.687668309830708e-14,-1.187950319092977e-13,-0.4770233374543454,-0.737128610529459
dpAGWP,agwp_final,2040,103,N2O total,1.6187023942452627e-11,1.610637815652468e-11,1.606185816848616e-11,-8.064578592794775e-14,-1.2516577396646604e-13,-0.4982125572597902,-0.7732475988881571
dpAGWP,agwp_final,2040,104,N2O total,1.6257044517912413e-11,1.617262768490352e-11,1.6125457026128608e-11,-8.441683300889269e-14,-1.3158749178380483e-13,-0.5192630980119427,-0.8094182902606835
dpAGWP,agwp_final,2040,105,N2O total,1.6325991935855885e-11,1.6237802632600026e-11,1.6187932384373983e-11,-8.818930325585867e-14,-1.380595514819022e-13,-0.5401773050136899,-0.8456426539001869
dpAGWP,agwp_final,2040,106,N2O total,1.6393879690494992e-11,1.6301916979314675e-11,1.6249298338183618e-11,-9.196271118031724e-14,-1.4458135231137421e-13,-0.5609575824424057,-0.8819227360513147
dpAGWP,agwp_final,2040,107,N2O total,1.6460721136469556e-11,1.6364984530439633e-11,1.63095688068494e-11,-9.573660602992312e-14,-1.5115232962015546e-13,-0.5816063903653276,-0.9182606786604862
dpAGWP,agwp_final,2040,108,N2O total,1.6526529483254536e-11,1.6427018918457656e-11,1.63687575335349e-11,-9.951056479688e-14,-1.57771949719635e-13,-0.6021262050069787,-0.9546586891064881
dpAGWP,agwp_final,2040,109,N2O total,1.6591317797946892e-11,1.648803360235225e-11,1.6426878085206217e-11,-1.0328419559464037e-13,-1.6443971274067512e-13,-0.6225195421633197,-0.9911190584332238
dpAGWP,agwp_final,2040,110,N2O total,1.665509900011715e-11,1.654804187331214e-11,1.64839438573811e-11,-1.070571268050116e-13,-1.7115514273605274e-13,-0.6427888948859359,-1.0276441030752734
dpAGWP,agwp_final,2040,111,N2O total,1.671788586289084e-11,1.6607056853884502e-11,1.6539968073861234e-11,-1.1082900900633652e-13,-1.7791778902960402e-13,-0.6629367487927812,-1.064236174889393
dpAGWP,agwp_final,2040,112,N2O total,1.677969102199605e-11,1.6665091499078006e-11,1.6594963788071158e-11,-1.14599522918043e-13,-1.8472723392489165e-13,-0.6829656324888077,-1.1008977083233396
dpAGWP,agwp_final,2040,113,N2O total,1.684052696854363e-11,1.672215859969682e-11,1.6648943880362102e-11,-1.1836836884681133e-13,-1.915830881815286e-13,-0.7028780576042023,-1.1376311949108604
dpAGWP,agwp_final,2040,114,N2O total,1.6900406052538018e-11,1.677827077965641e-11,1.670192105987277e-11,-1.2213527288160764e-13,-1.9848499266524838e-13,-0.7226765587875682,-1.174439194231318
dpAGWP,agwp_final,2040,115,N2O total,1.6959340484122487e-11,1.6833440501722065e-11,1.6753907873126515e-11,-1.2589998240042273e-13,-2.0543261099597214e-13,-0.7423636698507917,-1.211324291698137
dpAGWP,agwp_final,2040,116,N2O total,1.7017342330733673e-11,1.688768006685587e-11,1.6804916702249153e-11,-1.2966226387780398e-13,-2.1242562848451977e-13,-0.7619419140651078,-1.2482890944779002
dpAGWP,agwp_final,2040,117,N2O total,1.7074423520671218e-11,1.694100161772815e-11,1.6854959769624166e-11,-1.3342190294306817e-13,-2.1946375104705162e-13,-0.7814138075088767,-1.285336226908961
dpAGWP,agwp_final,2040,118,N2O total,1.7130595844988274e-11,1.699341713835235e-11,1.6904049139861154e-11,-1.3717870663592286e-13,-2.2654670512711968e-13,-0.8007818751736873,-1.3224683319663872
dpAGWP,agwp_final,2040,119,N2O total,1.718587095722153e-11,1.7044938456013935e-11,1.6952196714020073e-11,-1.4093250120759415e-13,-2.3367424320145604e-13,-0.8200486408771391,-1.3596881053227377
dpAGWP,agwp_final,2040,120,N2O total,1.724026037296714e-11,1.7095577245073767e-11,1.6999414241736694e-11,-1.4468312789337472e-13,-2.4084613123044747e-13,-0.8392166055695942,-1.3969982240413028
dpAGWP,agwp_final,2040,121,N2O total,1.7293775471792334e-11,1.7145345024691717e-11,1.704571332190876e-11,-1.484304471006167e-13,-2.480621498835744e-13,-0.8582882745454848,-1.4344013560727995
dpAGWP,agwp_final,2040,122,N2O total,1.734642750110756e-11,1.71942531650873e-11,1.709110540050419e-11,-1.5217433602025732e-13,-2.5532210060336865e-13,-0.8772661460726774,-1.4719001972427261
dpAGWP,agwp_final,2040,123,N2O total,1.739822757606995e-11,1.7242312889743003e-11,1.713560177993625e-11,-1.5591468632694659e-13,-2.6262579613370093e-13,-0.8961527008727969,-1.5094974185469583
dpAGWP,agwp_final,2040,124,N2O total,1.7449186679497037e-11,1.728953527350662e-11,1.7179213619268624e-11,-1.596514059904178e-13,-2.6997306022841306e-13,-0.9149504152993546,-1.5471956669799058
dpAGWP,agwp_final,2040,125,N2O total,1.7499315663496652e-11,1.7335931244703766e-11,1.7221951933591413e-11,-1.6338441879288574e-13,-2.7736372990523967e-13,-0.9336617610350533,-1.5849975806986376
dpAGWP,agwp_final,2040,126,N2O total,1.7548625248765714e-11,1.7381511591134003e-11,1.7263827597310315e-11,-1.6711365763171108e-13,-2.8479765145539845e-13,-0.9522891694519777,-1.6229057685041723
dpAGWP,agwp_final,2040,127,N2O total,1.7597126028084495e-11,1.7426286959778172e-11,1.730485134889522e-11,-1.708390683063236e-13,-2.922746791892742e-13,-0.9708350558703135,-1.6609228047967173
dpAGWP,agwp_final,2040,128,N2O total,1.7644828466001367e-11,1.7470267854438987e-11,1.7345033796956014e-11,-1.7456061156237943e-13,-2.997946690453531e-13,-0.9893018336717104,-1.6990511957824201
dpAGWP,agwp_final,2040,129,N2O total,1.7691742896398314e-11,1.75134646417155e-11,1.7384385415095284e-11,-1.7827825468281417e-13,-3.073574813030296e-13,-1.0076918691776156,-1.7372933978460736
dpAGWP,agwp_final,2040,130,N2O total,1.7737879528636536e-11,1.7555887553042262e-11,1.7422916550614574e-11,-1.8199197559427438e-13,-3.14962978021962e-13,-1.0260075072697465,-1.7756518050169237
dpAGWP,agwp_final,2040,131,N2O total,1.7783248449550116e-11,1.759754668463385e-11,1.7460637430575258e-11,-1.8570176491626698e-13,-3.226110189748578e-13,-1.0442510851889095,-1.8141287284496062
dpAGWP,agwp_final,2040,132,N2O total,1.7827859619148514e-11,1.7638451997423492e-11,1.749755816161875e-11,-1.8940762172502185e-13,-3.303014575297653e-13,-1.0624249111855428,-1.8527263765022906
dpAGWP,agwp_final,2040,133,N2O total,1.7871722874677082e-11,1.7678613321372368e-11,1.7533688733056208e-11,-1.931095533047141e-13,-3.3803414162087355e-13,-1.080531265277933,-1.8914468626852037
dpAGWP,agwp_final,2040,134,N2O total,1.7914847932642098e-11,1.7718040355511817e-11,1.7569039016430232e-11,-1.9680757713028054e-13,-3.4580891621186586e-13,-1.098572412505291,-1.9302922219159784
dpAGWP,agwp_final,2040,135,N2O total,1.7957244388827137e-11,1.7756742672178606e-11,1.760361876414102e-11,-2.0050171664853047e-13,-3.5362562468611634e-13,-1.1165505815206322,-1.9692644206932972
dpAGWP,agwp_final,2040,136,N2O total,1.7998921720367287e-11,1.7794729717145597e-11,1.7637437610166735e-11,-2.0419200322169047e-13,-3.6148411020055194e-13,-1.134467977549067,-2.0083653666402825
dpAGWP,agwp_final,2040,137,N2O total,1.8039889283846123e-11,1.7832010811857252e-11,1.7670505070887203e-11,-2.0787847198887117e-13,-3.6938421295891944e-13,-1.15232676164491,-2.047596895673222
dpAGWP,agwp_final,2040,138,N2O total,1.8080156321248002e-11,1.786859515542315e-11,1.770283053966146e-11,-2.115611658248535e-13,-3.773257815865431e-13,-1.1701290744716872,-2.086960836412159
dpAGWP,agwp_final,2040,139,N2O total,1.8119731959550902e-11,1.7904491820094785e-11,1.7734423286155957e-11,-2.1524013945611683e-13,-3.85308673394945e-13,-1.1878770609664777,-2.1264590130531653
dpAGWP,agwp_final,2040,140,N2O total,1.8158625208731037e-11,1.7939709761658058e-11,1.7765292458165163e-11,-2.1891544707297883e-13,-3.933327505658734e-13,-1.2055728038690938,-2.1660932259164145
dpAGWP,agwp_final,2040,141,N2O total,1.8196844965829922e-11,1.7974257817240634e-11,1.7795447086006613e-11,-2.2258714858928803e-13,-4.013978798233094e-13,-1.2232183601457434,-2.2058652506907395
dpAGWP,agwp_final,2040,142,N2O total,1.8234400016900248e-11,1.800814470309085e-11,1.782489607629653e-11,-2.2625531380939784e-13,-4.0950394060371744e-13,-1.2408157855465323,-2.245776884483041
dpAGWP,agwp_final,2040,143,N2O total,1.827129903303217e-11,1.8041379020873726e-11,1.7853648212720817e-11,-2.299200121584446e-13,-4.176508203113533e-13,-1.2583670802102174,-2.2858299213224744
dpAGWP,agwp_final,2040,144,N2O total,1.830755057648911e-11,1.8073969259726698e-11,1.788171216566525e-11,-2.3358131676241267e-13,-4.258384108238623e-13,-1.2758742125906348,-2.326026133560061
dpAGWP,agwp_final,2040,145,N2O total,1.83431631028984e-11,1.8105923792112476e-11,1.7909096487535495e-11,-2.3723931078592457e-13,-4.340666153629061e-13,-1.2933391556030946,-2.366367310413978
dpAGWP,agwp_final,2040,146,N2O total,1.8378144955600975e-11,1.8137250878339902e-11,1.79358096163971e-11,-2.408940772610729e-13,-4.4233533920387417e-13,-1.3107638330366818,-2.406855209122
dpAGWP,agwp_final,2040,147,N2O total,1.8412504374205606e-11,1.8167958673171826e-11,1.796185988569739e-11,-2.445457010337796e-13,-4.506444885082152e-13,-1.3281501313659856,-2.447491548947197
dpAGWP,agwp_final,2040,148,N2O total,1.8446249494461943e-11,1.8198055219463793e-11,1.798725551663314e-11,-2.4819427499814977e-13,-4.589939778288019e-13,-1.345499935218074,-2.4882780533061974
dpAGWP,agwp_final,2040,149,N2O total,1.847938834815632e-11,1.8227548452229122e-11,1.8012004623690674e-11,-2.5183989592719673e-13,-4.673837244656451e-13,-1.3628151061196931,-2.5292164202625016
dpAGWP,agwp_final,2040,150,N2O total,1.8511928862154737e-11,1.8256446202987767e-11,1.803611522274511e-11,-2.554826591669698e-13,-4.758136394096259e-13,-1.3800974553725263,-2.570308275019173
dpAGWP,agwp_final,2040,151,N2O total,1.85438788556928e-11,1.8284756197802604e-11,1.8059595225618875e-11,-2.591226578901949e-13,-4.84283630073924e-13,-1.3973487419038364,-2.611555186714636
dpAGWP,agwp_final,2040,152,N2O total,1.8575246041512965e-11,1.8312486059212218e-11,1.8082452444842738e-11,-2.6275998230074654e-13,-4.927935966702265e-13,-1.4145706695540738,-2.6529586502860028
dpAGWP,agwp_final,2040,153,N2O total,1.860603802647084e-11,1.833964330604075e-11,1.810469459452912e-11,-2.663947204300904e-13,-5.013434319417198e-13,-1.4317648929400777,-2.6945200865894052
dpAGWP,agwp_final,2040,154,N2O total,1.8636262309638422e-11,1.836623535972858e-11,1.812632928878027e-11,-2.70026949909841e-13,-5.099330208581509e-13,-1.4489329749892323,-2.736240842641609
dpAGWP,agwp_final,2040,155,N2O total,1.8665926285336058e-11,1.8392269542422897e-11,1.814736404399367e-11,-2.736567429131612e-13,-5.185622413423891e-13,-1.4660764150137344,-2.7781221966453993
dpAGWP,agwp_final,2040,156,N2O total,1.869503724430079e-11,1.8417753072912777e-11,1.8167806278073136e-11,-2.7728417138801386e-13,-5.272309662276548e-13,-1.4831966781587684,-2.820165369760801
dpAGWP,agwp_final,2040,157,N2O total,1.8723602376907385e-11,1.8442693077308048e-11,1.8187663311735863e-11,-2.809092995993371e-13,-5.359390651715221e-13,-1.5002951565869316,-2.8623715371808927
dpAGWP,agwp_final,2040,158,N2O total,1.8751628776243615e-11,1.846709658812514e-11,1.8206942370492106e-11,-2.845321881184749e-13,-5.446864057515093e-13,-1.5173731920234463,-2.9047418347016922
dpAGWP,agwp_final,2040,159,N2O total,1.8779123436800784e-11,1.8490970542256593e-11,1.822565058661474e-11,-2.881528945441911e-13,-5.53472850186045e-13,-1.534432080996433,-2.9472773425698024
dpAGWP,agwp_final,2040,160,N2O total,1.8806093261187918e-11,1.8514321783099727e-11,1.8243794998758705e-11,-2.917714780881905e-13,-5.622982624292122e-13,-1.5514730998933708,-2.9899791233604343
dpAGWP,agwp_final,2040,161,N2O total,1.8832545056421457e-11,1.8537157062632357e-11,1.8261382555707548e-11,-2.953879937890999e-13,-5.711625007139086e-13,-1.5684974755357324,-3.0328481838367116
dpAGWP,agwp_final,2040,162,N2O total,1.8858485534422108e-11,1.8559483043619144e-11,1.8278420118176392e-11,-2.9900249080296415e-13,-5.800654162457159e-13,-1.5855063772602496,-3.0758854691005344
dpAGWP,agwp_final,2040,163,N2O total,1.8883921318482435e-11,1.8581306298490854e-11,1.8294914459916962e-11,-3.0261501999158106e-13,-5.890068585654729e-13,-1.6025009577613516,-3.119091891094615
dpAGWP,agwp_final,2040,164,N2O total,1.890885894147922e-11,1.860263331025784e-11,1.831087226682082e-11,-3.0622563122137876e-13,-5.979866746583987e-13,-1.6194823398340028,-3.1624683250803227
dpAGWP,agwp_final,2040,165,N2O total,1.8933304847320328e-11,1.8623470475706852e-11,1.8326300138194722e-11,-3.0983437161347633e-13,-6.070047091256064e-13,-1.6364516079575397,-3.2060156112233997
dpAGWP,agwp_final,2040,166,N2O total,1.8957265393254426e-11,1.8643824106493323e-11,1.8341204589291248e-11,-3.13441286761103e-13,-6.160608039631784e-13,-1.653409815492877,-3.24973455392143
dpAGWP,agwp_final,2040,167,N2O total,1.898074684935175e-11,1.866370042925112e-11,1.835559204999864e-11,-3.1704642010063074e-13,-6.251547993531092e-13,-1.6703579823122654,-3.293625926918993
dpAGWP,agwp_final,2040,168,N2O total,1.9003755402178657e-11,1.8683105586825278e-11,1.836946886868433e-11,-3.2064981535337906e-13,-6.342865334943279e-13,-1.6872971082158774,-3.3376904725979117
dpAGWP,agwp_final,2040,169,N2O total,1.902629715526872e-11,1.8702045638490396e-11,1.8382841309824286e-11,-3.2425151677832517e-13,-6.434558454444355e-13,-1.7042281749948078,-3.3819289176099674
dpAGWP,agwp_final,2040,170,N2O total,1.9048378129739317e-11,1.872052656335494e-11,1.839571555406835e-11,-3.278515663843761e-13,-6.526625756709651e-13,-1.7211521324879477,-3.426341976338628
dpAGWP,agwp_final,2040,171,N2O total,1.9070004265687295e-11,1.873855426041485e-11,1.8408097697400053e-11,-3.3145000527244657e-13,-6.619065682872423e-13,-1.7380699063021465,-3.4709303630215356
dpAGWP,agwp_final,2040,172,N2O total,1.9091181424577823e-11,1.8756134548596945e-11,1.8419993753051085e-11,-3.3504687598087796e-13,-6.711876715267372e-13,-1.7549824106199183,-3.515694794365402
dpAGWP,agwp_final,2040,173,N2O total,1.9111915389599425e-11,1.8773273169982972e-11,1.843140965724329e-11,-3.3864221961645284e-13,-6.805057323561348e-13,-1.7718905338014401,-3.56063596182757
dpAGWP,agwp_final,2040,174,N2O total,1.9132211866617285e-11,1.878997578960708e-11,1.8442351267192676e-11,-3.422360770102053e-13,-6.898605994246086e-13,-1.788795145047258,-3.6057545475351302
dpAGWP,agwp_final,2040,175,N2O total,1.9152076485511172e-11,1.880624799548933e-11,1.845282436184403e-11,-3.4582849002184295e-13,-6.992521236671425e-13,-1.805697101739685,-3.6510512277670624
dpAGWP,agwp_final,2040,176,N2O total,1.9171514799660916e-11,1.882209530088307e-11,1.846283464450596e-11,-3.4941949877784555e-13,-7.086801551549563e-13,-1.8225972356864868,-3.6965266571814688
dpAGWP,agwp_final,2040,177,N2O total,1.9190532290183564e-11,1.8837523145247307e-11,1.847238774498309e-11,-3.530091449362566e-13,-7.181445452004737e-13,-1.8394963703890048,-3.7421814796029533
dpAGWP,agwp_final,2040,178,N2O total,1.920913436523156e-11,1.885253689431269e-11,1.8481489218240277e-11,-3.5659747091886905e-13,-7.27645146991282e-13,-1.8563953176583987,-3.7880163320025306
dpAGWP,agwp_final,2040,179,N2O total,1.92273263604586e-11,1.8867141842288914e-11,1.8490144543497003e-11,-3.6018451816968693e-13,-7.371818169615975e-13,-1.8732948690693363,-3.834031852070849
dpAGWP,agwp_final,2040,180,N2O total,1.9245113541633976e-11,1.888134321100602e-11,1.8498359125372958e-11,-3.637703306279563e-13,-7.467544162610181e-13,-1.8901958143348576,-3.880228685819518
dpAGWP,agwp_final,2040,181,N2O total,1.926250110622657e-11,1.889514615229548e-11,1.8506138293301136e-11,-3.673549539310895e-13,-7.563628129254336e-13,-1.9070989374912621,-3.9266074989656494
dpAGWP,agwp_final,2040,182,N2O total,1.9279494183856335e-11,1.8908555750317864e-11,1.8513487302849417e-11,-3.7093843353847083e-13,-7.660068810069183e-13,-1.924005007605831,-3.973168972702268
dpAGWP,agwp_final,2040,183,N2O total,1.92960978365842e-11,1.8921577020597676e-11,1.852041133419321e-11,-3.745208159865222e-13,-7.756865023909889e-13,-1.9409147857680018,-4.01991381345681
dpAGWP,agwp_final,2040,184,N2O total,1.9312317060127102e-11,1.893421491115281e-11,1.8526915497255117e-11,-3.781021489742906e-13,-7.854015628719849e-13,-1.9578290258859397,-4.0668427326804455
dpAGWP,agwp_final,2040,185,N2O total,1.93281567870991e-11,1.89464743035815e-11,1.8533004835218383e-11,-3.816824835176006e-13,-7.951519518807157e-13,-1.974748485961998,-4.113956445197367
dpAGWP,agwp_final,2040,186,N2O total,1.9343621885836223e-11,1.895836001496559e-11,1.8538684324928207e-11,-3.852618708706342e-13,-8.049375609080164e-13,-1.9916739126953802,-4.161255661730068
dpAGWP,agwp_final,2040,187,N2O total,1.9358717159427357e-11,1.896987679782692e-11,1.8543958879759927e-11,-3.8884036160043825e-13,-8.147582796674307e-13,-2.0086060372604795,-4.2087410697596646
dpAGWP,agwp_final,2040,188,N2O total,1.937344734897217e-11,1.8981029340144298e-11,1.85488333495392e-11,-3.9241800882787316e-13,-8.246139994329721e-13,-2.0255455921668597,-4.256413350599271
dpAGWP,agwp_final,2040,189,N2O total,1.938781713496914e-11,1.899182226655426e-11,1.8553312522425282e-11,-3.95994868414882e-13,-8.345046125438591e-13,-2.042493312466,-4.304273176987479
dpAGWP,agwp_final,2040,190,N2O total,1.9401831137868984e-11,1.9002260139718998e-11,1.8557401123135515e-11,-3.995709981499858e-13,-8.444300147334683e-13,-2.059449931867993,-4.352321225419226
dpAGWP,agwp_final,2040,191,N2O total,1.9415493917284054e-11,1.9012347460442833e-11,1.8561103812330438e-11,-4.031464568412218e-13,-8.543901049536163e-13,-2.076416178536323,-4.400558175823802
dpAGWP,agwp_final,2040,192,N2O total,1.9428809975342285e-11,1.9022088670954312e-11,1.856442518934199e-11,-4.0672130438797267e-13,-8.643847860002932e-13,-2.093392775492454,-4.448984714438565
dpAGWP,agwp_final,2040,193,N2O total,1.9441783756810466e-11,1.903148815393559e-11,1.8567369792726837e-11,-4.10295602874877e-13,-8.744139640836284e-13,-2.1103804466045983,-4.497601531944417
dpAGWP,agwp_final,2040,194,N2O total,1.945441964916862e-11,1.9040550232542766e-11,1.8569942100994002e-11,-4.138694166258547e-13,-8.844775481746185e-13,-2.1273799172083825,-4.546409320477552
dpAGWP,agwp_final,2040,195,N2O total,1.946672198374532e-11,1.904927917358306e-11,1.8572146535768962e-11,-4.1744281016226025e-13,-8.94575447976357e-13,-2.1443919038388914,-4.595408763341491
dpAGWP,agwp_final,2040,196,N2O total,1.947869503559311e-11,1.905767918531255e-11,1.857398746108782e-11,-4.210158502805598e-13,-9.047075745052902e-13,-2.16141712528095,-4.644600538445375
dpAGWP,agwp_final,2040,197,N2O total,1.9490343025670526e-11,1.9065754419651627e-11,1.8575469183299873e-11,-4.2458860601889845e-13,-9.148738423706522e-13,-2.1784563024861967,-4.693985329892252
dpAGWP,agwp_final,2040,198,N2O total,1.9501670121066705e-11,1.9073508973394978e-11,1.8576595955021225e-11,-4.281611476717276e-13,-9.2507416604548e-13,-2.1955101538160364,-4.743563809164055
dpAGWP,agwp_final,2040,199,N2O total,1.9512680435074033e-11,1.9080946888226833e-11,1.857737197388931e-11,-4.3173354684720054e-13,-9.353084611847225e-13,-2.2125793956588335,-4.793336642276507
dpAGWP,agwp_final,2040,200,N2O total,1.9523378028393836e-11,1.9088072151867566e-11,1.8577801382184723e-11,-4.3530587652627034e-13,-9.455766462091134e-13,-2.2296647429209377,-4.843304497991657
dpRF,rf,2050,0,CO2 total,1.622808994621564e-15,1.440300997498854e-15,1.3216535440328794e-15,-1.8250799712270996e-16,-3.0115545058868447e-16,-11.246425040013444,-18.557664616525827
dpRF,rf,2050,1,CO2 total,1.4996920170731223e-15,1.348050039761243e-15,1.2500269328397883e-15,-1.5164197731187923e-16,-2.4966508423333396e-16,-10.111541275510133,-16.647757098860435
dpRF,rf,2050,2,CO2 total,1.4141468490641941e-15,1.2818744430950224e-15,1.1977131733172624e-15,-1.3227240596917167e-16,-2.1643367574693174e-16,-9.353512759774729,-15.304893964170398
dpRF,rf,2050,3,CO2 total,1.3519669014818763e-15,1.2328765048919117e-15,1.1586133917549898e-15,-1.190903965899646e-16,-1.9335350972688653e-16,-8.808676932802934,-14.301645218899504
dpRF,rf,2050,4,CO2 total,1.3046025324992165e-15,1.1954083451530137e-15,1.1287410182145901e-15,-1.0919418734620283e-16,-1.758615142846264e-16,-8.369919927797504,-13.48008377292737
dpRF,rf,2050,5,CO2 total,1.2670117413299985e-15,1.1659633738925364e-15,1.1055459256130583e-15,-1.010483674374621e-16,-1.6146581571694026e-16,-7.975329994289582,-12.743829472917712
dpRF,rf,2050,6,CO2 total,1.2359944209591564e-15,1.1421780136513373e-15,1.0872433370148384e-15,-9.381640730781916e-17,-1.4875108394431804e-16,-7.590358477105077,-12.034931664892486
dpRF,rf,2050,7,CO2 total,1.209530302648424e-15,1.1224740964188785e-15,1.07260099059494e-15,-8.70562062295456e-17,-1.3692931205348398e-16,-7.197521718879196,-11.32086660033729
dpRF,rf,2050,8,CO2 total,1.1863215053704716e-15,1.1057798891338848e-15,1.0607526686046396e-15,-8.054161623658683e-17,-1.25568836765832e-16,-6.789189597590141,-10.584722286275895
dpRF,rf,2050,9,CO2 total,1.1655249776631522e-15,1.0913586890980266e-15,1.0510808612139496e-15,-7.416628856512557e-17,-1.1444411644920255e-16,-6.363337550588327,-9.819104578836232
dpRF,rf,2050,10,CO2 total,1.146614638784899e-15,1.0787150767559677e-15,1.043154396097911e-15,-6.789956202893137e-17,-1.034602426869881e-16,-5.921742120865169,-9.023104989888141
dpRF,rf,2050,11,CO2 total,1.1291708961022156e-15,1.0674488976748311e-15,1.0366255011768096e-15,-6.172199842738447e-17,-9.254539492540604e-17,-5.466134368184887,-8.195871434949611
dpRF,rf,2050,12,CO2 total,1.112953992169975e-15,1.0573057858120698e-15,1.031255124594737e-15,-5.564820635790528e-17,-8.169886757523813e-17,-5.000045531927653,-7.3407228106479305
dpRF,rf,2050,13,CO2 total,1.09775494674874e-15,1.0480731488992412e-15,1.026845066211473e-15,-4.968179784949883e-17,-7.090988053726696e-17,-4.5257639691484135,-6.459536415416143
dpRF,rf,2050,14,CO2 total,1.0834704379303796e-15,1.0396251230537261e-15,1.0232616576113273e-15,-4.384531487665348e-17,-6.02087803190523e-17,-4.046747686111842,-5.55703028077644
dpRF,rf,2050,15,CO2 total,1.0699639950709768e-15,1.0318295134318295e-15,1.0203828556492955e-15,-3.8134481639147325e-17,-4.958113942168124e-17,-3.5640901763818373,-4.633907276327765
dpRF,rf,2050,16,CO2 total,1.0571457001898396e-15,1.0245913726517548e-15,1.0181144064815513e-15,-3.255432753808474e-17,-3.903129370828832e-17,-3.079455133974316,-3.6921394753134953
dpRF,rf,2050,17,CO2 total,1.0449770387119848e-15,1.017854950466585e-15,1.016386048161738e-15,-2.712208824539975e-17,-2.859099055024681e-17,-2.59547217217613,-2.7360400746687623
dpRF,rf,2050,18,CO2 total,1.0333946009860903e-15,1.0115602385003847e-15,1.0151384096250906e-15,-2.1834362485705648e-17,-1.825619136099975e-17,-2.112877545989767,-1.7666234508656466
dpRF,rf,2050,19,CO2 total,1.0223501373825415e-15,1.0056574339849406e-15,1.0143201878142872e-15,-1.6692703397600833e-17,-8.02994956825432e-18,-1.6327775374822278,-0.785440259128139
dpRF,rf,2050,20,CO2 total,1.0118033234408685e-15,1.0001018058905138e-15,1.013885986707202e-15,-1.1701517550354664e-17,2.0826632663335425e-18,-1.1565011973434698,0.20583676867664066
dpRF,rf,2050,21,CO2 total,1.0016957413288666e-15,9.948398673936072e-16,1.0137923700280103e-15,-6.855873935259478e-18,1.209662869914367e-17,-0.6844267827438658,1.2076150671356631
dpRF,rf,2050,22,CO2 total,9.920176056069213e-16,9.898507329753816e-16,1.0140075278030245e-15,-2.1668726315397602e-18,2.1989922196103172e-17,-0.21843086446173068,2.2166866869917725
dpRF,rf,2050,23,CO2 total,9.827273404370183e-16,9.850995551041453e-16,1.0145020434790147e-15,2.3722146671269992e-18,3.1774703041996413e-17,0.24139093006937984,3.2333183106380474
dpRF,rf,2050,24,CO2 total,9.73799749630586e-16,9.80564068365509e-16,1.0152526863181526e-15,6.764318734923041e-18,4.1452936687566725e-17,0.6946313898200434,4.256823510510454
dpRF,rf,2050,25,CO2 total,9.652271400586938e-16,9.762314915536517e-16,1.0162360466890286e-15,1.1004351494957864e-17,5.1008906630334706e-17,1.1400789553315613,5.284653167464079
dpRF,rf,2050,26,CO2 total,9.569652011736189e-16,9.720751053432025e-16,1.0174381399315032e-15,1.5109904169583658e-17,6.047293875788431e-17,1.578939772423587,6.319241147297781
dpRF,rf,2050,27,CO2 total,9.490191694932335e-16,9.68089853267012e-16,1.0188375882530277e-15,1.9070683773778444e-17,6.981841875979421e-17,2.0095151274933674,7.356902895552313
dpRF,rf,2050,28,CO2 total,9.413614436641117e-16,9.642616931641167e-16,1.0204244911558979e-15,2.2900249500004962e-17,7.906304749178617e-17,2.432673406600242,8.398798147504834
dpRF,rf,2050,29,CO2 total,9.339839492913754e-16,9.60582252407769e-16,1.0221841876790275e-15,2.6598303116393614e-17,8.820023838765202e-17,2.8478329993330247,9.443442626029128
dpRF,rf,2050,30,CO2 total,9.268724134495043e-16,9.570387516489653e-16,1.024095915890874e-15,3.0166338199461e-17,9.722350244136968e-17,3.254637613735005,10.489415914272044
dpRF,rf,2050,31,CO2 total,9.199951930770222e-16,9.536101232219445e-16,1.02614026923599e-15,3.3614930144922295e-17,1.0614507615896788e-16,3.6538158457647554,11.53756856097849
dpRF,rf,2050,32,CO2 total,9.133434691358062e-16,9.502861365384525e-16,1.0283002299797992e-15,3.694266740264636e-17,1.14956760843993e-16,4.044772711584726,12.58636698336099
dpRF,rf,2050,33,CO2 total,9.06896207553784e-16,9.47054533280948e-16,1.0305645634206666e-15,4.0158325727164046e-17,1.236683558668826e-16,4.428106038229566,13.636439852412588
dpRF,rf,2050,34,CO2 total,9.0065041149245e-16,9.439099564348415e-16,1.0329200084531598e-15,4.325954494239158e-17,1.322695969607098e-16,4.8031449706115215,14.686008608104498
dpRF,rf,2050,35,CO2 total,8.945932637055558e-16,9.40843087582909e-16,1.0353553775770318e-15,4.6249823877353255e-17,1.4076211387147606e-16,5.169927580918585,15.734761212980267
dpRF,rf,2050,36,CO2 total,8.88696533758737e-16,9.378398198794825e-16,1.0378675765555346e-15,4.914328612074538e-17,1.491710427967975e-16,5.529816338192985,16.785374661683374
dpRF,rf,2050,37,CO2 total,8.829796327017519e-16,9.349078485032988e-16,1.0404413277060094e-15,5.192821580154684e-17,1.5746169500425747e-16,5.881020793498514,17.832992876908637
dpRF,rf,2050,38,CO2 total,8.774134871610337e-16,9.320304511611541e-16,1.0430759781953759e-15,5.461696400012042e-17,1.6566249103434215e-16,6.2247691424073635,18.880777815526983
dpRF,rf,2050,39,CO2 total,8.719872713553112e-16,9.292024387853352e-16,1.0457658035739375e-15,5.721516743002395e-17,1.7377853221862624e-16,6.561468189907822,19.929021664333007
dpRF,rf,2050,40,CO2 total,8.667147768034974e-16,9.264314003002252e-16,1.0484923768916139e-15,5.971662349672775e-17,1.8177760008811646e-16,6.8899971588077324,20.97317421522736
dpRF,rf,2050,41,CO2 total,8.615767144896626e-16,9.23716162395225e-16,1.0512558312885767e-15,6.213944790556233e-17,1.896791167989141e-16,7.212294257786361,22.01534855909687
dpRF,rf,2050,42,CO2 total,8.565666465148195e-16,9.210580300628357e-16,1.0540491247673012e-15,6.449138354801624e-17,1.9748247825248175e-16,7.529056123118667,23.055121169612935
dpRF,rf,2050,43,CO2 total,8.516715438112456e-16,9.184521805414408e-16,1.0568695266752014e-15,6.678063673019517e-17,2.051979828639558e-16,7.8411257503509635,24.09355864418002
dpRF,rf,2050,44,CO2 total,8.468816139074491e-16,9.158953945260823e-16,1.0597137365635958e-15,6.901378061863322e-17,2.128321226561467e-16,8.14916506454884,25.131272088214907
dpRF,rf,2050,45,CO2 total,8.421966766422829e-16,9.133851476061078e-16,1.0625775426060516e-15,7.118847096382489e-17,2.203808659637686e-16,8.452713355227557,26.167387271390748
dpRF,rf,2050,46,CO2 total,8.376060459002078e-16,9.109168342414897e-16,1.0654579484456432e-15,7.331078834128195e-17,2.2785190254543543e-16,8.75241871761945,27.20275285269152
dpRF,rf,2050,47,CO2 total,8.330991482231572e-16,9.084842331541157e-16,1.0683545443780422e-15,7.538508493095852e-17,2.35255396154885e-16,9.048753091602679,28.238583205449224
dpRF,rf,2050,48,CO2 total,8.28678925705203e-16,9.060872784481737e-16,1.071260087307296e-15,7.740835274297075e-17,2.4258116160209305e-16,9.341175495333912,29.273238895952048
dpRF,rf,2050,49,CO2 total,8.243420158203576e-16,9.037243614261558e-16,1.0741718992001439e-15,7.938234560579823e-17,2.498298833797863e-16,9.629782794317427,30.30658132003182
dpRF,rf,2050,50,CO2 total,8.200894511286809e-16,9.013967698889836e-16,1.077091948411954e-15,8.130731876030274e-17,2.5700249728327307e-16,9.914445143563338,31.338349362933897
dpRF,rf,2050,51,CO2 total,8.159352761428484e-16,8.99117332728614e-16,1.0800147707471163e-15,8.318205658576565e-17,2.6407949460426786e-16,10.194688110433248,32.36525032385468
dpRF,rf,2050,52,CO2 total,8.118768998670835e-16,8.96889694745644e-16,1.0829405603483727e-15,8.501279487856045e-17,2.710636604812892e-16,10.471143456905638,33.38728574808157
dpRF,rf,2050,53,CO2 total,8.07910652146043e-16,8.947150124123917e-16,1.0858655594353821e-15,8.680436026634868e-17,2.7795490728933915e-16,10.744301988811676,34.404164192044135
dpRF,rf,2050,54,CO2 total,8.040274879741473e-16,8.925901965523662e-16,1.088793661294013e-15,8.856270857821884e-17,2.847661733198656e-16,11.014885672797604,35.41746738502328
dpRF,rf,2050,55,CO2 total,8.002269484263923e-16,8.905170938595612e-16,1.0917200760036089e-15,9.029014543316886e-17,2.914931275772165e-16,11.283067336175078,36.42630733074207
dpRF,rf,2050,56,CO2 total,7.965043106546682e-16,8.884936620714678e-16,1.094639918634967e-15,9.198935141679957e-17,2.981356079802987e-16,11.54913415863262,37.430507781590414
dpRF,rf,2050,57,CO2 total,7.928585229125261e-16,8.865203294150601e-16,1.0975521896813237e-15,9.3661806502534e-17,3.046936667687976e-16,11.813180257995088,38.42976495346492
dpRF,rf,2050,58,CO2 total,7.89285724454941e-16,8.845948697619163e-16,1.1004525157081738e-15,9.530914530697528e-17,3.111667912532327e-16,12.075366670643024,39.42384634767288
dpRF,rf,2050,59,CO2 total,7.8578539967923e-16,8.827167033030641e-16,1.10333785768958e-15,9.693130362383416e-17,3.1755245801034997e-16,12.335594891862723,40.41210973631985
dpRF,rf,2050,60,CO2 total,7.82353623771927e-16,8.808846016231815e-16,1.1062062852838347e-15,9.853097785125449e-17,3.238526615119077e-16,12.594174150585694,41.39466497905783
dpRF,rf,2050,61,CO2 total,7.78986493475477e-16,8.790955182791978e-16,1.1090556546005245e-15,1.001090248037208e-16,3.300691611250475e-16,12.851188774413878,42.37161541176815
dpRF,rf,2050,62,CO2 total,7.756870718764373e-16,8.773506092075721e-16,1.1118853463646371e-15,1.0166353733113477e-16,3.361982744881998e-16,13.106256506918967,43.34199791095066
dpRF,rf,2050,63,CO2 total,7.724533559153342e-16,8.756485210708475e-16,1.1146922479069234e-15,1.0319516515551334e-16,3.422388919915892e-16,13.3594040811992,44.30544438324646
dpRF,rf,2050,64,CO2 total,7.692771862151662e-16,8.739847647769352e-16,1.1174844203810914e-15,1.0470757856176893e-16,3.4820723416592513e-16,13.611163887093658,45.26420910505616
dpRF,rf,2050,65,CO2 total,7.661566416146041e-16,8.723572662336956e-16,1.1202628784567053e-15,1.0620062461909143e-16,3.541062368421012e-16,13.861476733437101,46.218516894385345
dpRF,rf,2050,66,CO2 total,7.630835982528598e-16,8.707618557719369e-16,1.1230337226997738e-15,1.0767825751907715e-16,3.599501244469141e-16,14.110938534862369,47.17047061043487
dpRF,rf,2050,67,CO2 total,7.600691935922244e-16,8.691997485566596e-16,1.1257881259122293e-15,1.0913055496443525e-16,3.6571893232000497e-16,14.357976337478503,48.1165314162453
dpRF,rf,2050,68,CO2 total,7.571034139327845e-16,8.676685397979685e-16,1.128532557991715e-15,1.1056512586518402e-16,3.714291440589306e-16,14.603701929020751,49.05923513533463
dpRF,rf,2050,69,CO2 total,7.541928354091845e-16,8.661706495592064e-16,1.1312604113246543e-15,1.119778141500219e-16,3.770675759154698e-16,14.847371771871678,49.99617580706573
dpRF,rf,2050,70,CO2 total,7.513324649534323e-16,8.64703416683056e-16,1.1339753342246203e-15,1.1337095172962372e-16,3.82642869271188e-16,15.089318912453816,50.92856852590607
dpRF,rf,2050,71,CO2 total,7.485233708115725e-16,8.632677084274762e-16,1.1366777211786148e-15,1.1474433761590376e-16,3.881543503670423e-16,15.329426186318585,51.85600951192656
dpRF,rf,2050,72,CO2 total,7.4576477218348e-16,8.618629852923237e-16,1.1393698064645136e-15,1.1609821310884371e-16,3.9360503428103366e-16,15.56767193077875,52.77871105772684
dpRF,rf,2050,73,CO2 total,7.430513860292096e-16,8.604870210381764e-16,1.1420554545610248e-15,1.1743563500896677e-16,3.990040685318152e-16,15.804510591996976,53.698045119604984
dpRF,rf,2050,74,CO2 total,7.403841159028852e-16,8.591396134652562e-16,1.1447329966386132e-15,1.18755497562371e-16,4.0434888073572802e-16,16.039714387652793,54.6133921636922
dpRF,rf,2050,75,CO2 total,7.377565766926322e-16,8.578175367283119e-16,1.1474075383229895e-15,1.2006096003567963e-16,4.0965096163035726e-16,16.273790546729348,55.52657537352297
dpRF,rf,2050,76,CO2 total,7.351723858175797e-16,8.565213464093207e-16,1.1500654599190753e-15,1.2134896059174101e-16,4.148930741014956e-16,16.506191327737334,56.43480115756743
dpRF,rf,2050,77,CO2 total,7.326275060064316e-16,8.552497346249915e-16,1.1527086654179117e-15,1.226222286185599e-16,4.200811594114801e-16,16.737322529285905,57.338982766474544
dpRF,rf,2050,78,CO2 total,7.301230883773939e-16,8.540021596771823e-16,1.1553352832472556e-15,1.2387907129978839e-16,4.252121948698617e-16,16.966874938182535,58.23842604605778
dpRF,rf,2050,79,CO2 total,7.276569999261062e-16,8.527774285529931e-16,1.1579422884265404e-15,1.251204286268869e-16,4.302852885004342e-16,17.194973543797822,59.1329827850388
dpRF,rf,2050,80,CO2 total,7.252298987079701e-16,8.515762214323948e-16,1.160520474783443e-15,1.2634632272442476e-16,4.352905760754729e-16,17.421554592483908,60.02104668477718
dpRF,rf,2050,81,CO2 total,7.228438642353283e-16,8.504005952867156e-16,1.1630569569852722e-15,1.2755673105138735e-16,4.402130927499439e-16,17.646512250100542,60.900163165337275
dpRF,rf,2050,82,CO2 total,7.204919888710651e-16,8.492469969962211e-16,1.165567506867871e-15,1.2875500812515596e-16,4.450755179968058e-16,17.870428833900213,61.77383300183422
dpRF,rf,2050,83,CO2 total,7.181775677325212e-16,8.481173209253624e-16,1.1680422974453971e-15,1.299397531928412e-16,4.498647297128759e-16,18.092984107411734,62.639763468694696
dpRF,rf,2050,84,CO2 total,7.158976570585513e-16,8.470101416563973e-16,1.1704782739339205e-15,1.3111248459784603e-16,4.545806168753693e-16,18.314417333974138,63.49798918788616
dpRF,rf,2050,85,CO2 total,7.136441414390458e-16,8.459212846055542e-16,1.172898473637511e-15,1.3227714316650836e-16,4.592543321984652e-16,18.535448620060798,64.35340886739296
dpRF,rf,2050,86,CO2 total,7.114216628175601e-16,8.448508118349646e-16,1.175303604122804e-15,1.3342914901740446e-16,4.638819413052438e-16,18.75528339816967,65.20492213690203
dpRF,rf,2050,87,CO2 total,7.092328401985316e-16,8.438012346815729e-16,1.177679998360406e-15,1.3456839448304133e-16,4.684471581618745e-16,18.97379631284027,66.04984027963859
dpRF,rf,2050,88,CO2 total,7.070699323208369e-16,8.427705161546383e-16,1.1800452767623918e-15,1.357005838338015e-16,4.729753444415549e-16,19.191960742608217,66.89230058038159
dpRF,rf,2050,89,CO2 total,7.049334702647338e-16,8.417574391023606e-16,1.1823951864860214e-15,1.3682396883762677e-16,4.774617162212876e-16,19.409486796852374,67.73145784125975
dpRF,rf,2050,90,CO2 total,7.028318468871538e-16,8.407618951749342e-16,1.1847271215172759e-15,1.379300482877804e-16,4.818952746301221e-16,19.624900166188166,68.56480348243169
dpRF,rf,2050,91,CO2 total,7.007769780330024e-16,8.39785872750034e-16,1.1870324327155202e-15,1.3900889471703162e-16,4.862554546825178e-16,19.836395754211708,69.38804640063647
dpRF,rf,2050,92,CO2 total,6.987663431376865e-16,8.388281461525686e-16,1.189310954151789e-15,1.4006180301488204e-16,4.905446110141024e-16,20.044154156875862,70.20152241611963
dpRF,rf,2050,93,CO2 total,6.968003508137826e-16,8.378886883583722e-16,1.1915711108987034e-15,1.4108833754458957e-16,4.947707600849208e-16,20.248029063104607,71.00610088773426
dpRF,rf,2050,94,CO2 total,6.948754821239036e-16,8.369668415006521e-16,1.1937997451496819e-15,1.4209135937674847e-16,4.989242630257782e-16,20.448463506359847,71.8005277004168
dpRF,rf,2050,95,CO2 total,6.929903545332069e-16,8.360609711828794e-16,1.1960098356053483e-15,1.430706166496725e-16,5.030194810721414e-16,20.64539797903014,72.58679399816054
dpRF,rf,2050,96,CO2 total,6.911435078405797e-16,8.351709010408939e-16,1.198190587065832e-15,1.440273932003142e-16,5.070470792252523e-16,20.838999652954243,73.3635017146408
dpRF,rf,2050,97,CO2 total,6.893349451100742e-16,8.342966467784188e-16,1.20034057495735e-15,1.4496170166834456e-16,5.110056298472758e-16,21.029211226945243,74.13023719052536
dpRF,rf,2050,98,CO2 total,6.875621906543882e-16,8.334373285700244e-16,1.202451332779666e-15,1.4587513791563622e-16,5.148891421252778e-16,21.216282672088088,74.88619198726319
dpRF,rf,2050,99,CO2 total,6.858255954033074e-16,8.325932910300257e-16,1.204537075224867e-15,1.4676769562671837e-16,5.187114798215596e-16,21.400148464918402,75.63314686681029
dpRF,rf,2050,100,CO2 total,6.841235678413187e-16,8.317632868602994e-16,1.2065838773344436e-15,1.4763971901898068e-16,5.224603094931249e-16,21.58085555871764,76.36928970912294
dpRF,rf,2050,101,CO2 total,6.824567955800865e-16,8.309464591756416e-16,1.2086012300763404e-15,1.4848966359555507e-16,5.261444344962538e-16,21.758104623947546,77.0956400322796
dpRF,rf,2050,102,CO2 total,6.808207785266387e-16,8.301411906737427e-16,1.2105639681718756e-15,1.4932041214710401e-16,5.297431896452368e-16,21.932411121506554,77.80949206509999
dpRF,rf,2050,103,CO2 total,6.792178304907385e-16,8.293473352739606e-16,1.2124871987174106e-15,1.5012950478322213e-16,5.332693682266721e-16,22.103292646889553,78.51227460288877
dpRF,rf,2050,104,CO2 total,6.776460051939915e-16,8.285649258741989e-16,1.2143740253512966e-15,1.5091892068020744e-16,5.367280201573052e-16,22.271055908756296,79.20477890276277
dpRF,rf,2050,105,CO2 total,6.761039468424636e-16,8.27792013995097e-16,1.2162272746138362e-15,1.5168806715263344e-16,5.401233277713726e-16,22.435613319674598,79.88761643736191
dpRF,rf,2050,106,CO2 total,6.745904431133432e-16,8.270281223628304e-16,1.2180386096283178e-15,1.524376792494872e-16,5.434481665149746e-16,22.597070682763135,80.55971916928945
dpRF,rf,2050,107,CO2 total,6.731057111402153e-16,8.262714733131535e-16,1.2198140805723009e-15,1.5316576217293823e-16,5.467083694320856e-16,22.755082840328498,81.22176953542446
dpRF,rf,2050,108,CO2 total,6.716503363124166e-16,8.255237509794764e-16,1.2215443649080842e-15,1.5387341466705983e-16,5.498940285956677e-16,22.909750259618118,81.87206926966918
dpRF,rf,2050,109,CO2 total,6.702227119419787e-16,8.247832903060305e-16,1.2232311037178631e-15,1.5456057836405176e-16,5.530083917758844e-16,23.06107740160141,82.51113874872065
dpRF,rf,2050,110,CO2 total,6.688222999206835e-16,8.240494144986787e-16,1.2248839432605603e-15,1.552271145779952e-16,5.560616433398768e-16,23.209021977347913,83.14041613233006
dpRF,rf,2050,111,CO2 total,6.674499867654332e-16,8.233229384485528e-16,1.2264896843357192e-15,1.558729516831196e-16,5.59039697570286e-16,23.353502850229162,83.75754118738989
dpRF,rf,2050,112,CO2 total,6.661039794719528e-16,8.226032014205895e-16,1.2280714479758488e-15,1.5649922194863673e-16,5.61967468503896e-16,23.494713553985957,84.36632805427617
dpRF,rf,2050,113,CO2 total,6.647861299267303e-16,8.218915904864906e-16,1.2296185668106668e-15,1.5710546055976025e-16,5.648324368839365e-16,23.632481709128875,84.96453392404408
dpRF,rf,2050,114,CO2 total,6.634946633199892e-16,8.211879487188232e-16,1.2311201904109635e-15,1.5769328539883408e-16,5.676255270909744e-16,23.767076679979564,85.55088058292654
dpRF,rf,2050,115,CO2 total,6.62228691670266e-16,8.204917871316029e-16,1.2325923474914958e-15,1.5826309546133687e-16,5.703636558212298e-16,23.89855611090595,86.12789856366157
dpRF,rf,2050,116,CO2 total,6.60985465330634e-16,8.198013436278324e-16,1.2340306198978837e-15,1.5881587829719841e-16,5.730451545672496e-16,24.027136242361475,86.69557571596594
dpRF,rf,2050,117,CO2 total,6.597656000449785e-16,8.191172232621111e-16,1.2354517558077925e-15,1.5935162321713266e-16,5.75686155762814e-16,24.152763224737562,87.25616426857773
dpRF,rf,2050,118,CO2 total,6.585678198608001e-16,8.184380834479351e-16,1.2368395272273627e-15,1.5987026358713496e-16,5.782717073665625e-16,24.2754441935724,87.807464915123
dpRF,rf,2050,119,CO2 total,6.573914311493119e-16,8.177637379294458e-16,1.2382030005710984e-15,1.6037230678013391e-16,5.808115694217864e-16,24.395253601002427,88.35094920637442
dpRF,rf,2050,120,CO2 total,6.562377373554819e-16,8.170949727950238e-16,1.239555171788586e-15,1.6085723543954198e-16,5.833174344331041e-16,24.51203676395802,88.88812715705237
dpRF,rf,2050,121,CO2 total,6.551043999106924e-16,8.164306858573221e-16,1.2408976069617828e-15,1.6132628594662971e-16,5.857932070510904e-16,24.62604219550695,89.4198248601214
dpRF,rf,2050,122,CO2 total,6.539921025052956e-16,8.157716041626322e-16,1.2422337126856515e-15,1.6177950165733654e-16,5.882416101803559e-16,24.737225577739533,89.9462864959585
dpRF,rf,2050,123,CO2 total,6.528999639908863e-16,8.151177996616433e-16,1.2435535493470719e-15,1.6221783567075699e-16,5.906535853561856e-16,24.845741249423835,90.46616908136794
dpRF,rf,2050,124,CO2 total,6.51828065723849e-16,8.144688294891052e-16,1.244860640780699e-15,1.6264076376525615e-16,5.930325750568499e-16,24.95148219563775,90.97990808332143
dpRF,rf,2050,125,CO2 total,6.507757167032959e-16,8.138249042851281e-16,1.2461562191120734e-15,1.630491875818322e-16,5.953805024087774e-16,25.054589991127497,91.48781786524857
dpRF,rf,2050,126,CO2 total,6.497429082413942e-16,8.131862031267208e-16,1.2474391546157579e-15,1.634432948853266e-16,5.976962463743636e-16,25.155071769494974,91.98965295244223
dpRF,rf,2050,127,CO2 total,6.487300588554742e-16,8.125529356662255e-16,1.2486998952967998e-15,1.6382287681075127e-16,5.999698364413256e-16,25.252857421124702,92.48374239045218
dpRF,rf,2050,128,CO2 total,6.477341068422708e-16,8.119235688100602e-16,1.2499388011783187e-15,1.6418946196778938e-16,6.02204694336048e-16,25.348281066782086,92.97097188101141
dpRF,rf,2050,129,CO2 total,6.467551880219499e-16,8.112977540276613e-16,1.2511492968954057e-15,1.645425660057114e-16,6.043941088734558e-16,25.44124408324454,93.45021424906508
dpRF,rf,2050,130,CO2 total,6.457944805242581e-16,8.106760083347364e-16,1.2523457468063285e-15,1.6488152781047835e-16,6.065512662820704e-16,25.531578974881757,93.92326577174678
dpRF,rf,2050,131,CO2 total,6.448492945268179e-16,8.100573065025958e-16,1.2535158230633572e-15,1.652080119757779e-16,6.086665285365393e-16,25.61963134301099,94.38895780806753
dpRF,rf,2050,132,CO2 total,6.439206585152851e-16,8.094417590445231e-16,1.2546488212547231e-15,1.6552110052923798e-16,6.10728162739438e-16,25.705201151782724,94.84525067849502
dpRF,rf,2050,133,CO2 total,6.430081003953477e-16,8.08829194474149e-16,1.255757211747039e-15,1.6582109407880127e-16,6.127491113516913e-16,25.78833672186208,95.2941511895337
dpRF,rf,2050,134,CO2 total,6.4211048175941305e-16,8.082190608749978e-16,1.2568482498490264e-15,1.6610857911558478e-16,6.147377680896134e-16,25.869158631461588,95.73707104191834
dpRF,rf,2050,135,CO2 total,6.4122884402078e-16,8.076119913236558e-16,1.2579144455577151e-15,1.6638314730287577e-16,6.166856015369351e-16,25.94754569360636,96.1724674875902
dpRF,rf,2050,136,CO2 total,6.403646258622704e-16,8.070090906074704e-16,1.2589536117786512e-15,1.6664446474519997e-16,6.185889859163808e-16,26.02337137545787,96.59949362184584
dpRF,rf,2050,137,CO2 total,6.395161583378739e-16,8.064098075787729e-16,1.2599770901233464e-15,1.6689364924089904e-16,6.204609317854725e-16,26.096861989329838,97.02036824183979
dpRF,rf,2050,138,CO2 total,6.386823306788875e-16,8.058130039125832e-16,1.2609749062135272e-15,1.6713067323369566e-16,6.222925755346397e-16,26.168043987696365,97.43381735223106
dpRF,rf,2050,139,CO2 total,6.378633636622274e-16,8.0521891390186e-16,1.2619614655819459e-15,1.673555502396326e-16,6.240981019197185e-16,26.23689645361944,97.84197329292013
dpRF,rf,2050,140,CO2 total,6.370517811250101e-16,8.046283414831386e-16,1.262930862531866e-15,1.6757656035812853e-16,6.25879081406856e-16,26.305014022909486,98.24618656611814
dpRF,rf,2050,141,CO2 total,6.362383634473109e-16,8.040404133948304e-16,1.263878998861573e-15,1.6780204994751956e-16,6.276406354142622e-16,26.37408549813357,98.64866243109518
dpRF,rf,2050,142,CO2 total,6.354195305957399e-16,8.034541740118943e-16,1.2648170371744222e-15,1.680346434161544e-16,6.293975065786822e-16,26.444677150325063,99.05227590165325
dpRF,rf,2050,143,CO2 total,6.345965456268062e-16,8.02869681093958e-16,1.265734847182688e-15,1.682731354671518e-16,6.311383015558818e-16,26.516553962792912,99.45504839338378
dpRF,rf,2050,144,CO2 total,6.337705094886153e-16,8.022871906310748e-16,1.266634258253203e-15,1.6851668114245946e-16,6.328637487645877e-16,26.58954284231911,99.85692601494517
dpRF,rf,2050,145,CO2 total,6.329428872664551e-16,8.017071200773468e-16,1.2675127782007819e-15,1.687642328108917e-16,6.345698909343268e-16,26.663421962090183,100.2570537880437
dpRF,rf,2050,146,CO2 total,6.32113352730089e-16,8.011291751945894e-16,1.268372756906312e-15,1.6901582246450047e-16,6.36259404176223e-16,26.738214235551812,100.65590315854385
dpRF,rf,2050,147,CO2 total,6.312830610255294e-16,8.005538291764375e-16,1.2692098927959248e-15,1.6927076815090801e-16,6.379268317703953e-16,26.813766850630355,101.05242341431955
dpRF,rf,2050,148,CO2 total,6.304508871204556e-16,7.999804397794521e-16,1.2700309588377713e-15,1.695295526589965e-16,6.395800717173157e-16,26.890207646992447,101.44804056642019
dpRF,rf,2050,149,CO2 total,6.296173396184449e-16,7.994094958598046e-16,1.2708346017732277e-15,1.6979215624135975e-16,6.412172621547828e-16,26.967515911212942,101.84237660026447
dpRF,rf,2050,150,CO2 total,6.28781018154985e-16,7.988400427501012e-16,1.2716227897049653e-15,1.7005902459511618e-16,6.428417715499802e-16,27.045826716289202,102.23619240864701
dpRF,rf,2050,151,CO2 total,6.279421190318349e-16,7.982723766964618e-16,1.2723979253478487e-15,1.703302576646269e-16,6.444558063160138e-16,27.12515254228258,102.62981042100503
dpRF,rf,2050,152,CO2 total,6.271006057836792e-16,7.977065085840459e-16,1.2731639489491115e-15,1.7060590280036665e-16,6.460633431654323e-16,27.205507573567523,103.02387483074673
dpRF,rf,2050,153,CO2 total,6.262551426192414e-16,7.971412903138746e-16,1.2739079205679574e-15,1.708861476946332e-16,6.47652777948716e-16,27.28698513834492,103.41676001892479
dpRF,rf,2050,154,CO2 total,6.25406220567232e-16,7.965768286060713e-16,1.2746408394139053e-15,1.711706080388393e-16,6.492346188466733e-16,27.369508394654385,103.8100673603517
dpRF,rf,2050,155,CO2 total,6.245536666053239e-16,7.960133418831972e-16,1.2753590761590517e-15,1.7145967527787328e-16,6.508054095537277e-16,27.453153259001567,104.20328057492505
dpRF,rf,2050,156,CO2 total,6.236963957339038e-16,7.95450265826187e-16,1.2760616762698126e-15,1.717538700922832e-16,6.523652805359088e-16,27.5380571808789,104.59660902293177
dpRF,rf,2050,157,CO2 total,6.228365026151894e-16,7.948882488143105e-16,1.2767498693312366e-15,1.7205174619912112e-16,6.539133667160472e-16,27.6239021760452,104.98957013122563
dpRF,rf,2050,158,CO2 total,6.219726554933115e-16,7.943270128278327e-16,1.2774300721034084e-15,1.7235435733452117e-16,6.554574166100968e-16,27.710921985440017,105.38363878557124
dpRF,rf,2050,159,CO2 total,6.21106130999058e-16,7.937673013145801e-16,1.2780875790063808e-15,1.726611703155221e-16,6.569814480073229e-16,27.798980190035184,105.776036528662
dpRF,rf,2050,160,CO2 total,6.202372515661387e-16,7.932090051904266e-16,1.2787232019634784e-15,1.7297175362428792e-16,6.584859503973397e-16,27.887998211575198,106.16678516722764
dpRF,rf,2050,161,CO2 total,6.193649015696204e-16,7.926512610580595e-16,1.2793411196992748e-15,1.7328635948843915e-16,6.599762181296544e-16,27.978072223545382,106.55692895369356
dpRF,rf,2050,162,CO2 total,6.184902004814706e-16,7.92094711351124e-16,1.2799499617465089e-15,1.7360451086965345e-16,6.614597612650383e-16,28.069080275566062,106.94749257952955
dpRF,rf,2050,163,CO2 total,6.176122011092849e-16,7.915385901099164e-16,1.280535854483886e-15,1.7392638900063157e-16,6.629236533746012e-16,28.16109990836398,107.3365539385286
dpRF,rf,2050,164,CO2 total,6.167291464125897e-16,7.90981693960982e-16,1.281112905507386e-15,1.7425254754839233e-16,6.643837590947963e-16,28.254307188494376,107.72699214224033
dpRF,rf,2050,165,CO2 total,6.15844213211965e-16,7.90425764712016e-16,1.2816722768198183e-15,1.7458155150005095e-16,6.658280636078532e-16,28.348330268382725,108.11631404883957
dpRF,rf,2050,166,CO2 total,6.149557093632669e-16,7.898694135726061e-16,1.2822180837893027e-15,1.7491370420933925e-16,6.672623744260358e-16,28.44330112658799,108.50576135262293
dpRF,rf,2050,167,CO2 total,6.140634977367523e-16,7.893125792004951e-16,1.2827470125699867e-15,1.7524908146374285e-16,6.686835148332344e-16,28.539244249113754,108.89484838258497
dpRF,rf,2050,168,CO2 total,6.131687325314509e-16,7.887555935485093e-16,1.2832604057805108e-15,1.7558686101705838e-16,6.700916732490599e-16,28.63597761943155,109.28340564310972
dpRF,rf,2050,169,CO2 total,6.122715601000626e-16,7.881981147412617e-16,1.2837508132754058e-15,1.7592655464119915e-16,6.714792531753432e-16,28.73341930375596,109.6701687508733
dpRF,rf,2050,170,CO2 total,6.113732006083409e-16,7.876409030232469e-16,1.2842111993630924e-15,1.76267702414906e-16,6.728379987547516e-16,28.831440802363034,110.05356435075184
dpRF,rf,2050,171,CO2 total,6.104737912887219e-16,7.870840426003894e-16,1.2846551165512728e-15,1.766102513116675e-16,6.74181325262551e-16,28.930030057283844,110.43575250615447
dpRF,rf,2050,172,CO2 total,6.095740602750592e-16,7.865276951395101e-16,1.2850696713338615e-15,1.769536348644509e-16,6.754956110588023e-16,29.029062487436523,110.814362860847
dpRF,rf,2050,173,CO2 total,6.086732329535109e-16,7.859711041596573e-16,1.2854644202043773e-15,1.7729787120614636e-16,6.767911872508664e-16,29.12858026396702,111.19121896765883
dpRF,rf,2050,174,CO2 total,6.077719853473944e-16,7.854149248211871e-16,1.2858487702611676e-15,1.7764293947379273e-16,6.780767849137732e-16,29.228550139943415,111.56762754146912
dpRF,rf,2050,175,CO2 total,6.068697795680153e-16,7.848581730169791e-16,1.2862114330465183e-15,1.7798839344896383e-16,6.79341653478503e-16,29.328926804636783,111.94191511102677
dpRF,rf,2050,176,CO2 total,6.059651469846742e-16,7.842999305352388e-16,1.2865620095485755e-15,1.7833478355056463e-16,6.805968625639013e-16,29.42987471110694,112.31617295988059
dpRF,rf,2050,177,CO2 total,6.050601933649889e-16,7.837411711896995e-16,1.2868942230490838e-15,1.7868097782471063e-16,6.818340296840949e-16,29.531107778052977,112.68862786892903
dpRF,rf,2050,178,CO2 total,6.041535152152445e-16,7.831808414991176e-16,1.2872187020573568e-15,1.7902732628387316e-16,6.830651868421123e-16,29.632754221431668,113.06152652256831
dpRF,rf,2050,179,CO2 total,6.03247955811045e-16,7.826204133715122e-16,1.2875222029993017e-15,1.7937245756046722e-16,6.842742471882567e-16,29.73444929776968,113.43167276352801
dpRF,rf,2050,180,CO2 total,6.023427549601396e-16,7.820595360901546e-16,1.2878021298475411e-15,1.7971678113001502e-16,6.854593748874016e-16,29.836298295296654,113.79889095416485
dpRF,rf,2050,181,CO2 total,6.014381027074592e-16,7.814978490909765e-16,1.2880661292522022e-15,1.8005974638351733e-16,6.86628026544743e-16,29.93820071807103,114.16437093921871
dpRF,rf,2050,182,CO2 total,6.005347635286281e-16,7.80935896815886e-16,1.2883125913274621e-15,1.8040113328725787e-16,6.87777827798834e-16,30.040081647772578,114.52756269388674
dpRF,rf,2050,183,CO2 total,5.996317605143332e-16,7.80372832130478e-16,1.2885444066260975e-15,1.8074107161614482e-16,6.889126461117644e-16,30.14201106711133,114.88928563771384
dpRF,rf,2050,184,CO2 total,5.987301263744203e-16,7.798090926417153e-16,1.288761188928181e-15,1.8107896626729505e-16,6.900310625537608e-16,30.243837463768443,115.24909673949576
dpRF,rf,2050,185,CO2 total,5.97829279393863e-16,7.792439873493087e-16,1.2889592972719323e-15,1.8141470795544575e-16,6.911300178780693e-16,30.345570919407212,115.60658564244355
dpRF,rf,2050,186,CO2 total,5.969283744551686e-16,7.786770562297471e-16,1.2891469438352094e-15,1.8174868177457849e-16,6.922185693800408e-16,30.4473182298404,115.96342191169016
dpRF,rf,2050,187,CO2 total,5.960294146674741e-16,7.7810949903687255e-16,1.289318476808036e-15,1.8208008436939847e-16,6.932890621405619e-16,30.548842035083336,116.31792745117271
dpRF,rf,2050,188,CO2 total,5.951314583985675e-16,7.775404439932284e-16,1.2894805637048364e-15,1.8240898559466093e-16,6.943491053062689e-16,30.650200559974294,116.67155138709775
dpRF,rf,2050,189,CO2 total,5.942350228247151e-16,7.769699523431045e-16,1.2896248857268534e-15,1.8273492951838939e-16,6.953898629021383e-16,30.751289052226017,117.02269913284147
dpRF,rf,2050,190,CO2 total,5.933405763639814e-16,7.763982118108218e-16,1.2897526650642975e-15,1.830576354468404e-16,6.964120887003161e-16,30.8520338468382,117.37139114401407
dpRF,rf,2050,191,CO2 total,5.92447909612657e-16,7.758250195527187e-16,1.2898682847425143e-15,1.8337710994006162e-16,6.974203751298573e-16,30.95244441995816,117.71842955540706
dpRF,rf,2050,192,CO2 total,5.915587426497459e-16,7.752513784493944e-16,1.2899733000902734e-15,1.8369263579964843e-16,6.984145574405275e-16,31.052306821946573,118.06343260386052
dpRF,rf,2050,193,CO2 total,5.906712963898766e-16,7.746760919654608e-16,1.2900557562666598e-15,1.8400479557558413e-16,6.993844598767832e-16,31.151809255029466,118.40501885758637
dpRF,rf,2050,194,CO2 total,5.897870513654791e-16,7.740999234299696e-16,1.2901247196499397e-15,1.843128720644905e-16,7.003376682844606e-16,31.250749170869057,118.74415802500818
dpRF,rf,2050,195,CO2 total,5.889032971102412e-16,7.735210968822735e-16,1.2901829290191525e-15,1.8461779977203225e-16,7.012796319089113e-16,31.349425394280356,119.08230695092092
dpRF,rf,2050,196,CO2 total,5.880227205750688e-16,7.729411742779045e-16,1.290226900622152e-15,1.8491845370283572e-16,7.022041800470832e-16,31.44750147103006,119.41786524172879
dpRF,rf,2050,197,CO2 total,5.871443231048478e-16,7.723593275017787e-16,1.2902598101576129e-15,1.8521500439693092e-16,7.031154870527651e-16,31.545055808000484,119.7517304322481
dpRF,rf,2050,198,CO2 total,5.862678766362606e-16,7.7177522284556985e-16,1.2902793846883891e-15,1.855073462093093e-16,7.040115080521286e-16,31.642079261389245,120.08358910800769
dpRF,rf,2050,199,CO2 total,5.853943770518435e-16,7.711894860700996e-16,1.290277814068534e-15,1.8579510901825607e-16,7.048834370166906e-16,31.73845125639151,120.41171979932852
dpRF,rf,2050,200,CO2 total,5.845228876087504e-16,7.7060220633889e-16,1.290259558144716e-15,1.8607931873013952e-16,7.057366705359655e-16,31.834393943302942,120.73721756612366
dpRF,rf_final,2050,0,CH4 total,2.4470258615620343e-13,2.0952776368395722e-13,1.9494339216638015e-13,-3.517482247224621e-14,-4.975919398982328e-14,-14.374520116347572,-20.334559912685187
dpRF,rf_final,2050,1,CH4 total,2.2477789935687402e-13,1.9508044473457383e-13,1.8113289189056628e-13,-2.969745462230019e-14,-4.364500746630774e-14,-13.211910382323804,-19.41694783659033
dpRF,rf_final,2050,2,CH4 total,2.064465581187494e-13,1.816315047685517e-13,1.6834927382518926e-13,-2.4815053350197712e-14,-3.809728429356015e-14,-12.020085767631898,-18.453823905190198
dpRF,rf_final,2050,3,CH4 total,1.8953536645964793e-13,1.6907155239880133e-13,1.5647661294151322e-13,-2.04638140608466e-14,-3.30587535181347e-14,-10.796831453196544,-17.441997309337467
dpRF,rf_final,2050,4,CH4 total,1.739243612366888e-13,1.5732835159354424e-13,1.4543308030427432e-13,-1.659600964314457e-14,-2.849128093241449e-14,-9.54208457351154,-16.381420480620022
dpRF,rf_final,2050,5,CH4 total,1.5950370643717485e-13,1.4633581279186174e-13,1.3514317333077508e-13,-1.3167893645313113e-14,-2.4360533106399775e-14,-8.255540851961122,-15.272706603839877
dpRF,rf_final,2050,6,CH4 total,1.4619171849847433e-13,1.360485441599402e-13,1.2555269624967655e-13,-1.0143174338534133e-14,-2.063902224879778e-14,-6.938268762905328,-14.117777984129226
dpRF,rf_final,2050,7,CH4 total,1.3391134815685258e-13,1.2642405812456628e-13,1.166119095508392e-13,-7.487290032286294e-15,-1.7299438606013373e-14,-5.591228925211259,-12.918575493505042
dpRF,rf_final,2050,8,CH4 total,1.2259469531597454e-13,1.1742629382215237e-13,1.0827883756437301e-13,-5.168401493822177e-15,-1.431585775160153e-14,-4.2158443156950485,-11.677387602052406
dpRF,rf_final,2050,9,CH4 total,1.1217397088471425e-13,1.0901830365283408e-13,1.0051211718898147e-13,-3.1556672318801726e-15,-1.1661853695732782e-14,-2.8131902677523826,-10.396220802166434
dpRF,rf_final,2050,10,CH4 total,1.0257911878820672e-13,1.0116681551208614e-13,9.329896896945931e-14,-1.4123032761205768e-15,-9.280149818747403e-15,-1.3767941202892708,-9.04682154455622
dpRF,rf_final,2050,11,CH4 total,9.375682305730907e-14,9.384432380443714e-14,8.660373083825703e-14,8.750074712806649e-17,-7.153092219052043e-15,0.0933273379736656,-7.629409770721113
dpRF,rf_final,2050,12,CH4 total,8.564945527076927e-14,8.70182388968035e-14,8.038780593982302e-14,1.36878362603423e-15,-5.2616493309462536e-15,1.5981229789576643,-6.1432373554650805
dpRF,rf_final,2050,13,CH4 total,7.820352052730619e-14,8.06579506550032e-14,7.461597905552033e-14,2.4544301276970065e-15,-3.587541471785858e-15,3.138516157773226,-4.587442416397612
dpRF,rf_final,2050,14,CH4 total,7.136807961123099e-14,7.473354277755055e-14,6.925497539538101e-14,3.3654631663195634e-15,-2.113104215849976e-15,4.715642041445585,-2.960853405837535
dpRF,rf_final,2050,15,CH4 total,6.509766358601463e-14,6.921859026426716e-14,6.42759234318162e-14,4.1209266782525306e-15,-8.217401541984319e-16,6.3303757020518585,-1.2623189665058452
dpRF,rf_final,2050,16,CH4 total,5.935027438019364e-14,6.408852522996639e-14,5.965263039052322e-14,4.738250849772743e-15,3.0235601032957305e-16,7.98353655354623,0.5094433235349545
dpRF,rf_final,2050,17,CH4 total,5.408261385049326e-14,5.931621601561213e-14,5.535722214019694e-14,5.2336021651188696e-15,1.2746082897036777e-15,9.677051075206373,2.3567801164847966
dpRF,rf_final,2050,18,CH4 total,4.925691077931233e-14,5.4878353329840164e-14,5.136603326868208e-14,5.621442550527836e-15,2.1091224893697524e-15,11.412495143501397,4.281881376644461
dpRF,rf_final,2050,19,CH4 total,4.483952841444621e-14,5.075440758800616e-14,4.765856112596606e-14,5.914879173559947e-15,2.819032711519851e-15,13.19121628329685,6.286936574051093
dpRF,rf_final,2050,20,CH4 total,4.07977854986068e-14,4.69189208878771e-14,4.421990514015251e-14,6.1211353892703e-15,3.4221196415457096e-15,15.003597167006355,8.388003416662336
dpRF,rf_final,2050,21,CH4 total,3.71012624087106e-14,4.335335109721603e-14,4.102959968138416e-14,6.25208868850543e-15,3.928337272673557e-15,16.851417667765315,10.588149883954529
dpRF,rf_final,2050,22,CH4 total,3.3721300441078366e-14,4.003967120394573e-14,3.806844522275233e-14,6.318370762867366e-15,4.347144781673964e-15,18.737031728380497,12.891391271430303
dpRF,rf_final,2050,23,CH4 total,3.0632028380064e-14,3.696150363256915e-14,3.531941066977149e-14,6.329475252505152e-15,4.68738228970749e-15,20.662932189709363,15.302226256613622
dpRF,rf_final,2050,24,CH4 total,2.7809272453358718e-14,3.4103143351709517e-14,3.2766618328065275e-14,6.293870898350799e-15,4.957345874706557e-15,22.632274572830998,17.82623361693817
dpRF,rf_final,2050,25,CH4 total,2.5230284278805844e-14,3.144929154264787e-14,3.039494586573013e-14,6.219007263842027e-15,5.164661586924284e-15,24.64897816893078,20.470088762585785
dpRF,rf_final,2050,26,CH4 total,2.287506330026438e-14,2.8986647694542785e-14,2.819151854752327e-14,6.111584394278405e-15,5.31645524725889e-15,26.717234894855004,23.241270100430476
dpRF,rf_final,2050,27,CH4 total,2.072402225670698e-14,2.6701390205268163e-14,2.6143194124880615e-14,5.977367948561183e-15,5.419171868173635e-15,28.842701839053998,26.149228180932937
dpRF,rf_final,2050,28,CH4 total,1.8759860211446542e-14,2.458134750322902e-14,2.4238603177088616e-14,5.821487291782478e-15,5.4787429656420734e-15,31.03161338180138,29.204604426098847
dpRF,rf_final,2050,29,CH4 total,1.6966523928027654e-14,2.2614931820629454e-14,2.246708512871351e-14,5.6484078926018e-15,5.500561200685856e-15,33.29148573132873,32.42008335955763
dpRF,rf_final,2050,30,CH4 total,1.5330277656395003e-14,2.0791760810442064e-14,2.0822674141384073e-14,5.461483154047061e-15,5.49239648498907e-15,35.62546795601455,35.82711682131814
dpRF,rf_final,2050,31,CH4 total,1.3838061212039488e-14,1.9102564057950998e-14,1.9296012138930124e-14,5.26450284591151e-15,5.457950926890636e-15,38.043644736382944,39.441586818116335
dpRF,rf_final,2050,32,CH4 total,1.247729576011297e-14,1.7537925922030422e-14,1.7877915759403228e-14,5.060630161917452e-15,5.4006199992902585e-15,40.55870966924673,43.2835776527378
dpRF,rf_final,2050,33,CH4 total,1.1236630820095008e-14,1.6089233987167988e-14,1.6560223272558598e-14,4.85260316707298e-15,5.32359245246359e-15,43.185570877658776,47.377123425138734
dpRF,rf_final,2050,34,CH4 total,1.0105500347580595e-14,1.4748206481666864e-14,1.533527356293022e-14,4.6427061340862695e-15,5.2297732153496255e-15,45.94236776408406,51.75174939855116
dpRF,rf_final,2050,35,CH4 total,9.074274748774597e-15,1.3507133667097972e-14,1.4196083900268866e-14,4.432858918323375e-15,5.121809151494269e-15,48.850834265537245,56.44317913325166
dpRF,rf_final,2050,36,CH4 total,8.134424543338413e-15,1.2359190975489698e-14,1.313666703071842e-14,4.224766432151285e-15,5.002242487380008e-15,51.93688145538342,61.494730951515585
dpRF,rf_final,2050,37,CH4 total,7.277432225029372e-15,1.1297016472118954e-14,1.2150497868688933e-14,4.019584247089582e-15,4.873065643659561e-15,55.233551104261345,66.96133324195806
dpRF,rf_final,2050,38,CH4 total,6.496281699748398e-15,1.0314784525035912e-14,1.1232657812184884e-14,3.818502825287514e-15,4.736376112436486e-15,58.77982208553865,72.90903214095421
dpRF,rf_final,2050,39,CH4 total,5.7841458124629136e-15,9.406500029318046e-15,1.0378051510335136e-14,3.622354216855132e-15,4.5939056978722226e-15,62.625568827296185,79.42237016179435
dpRF,rf_final,2050,40,CH4 total,5.134394906621127e-15,8.566465282396186e-15,9.581010865343906e-15,3.4320703757750595e-15,4.446615958722779e-15,66.84469033243212,86.60447900079885
dpRF,rf_final,2050,41,CH4 total,4.541780443675802e-15,7.789981410224361e-15,8.837962690852498e-15,3.2482009665485592e-15,4.296182247176696e-15,71.51822962009345,94.59246875658447
dpRF,rf_final,2050,42,CH4 total,4.001185049272836e-15,7.07221100633493e-15,8.145096145524016e-15,3.071025957062094e-15,4.14391109625118e-15,76.75290993152674,103.56709437880866
dpRF,rf_final,2050,43,CH4 total,3.5081499986863084e-15,6.4089723472597166e-15,7.499209981525826e-15,2.9008223485734082e-15,3.991059982839517e-15,82.68809342986117,113.76537446614437
dpRF,rf_final,2050,44,CH4 total,3.058450256912775e-15,5.796161363429152e-15,6.897094998272043e-15,2.737711106516377e-15,3.838644741359268e-15,89.51301726515067,125.50947110168231
dpRF,rf_final,2050,45,CH4 total,2.6481854098852036e-15,5.229891177400579e-15,6.335664174577802e-15,2.581705767515375e-15,3.687478764692598e-15,97.48961526176862,139.24549055092209
dpRF,rf_final,2050,46,CH4 total,2.273868791911947e-15,4.70666744532387e-15,5.812170824776297e-15,2.432798653411923e-15,3.53830203286435e-15,106.98940334927339,155.60713289394434
dpRF,rf_final,2050,47,CH4 total,1.9323127414316787e-15,4.223247463377638e-15,5.32406151319381e-15,2.290934721945959e-15,3.3917487717621316e-15,118.55921005046896,175.52794115765832
dpRF,rf_final,2050,48,CH4 total,1.6205553015260795e-15,3.776531889410983e-15,4.868841712899902e-15,2.1559765878849036e-15,3.2482864113738222e-15,133.03937149535204,200.44279934877295
dpRF,rf_final,2050,49,CH4 total,1.3358459521693379e-15,3.3635570463891745e-15,4.444069201886756e-15,2.027711094219837e-15,3.1082232497174182e-15,151.79228495074221,232.6782698760917
dpRF,rf_final,2050,50,CH4 total,1.0759362230166114e-15,2.9819101379978962e-15,4.046534827729672e-15,1.905973914981285e-15,2.970598604713061e-15,177.14562203673094,276.0943019823581
dpRF,rf_final,2050,51,CH4 total,8.385256020687628e-16,2.6290114227843964e-15,3.674389948554821e-15,1.7904858207156337e-15,2.8358643464860584e-15,213.52786561295787,338.1965129615094
dpRF,rf_final,2050,52,CH4 total,6.216937427116679e-16,2.302784394481854e-15,3.3262611078203634e-15,1.681090651770186e-15,2.7045673651086957e-15,270.4049496200013,435.03210331699165
dpRF,rf_final,2050,53,CH4 total,4.235434423945999e-16,2.0010582876004205e-15,3.0005221302461823e-15,1.5775148452058207e-15,2.5769786878515824e-15,372.45644420486815,608.4331452004175
dpRF,rf_final,2050,54,CH4 total,2.4248332138558797e-16,1.722082032457909e-15,2.6959660822155015e-15,1.479598711072321e-15,2.4534827608299133e-15,610.1857656096347,1011.8150587885077
dpRF,rf_final,2050,55,CH4 total,7.692692004196493e-17,1.4639944790037862e-15,2.4111311340053063e-15,1.3870675589618213e-15,2.3342042139633413e-15,1803.0977429034629,3034.313882175438
dpRF,rf_final,2050,56,CH4 total,-7.447865665261687e-17,1.2252496293489202e-15,2.1448679161599837e-15,1.299728286001537e-15,2.2193465728126006e-15,-1745.1016766638606,-2979.842377077329
dpRF,rf_final,2050,57,CH4 total,-2.1302768812686887e-16,1.0043021950639401e-15,1.895929136461643e-15,1.217329883190809e-15,2.108956824588512e-15,-571.4420946378702,-989.9918846852061
dpRF,rf_final,2050,58,CH4 total,-3.3987814602481265e-16,7.997578162877658e-16,1.6631740552454308e-15,1.1396359623125785e-15,2.0030522012702436e-15,-335.30721984972223,-589.3442178315319
dpRF,rf_final,2050,59,CH4 total,-4.5607162974613365e-16,6.10355819164267e-16,1.4455677611971019e-15,1.0664274489104008e-15,1.9016393909432354e-15,-233.82893812185026,-416.9606848822757
dpRF,rf_final,2050,60,CH4 total,-5.625571678010173e-16,4.3492631334100034e-16,1.2421226781284167e-15,9.974834811420177e-16,1.804679845929434e-15,-177.31237609878588,-320.7993692416642
dpRF,rf_final,2050,61,CH4 total,-6.602114780771432e-16,2.723631273358033e-16,1.0518709702031783e-15,9.325746054129466e-16,1.7120824482803214e-15,-141.25392186895286,-259.32333882875497
dpRF,rf_final,2050,62,CH4 total,-7.498092324802043e-16,1.2168906899416237e-16,8.739620567688472e-16,8.714983014743667e-16,1.6237712892490515e-15,-116.22933723977253,-216.557921523315
dpRF,rf_final,2050,63,CH4 total,-8.320639801310644e-16,-1.8023087143476027e-17,7.075553487584735e-16,8.140408929875884e-16,1.539619328889538e-15,-97.83393013351724,-185.03617097413846
dpRF,rf_final,2050,64,CH4 total,-9.075823625947795e-16,-1.4753001529060753e-16,5.520156766479044e-16,7.60052347304172e-16,1.459598039242684e-15,-83.74472429490378,-160.82265361236094
dpRF,rf_final,2050,65,CH4 total,-9.769648882635072e-16,-2.6763733586615156e-16,4.0658440620826836e-16,7.093275523973557e-16,1.3835492944717755e-15,-72.6052247034323,-141.61709505558036
dpRF,rf_final,2050,66,CH4 total,-1.0407320599222801e-15,-3.790263005934799e-16,2.706483556831908e-16,6.617057593288002e-16,1.3113804156054708e-15,-63.58079901739696,-126.00557493188037
dpRF,rf_final,2050,67,CH4 total,-1.0993868796889674e-15,-4.824017344838998e-16,1.435113283387566e-16,6.169851452050676e-16,1.242898208027724e-15,-56.12083940638092,-113.0537603267885
dpRF,rf_final,2050,68,CH4 total,-1.1533649412812057e-15,-5.783623393341082e-16,2.4599579464077585e-17,5.750026019470975e-16,1.1779645207452833e-15,-49.85435063669967,-102.13285306182026
dpRF,rf_final,2050,69,CH4 total,-1.2030731803802377e-15,-6.674904416618204e-16,-8.667416685509031e-17,5.355827387184173e-16,1.1163990135251474e-15,-44.51788531676381,-92.79560310473411
dpRF,rf_final,2050,70,CH4 total,-1.248875185324223e-15,-7.503080976839841e-16,-1.9083507928297872e-16,4.985670876402389e-16,1.0580401060412442e-15,-39.9212902537418,-84.71944342192725
dpRF,rf_final,2050,71,CH4 total,-1.2911010908793484e-15,-8.272975914651696e-16,-2.8837904345800845e-16,4.638034994141788e-16,1.00272204742134e-15,-35.92309716803737,-77.66410039498936
dpRF,rf_final,2050,72,CH4 total,-1.3300532663711968e-15,-8.98909214803841e-16,-3.79778041519999e-16,4.311440515673558e-16,9.502752248511978e-16,-32.415547742960115,-71.44640360486066
dpRF,rf_final,2050,73,CH4 total,-1.3659960117406524e-15,-9.655294655484465e-16,-4.654251156904565e-16,4.004665461922059e-16,9.00570896050196e-16,-29.316816648820378,-65.92778370579738
dpRF,rf_final,2050,74,CH4 total,-1.3991756035201356e-15,-1.027529998855757e-15,-5.45713615458663e-16,3.7164560466437857e-16,8.534619880614725e-16,-26.56175563162828,-60.99748922967769
dpRF,rf_final,2050,75,CH4 total,-1.4298104641549083e-15,-1.0852335136687892e-15,-6.209744540625565e-16,3.445769504861191e-16,8.088360100923517e-16,-24.099484450883622,-56.56945660769209
dpRF,rf_final,2050,76,CH4 total,-1.458113494497266e-15,-1.1389773282389478e-15,-6.915869293095121e-16,3.1913616625831814e-16,7.665265651877538e-16,-21.886922208915646,-52.569746324996444
dpRF,rf_final,2050,77,CH4 total,-1.4842707871031943e-15,-1.1890498227014474e-15,-7.578688332703192e-16,2.9522096440174694e-16,7.264019538328751e-16,-19.889966639976837,-48.93998858864369
dpRF,rf_final,2050,78,CH4 total,-1.5084537187857163e-15,-1.2357236104929604e-15,-8.20127370660107e-16,2.727301082927559e-16,6.883263481256092e-16,-18.08011110293127,-45.631254015516106
dpRF,rf_final,2050,79,CH4 total,-1.5308225608670124e-15,-1.2792601982881282e-15,-8.786656788197153e-16,2.515623625788842e-16,6.521568820472971e-16,-16.43314966800638,-42.60172920876831
dpRF,rf_final,2050,80,CH4 total,-1.5515178315315054e-15,-1.3198869913491054e-15,-9.337464502545679e-16,2.3163084018240005e-16,6.177713812769376e-16,-14.92930570793098,-39.81722728040673
dpRF,rf_final,2050,81,CH4 total,-1.5706755476630123e-15,-1.3578381414117843e-15,-9.856625464385453e-16,2.1283740625122806e-16,5.85013001224467e-16,-13.550692029802466,-37.245948222400244
dpRF,rf_final,2050,82,CH4 total,-1.5884093808087994e-15,-1.39329586160491e-15,-1.0346206539271872e-15,1.9511351920388935e-16,5.537887268816122e-16,-12.283578878421118,-34.864357612873675
dpRF,rf_final,2050,83,CH4 total,-1.6048275478949877e-15,-1.4264425491172146e-15,-1.0808437477565286e-15,1.7838499877777307e-16,5.239838001384591e-16,-11.115524469389639,-32.65047392947333
dpRF,rf_final,2050,84,CH4 total,-1.620027286769432e-15,-1.4574397740645038e-15,-1.1245265973860869e-15,1.6258751270492831e-16,4.955006893833452e-16,-10.036097171495873,-30.585947127560114
dpRF,rf_final,2050,85,CH4 total,-1.6340966840193478e-15,-1.4864280089623027e-15,-1.165826292395044e-15,1.4766867505704503e-16,4.682703916243038e-16,-9.036715911682043,-28.65622311113872
dpRF,rf_final,2050,86,CH4 total,-1.6471236943902815e-15,-1.513561448937976e-15,-1.2049341937224558e-15,1.3356224545230556e-16,4.4218950066782566e-16,-8.108816958142691,-26.84616232368096
dpRF,rf_final,2050,87,CH4 total,-1.6591866733978423e-15,-1.5389788086211958e-15,-1.2420222950264556e-15,1.2020786477664648e-16,4.1716437837138666e-16,-7.244987360612851,-25.14270305203677
dpRF,rf_final,2050,88,CH4 total,-1.6703543527434537e-15,-1.5627941035370742e-15,-1.2772221782332552e-15,1.0756024920637957e-16,3.9313217451019857e-16,-6.439367133669482,-23.535854764260247
dpRF,rf_final,2050,89,CH4 total,-1.6806929131697107e-15,-1.5851219400198582e-15,-1.3106703297745333e-15,9.557097314985249e-17,3.7002258339517744e-16,-5.686403054416999,-22.01607328118803
dpRF,rf_final,2050,90,CH4 total,-1.6902611289096084e-15,-1.6060693078177222e-15,-1.342496782673567e-15,8.41918210918862e-17,3.4776434623604146e-16,-4.980994927464169,-20.574592900943365
dpRF,rf_final,2050,91,CH4 total,-1.699110994057415e-15,-1.6257426288540419e-15,-1.3728406726167933e-15,7.336836520337322e-17,3.2627032144062175e-16,-4.318044286687372,-19.2024136493579
dpRF,rf_final,2050,92,CH4 total,-1.7072856678568432e-15,-1.6442291952975507e-15,-1.4018088483384446e-15,6.305647255929249e-17,3.054768195183986e-16,-3.6933756164220206,-17.892542839761777
dpRF,rf_final,2050,93,CH4 total,-1.7148239958427582e-15,-1.6616100755264282e-15,-1.4294988422843501e-15,5.321392031633008e-17,2.853251535584081e-16,-3.1031709636287106,-16.638742766028518
dpRF,rf_final,2050,94,CH4 total,-1.721760679847503e-15,-1.6779544724917116e-15,-1.4559954734480351e-15,4.38062073557914e-17,2.657652063994679e-16,-2.544268077934695,-15.435664753536294
dpRF,rf_final,2050,95,CH4 total,-1.7281319052670805e-15,-1.6933368328513338e-15,-1.4813924394078106e-15,3.479507241574669e-17,2.4673946585926994e-16,-2.013450032934214,-14.277814390628746
dpRF,rf_final,2050,96,CH4 total,-1.7339694402278575e-15,-1.7078178902012209e-15,-1.5057610821129656e-15,2.6151550026636636e-17,2.2820835811489194e-16,-1.508189788119917,-13.16103691452045
dpRF,rf_final,2050,97,CH4 total,-1.7393059949188942e-15,-1.7214626787699137e-15,-1.5291874556509145e-15,1.7843316148980548e-17,2.101185392679797e-16,-1.0258871182590616,-12.080596506986556
dpRF,rf_final,2050,98,CH4 total,-1.744171405260427e-15,-1.7343270488164975e-15,-1.5517447657035876e-15,9.844356443929604e-18,1.924266395568395e-16,-0.5644145073264583,-11.032553278678924
dpRF,rf_final,2050,99,CH4 total,-1.7485942307308395e-15,-1.7464638258319927e-15,-1.5735004186217582e-15,2.1304048988467555e-18,1.7509381210908131e-16,-0.12183529268287331,-10.013404426932107
dpRF,rf_final,2050,100,CH4 total,-1.7526007588110022e-15,-1.7579199863797798e-15,-1.5945131063714025e-15,-5.319227568777624e-18,1.5808765243959968e-16,0.3035048080423227,-9.020174825603142
dpRF,rf_final,2050,101,CH4 total,-1.7562179118829263e-15,-1.7687471863245763e-15,-1.6148519773305078e-15,-1.2529274441649932e-17,1.4136593455241857e-16,0.7134236791957491,-8.049452952045872
dpRF,rf_final,2050,102,CH4 total,-1.7594690448808993e-15,-1.7789845986941788e-15,-1.634567774523481e-15,-1.9515553813279445e-17,1.2490127035741837e-16,1.1091728990662906,-7.0988046490964605
dpRF,rf_final,2050,103,CH4 total,-1.7623781100118761e-15,-1.7886762874866485e-15,-1.6537197485593734e-15,-2.6298177474772412e-17,1.0865836145250274e-16,1.4921983724931307,-6.165439801778435
dpRF,rf_final,2050,104,CH4 total,-1.764964738094363e-15,-1.7978532797566313e-15,-1.6723435560900599e-15,-3.288854166226827e-17,9.262118200430318e-17,1.8634106932798051,-5.247763879085001
dpRF,rf_final,2050,105,CH4 total,-1.7672492489480928e-15,-1.80654956404479e-15,-1.6904791305925424e-15,-3.9300315096697e-17,7.677011835555046e-17,2.223812805131446,-4.344045889466117
dpRF,rf_final,2050,106,CH4 total,-1.7692503355645998e-15,-1.8147947948027504e-15,-1.7081592700659832e-15,-4.554445923815061e-17,6.109106549861667e-17,2.574223574959309,-3.4529350805024097
dpRF,rf_final,2050,107,CH4 total,-1.770986531777574e-15,-1.8226213094137483e-15,-1.7254243506915164e-15,-5.1634777636174294e-17,4.556218108605764e-17,2.9155940324598317,-2.572700597577441
dpRF,rf_final,2050,108,CH4 total,-1.772474064691748e-15,-1.8300553126849083e-15,-1.742304371742464e-15,-5.758124799316035e-17,3.0169692949284005e-17,3.248636983761697,-1.7021232383747649
dpRF,rf_final,2050,109,CH4 total,-1.7737291515376953e-15,-1.837124191512894e-15,-1.7588329039202235e-15,-6.339503997519852e-17,1.4896247617471832e-17,3.5741105072462496,-0.8398265092817502
dpRF,rf_final,2050,110,CH4 total,-1.774766450402172e-15,-1.8438518363959787e-15,-1.7750355863892692e-15,-6.908538599380672e-17,-2.691359870971743e-19,3.8926466058760343,0.01516458613673853
dpRF,rf_final,2050,111,CH4 total,-1.775599963086933e-15,-1.8502626204161416e-15,-1.7909449543104643e-15,-7.466265732920868e-17,-1.5344991223531407e-17,4.2049255959324,0.8642144369531122
dpRF,rf_final,2050,112,CH4 total,-1.776241617214122e-15,-1.856373561049812e-15,-1.8065724681701973e-15,-8.013194383569004e-17,-3.0330850956075245e-17,4.511320028711517,1.707585874699102
dpRF,rf_final,2050,113,CH4 total,-1.776704960415096e-15,-1.8622099595047898e-15,-1.821950513705901e-15,-8.550499908969376e-17,-4.524555329080516e-17,4.812560385361732,2.546599142731854
dpRF,rf_final,2050,114,CH4 total,-1.7770007457380257e-15,-1.8677881013895e-15,-1.8370952653035228e-15,-9.07873556514742e-17,-6.009451956549712e-17,5.109021809316591,3.3817948422153647
dpRF,rf_final,2050,115,CH4 total,-1.7771391359729515e-15,-1.873122462717225e-15,-1.852018474855551e-15,-9.598332674427345e-17,-7.48793388825993e-17,5.401002363932767,4.213476444634382
dpRF,rf_final,2050,116,CH4 total,-1.77712985809986e-15,-1.8782252140836338e-15,-1.8667262622848876e-15,-1.010953559837739e-16,-8.959640418502777e-17,5.688687043493092,5.041635183645269
dpRF,rf_final,2050,117,CH4 total,-1.7769825035020386e-15,-1.8831087349899738e-15,-1.8812258780392187e-15,-1.0612623148793514e-16,-1.0424337453718012e-16,5.9722721680592725,5.866314065092905
dpRF,rf_final,2050,118,CH4 total,-1.776707173786994e-15,-1.8877876155030052e-15,-1.8955298380416712e-15,-1.1108044171601124e-16,-1.1882266425467725e-16,6.252039917148918,6.6878023575157055
dpRF,rf_final,2050,119,CH4 total,-1.776313753557358e-15,-1.8922756467208934e-15,-1.909648002314612e-15,-1.1596189316353543e-16,-1.3333424875725393e-16,6.528232578918157,7.506232977717499
dpRF,rf_final,2050,120,CH4 total,-1.7758114673431055e-15,-1.896587006357225e-15,-1.9235911634800374e-15,-1.2077553901411948e-16,-1.4777969613693184e-16,6.801146475015097,8.321812244969541
dpRF,rf_final,2050,121,CH4 total,-1.7752083260236748e-15,-1.9007316516385644e-15,-1.9373600143842716e-15,-1.2552332561488957e-16,-1.6215168836059673e-16,7.0709067648444295,9.134234330897016
dpRF,rf_final,2050,122,CH4 total,-1.7745120511949102e-15,-1.9047202087979896e-15,-1.9509562345621273e-15,-1.302081576030794e-16,-1.7644418336721708e-16,7.337687986700379,9.943250779751208
dpRF,rf_final,2050,123,CH4 total,-1.7737301507911461e-15,-1.9085628323653508e-15,-1.9643842048151196e-15,-1.3483268157420465e-16,-1.9065405402397347e-16,7.601645690809536,10.748763217388792
dpRF,rf_final,2050,124,CH4 total,-1.7728693541060075e-15,-1.9122682983934084e-15,-1.977646822224435e-15,-1.393989442874009e-16,-2.0477746811842752e-16,7.862899991166842,11.550623718784356
dpRF,rf_final,2050,125,CH4 total,-1.7719357858951506e-15,-1.9158438205046656e-15,-1.9907440780495518e-15,-1.43908034609515e-16,-2.1880829215440123e-16,8.121515223917395,12.348545240529873
dpRF,rf_final,2050,126,CH4 total,-1.7709358165990103e-15,-1.9192983930469927e-15,-2.0036844519360594e-15,-1.4836257644798243e-16,-2.3274863533704904e-16,8.377637125940849,13.142691742721125
dpRF,rf_final,2050,127,CH4 total,-1.7698746170808108e-15,-1.922638190329052e-15,-2.0164707744066288e-15,-1.5276357324824116e-16,-2.4659615732581794e-16,8.63132177691806,13.932973270872024
dpRF,rf_final,2050,128,CH4 total,-1.7687567192941994e-15,-1.925866162197755e-15,-2.0290977927962604e-15,-1.571094429035554e-16,-2.6034107350206103e-16,8.882478929394427,14.718874035200665
dpRF,rf_final,2050,129,CH4 total,-1.7675878623029214e-15,-1.928989673137509e-15,-2.0415785578512946e-15,-1.614018108345877e-16,-2.739906955483731e-16,9.131190266508368,15.500824677048941
dpRF,rf_final,2050,130,CH4 total,-1.7663733054233031e-15,-1.932016568778277e-15,-2.053921771857971e-15,-1.6564326335497383e-16,-2.87548466434668e-16,9.37759095692845,16.279031479461718
dpRF,rf_final,2050,131,CH4 total,-1.7651172754527514e-15,-1.9349498950752073e-15,-2.066127619887496e-15,-1.6983261962245587e-16,-3.0101034443474475e-16,9.621605430092112,17.053277344279337
dpRF,rf_final,2050,132,CH4 total,-1.7638248446144088e-15,-1.9377970179111454e-15,-2.0782116722584358e-15,-1.7397217329673664e-16,-3.14386827644027e-16,9.863347476249483,17.82415235866322
dpRF,rf_final,2050,133,CH4 total,-1.7625003536735961e-15,-1.9405633722560703e-15,-2.090180270563384e-15,-1.7806301858247417e-16,-3.2767991688978774e-16,10.102864275251676,18.59176460343973
dpRF,rf_final,2050,134,CH4 total,-1.7611483732191626e-15,-1.9432546491444497e-15,-2.1020398616113302e-15,-1.821062759252871e-16,-3.408914883921676e-16,10.34020067215684,19.356204938545858
dpRF,rf_final,2050,135,CH4 total,-1.7597722319329825e-15,-1.9458750279981113e-15,-2.1137962817727026e-15,-1.8610279606512877e-16,-3.5402404983972007e-16,10.575391103921914,20.117606325157787
dpRF,rf_final,2050,136,CH4 total,-1.7583753851659592e-15,-1.948430092197211e-15,-2.125456922101018e-15,-1.900547070312519e-16,-3.670815369350588e-16,10.808540009977115,20.876175817282206
dpRF,rf_final,2050,137,CH4 total,-1.7569600647436047e-15,-1.9509214713522357e-15,-2.137020892509262e-15,-1.93961406608631e-16,-3.8006082776565735e-16,11.039602464552091,21.63172831256811
dpRF,rf_final,2050,138,CH4 total,-1.7555291666560773e-15,-1.9533527315673506e-15,-2.1484891572996673e-15,-1.9782356491127334e-16,-3.9295999064359e-16,11.26860029834119,22.384133405889127
dpRF,rf_final,2050,139,CH4 total,-1.7540854772797913e-15,-1.9557279439236666e-15,-2.1598656007045586e-15,-2.016424666438753e-16,-4.057801234247673e-16,11.495589539717262,23.133429281567555
dpRF,rf_final,2050,140,CH4 total,-1.752633137215455e-15,-1.9580486502266135e-15,-2.1711464583686613e-15,-2.054155130111585e-16,-4.1851332115320634e-16,11.72039422565741,23.879117213208183
dpRF,rf_final,2050,141,CH4 total,-1.7511794518308378e-15,-1.960317871871961e-15,-2.182334948944469e-15,-2.091384200411231e-16,-4.311554971136312e-16,11.942717796424079,24.620863193824206
dpRF,rf_final,2050,142,CH4 total,-1.749732471847111e-15,-1.9625356837553267e-15,-2.193423280640056e-15,-2.1280321190821572e-16,-4.4369080879294497e-16,12.162042788379487,25.35763700633396
dpRF,rf_final,2050,143,CH4 total,-1.7483019033013845e-15,-1.9647068852509005e-15,-2.2044181405079384e-15,-2.1640498194951592e-16,-4.561162372065539e-16,12.378009858644564,26.089100306145774
dpRF,rf_final,2050,144,CH4 total,-1.7468955974163384e-15,-1.966834525325132e-15,-2.2153219772897488e-15,-2.1993892790879342e-16,-4.684263798734104e-16,12.590273181412986,26.814789651208336
dpRF,rf_final,2050,145,CH4 total,-1.7455204743192644e-15,-1.9689233290525933e-15,-2.2261443889708496e-15,-2.2340285473332884e-16,-4.806239146515852e-16,12.798638458850146,27.53470507637693
dpRF,rf_final,2050,146,CH4 total,-1.7441814886551464e-15,-1.970975411025996e-15,-2.2368840600171564e-15,-2.2679392237084963e-16,-4.9270257136201e-16,13.002885528026068,28.248354575870945
dpRF,rf_final,2050,147,CH4 total,-1.7428816508808464e-15,-1.9729908953895525e-15,-2.2475399267343417e-15,-2.3010924450870615e-16,-5.046582758534954e-16,13.202803781450664,28.955395542688905
dpRF,rf_final,2050,148,CH4 total,-1.7416246624922643e-15,-1.9749744986887517e-15,-2.2581200919910396e-15,-2.333498361964874e-16,-5.164954294987754e-16,13.398399851697315,29.65595519069365
dpRF,rf_final,2050,149,CH4 total,-1.7404114623988494e-15,-1.9769242994702028e-15,-2.268616746313828e-15,-2.3651283707135335e-16,-5.282052839149786e-16,13.589478245871941,30.349448698007368
dpRF,rf_final,2050,150,CH4 total,-1.739243671805131e-15,-1.978841780617245e-15,-2.2790317233132737e-15,-2.3959810881211405e-16,-5.397880515081427e-16,13.77599428396593,31.03579218131672
dpRF,rf_final,2050,151,CH4 total,-1.7381228728546056e-15,-1.9807293871114444e-15,-2.2893671646142688e-15,-2.4260651425683884e-16,-5.512442917596632e-16,13.957961088124577,31.71492075553481
dpRF,rf_final,2050,152,CH4 total,-1.7370496040024307e-15,-1.982587397819575e-15,-2.2996198784329997e-15,-2.4553779381714414e-16,-5.62570274430569e-16,14.13533575848307,32.386540553264574
dpRF,rf_final,2050,153,CH4 total,-1.7360250095156978e-15,-1.9844179293598997e-15,-2.3097889665861703e-15,-2.483929198442019e-16,-5.737639570704725e-16,14.308141788435211,33.05044304808354
dpRF,rf_final,2050,154,CH4 total,-1.7350496257031115e-15,-1.9862225458569093e-15,-2.319877172869617e-15,-2.5117292015379786e-16,-5.848275471665056e-16,14.47641130449007,33.706675503849645
dpRF,rf_final,2050,155,CH4 total,-1.7341243892807794e-15,-1.988004605326698e-15,-2.3298881076132185e-15,-2.538802160459186e-16,-5.957637183324391e-16,14.640254044937013,34.35530472987175
dpRF,rf_final,2050,156,CH4 total,-1.7332487207252568e-15,-1.9897629135875107e-15,-2.339817091057994e-15,-2.5651419286225394e-16,-6.065683703327374e-16,14.79961818491455,34.996037388040094
dpRF,rf_final,2050,157,CH4 total,-1.7324233126610235e-15,-1.9915016753891914e-15,-2.3496714883655507e-15,-2.590783627281679e-16,-6.172481757045272e-16,14.954680004289504,35.629177418331224
dpRF,rf_final,2050,158,CH4 total,-1.7316476797002031e-15,-1.993221840303648e-15,-2.359450827183781e-15,-2.6157416060344494e-16,-6.27803147483578e-16,15.105506949816187,36.254669748540785
dpRF,rf_final,2050,159,CH4 total,-1.730921329613359e-15,-1.9949255543266657e-15,-2.3691587172410413e-15,-2.6400422471330663e-16,-6.382373876276822e-16,15.252237071472106,36.87269760378118
dpRF,rf_final,2050,160,CH4 total,-1.7302426278470826e-15,-1.9966119334999987e-15,-2.3787932636022583e-15,-2.6636930565291607e-16,-6.485506357551757e-16,15.394910596114245,37.48321913454175
dpRF,rf_final,2050,161,CH4 total,-1.729610452150264e-15,-1.9982817342931513e-15,-2.3883569980871525e-15,-2.6867128214288725e-16,-6.587465459368884e-16,15.533629656832451,38.0864110249756
dpRF,rf_final,2050,162,CH4 total,-1.7290232144068143e-15,-1.999934734679765e-15,-2.3978493332226138e-15,-2.709115202729508e-16,-6.688261188157995e-16,15.668472118570945,38.68230994488165
dpRF,rf_final,2050,163,CH4 total,-1.7284795737401747e-15,-2.001571612442798e-15,-2.4072719820555276e-15,-2.7309203870262347e-16,-6.787924083153529e-16,15.799552557725205,39.27106913080531
dpRF,rf_final,2050,164,CH4 total,-1.7279784474732125e-15,-2.0031925813990453e-15,-2.4166221787130257e-15,-2.752141339258328e-16,-6.886437312398132e-16,15.926942510670361,39.85256484227583
dpRF,rf_final,2050,165,CH4 total,-1.7275191466695715e-15,-2.0048005380392216e-15,-2.4259070458451905e-15,-2.7728139136965007e-16,-6.983878991756189e-16,16.05084330927457,40.42721613372671
dpRF,rf_final,2050,166,CH4 total,-1.7271004128116761e-15,-2.006396190525198e-15,-2.4351263129884095e-15,-2.7929577771352176e-16,-7.080259001767334e-16,16.171368823821613,40.99506287674872
dpRF,rf_final,2050,167,CH4 total,-1.7267206706433236e-15,-2.0079793749718425e-15,-2.444279250711761e-15,-2.8125870432851883e-16,-7.175585800684373e-16,16.28860470082462,41.55614699400667
dpRF,rf_final,2050,168,CH4 total,-1.7263788707244503e-15,-2.0095521387857187e-15,-2.4533687986553015e-15,-2.8317326806126845e-16,-7.269899279308512e-16,16.40273018068385,42.110682669892746
dpRF,rf_final,2050,169,CH4 total,-1.7260733695910325e-15,-2.0111149099641226e-15,-2.4623966626119115e-15,-2.850415403730901e-16,-7.36323293020879e-16,16.513871623002125,42.658864101202134
dpRF,rf_final,2050,170,CH4 total,-1.7258026093368935e-15,-2.0126692187221287e-15,-2.4713700172789132e-15,-2.8686660938523526e-16,-7.455674079420197e-16,16.62221437337253,43.20119832409395
dpRF,rf_final,2050,171,CH4 total,-1.7255644919066864e-15,-2.0142156545837893e-15,-2.4802924026573193e-15,-2.886511626771029e-16,-7.547279107506328e-16,16.727926659997145,43.73802974565649
dpRF,rf_final,2050,172,CH4 total,-1.7253569223748812e-15,-2.0157549944032436e-15,-2.489168539644516e-15,-2.9039807202836245e-16,-7.638116172696349e-16,16.83118827544632,44.269774408084814
dpRF,rf_final,2050,173,CH4 total,-1.7251772687949196e-15,-2.01728576556451e-15,-2.4979960168117673e-15,-2.9210849676959053e-16,-7.728187480168477e-16,16.932085882028563,44.796483352501006
dpRF,rf_final,2050,174,CH4 total,-1.7250234784237574e-15,-2.0188082956103e-15,-2.506775632218402e-15,-2.937848171865425e-16,-7.817521537946445e-16,17.03077209447542,45.31834862380955
dpRF,rf_final,2050,175,CH4 total,-1.7248932909172645e-15,-2.0203215805006014e-15,-2.5155018810137537e-15,-2.9542828958333694e-16,-7.906085900964892e-16,17.12733715986767,45.83521741661242
dpRF,rf_final,2050,176,CH4 total,-1.7247853862822634e-15,-2.021826314603807e-15,-2.5241768142840662e-15,-2.9704092832154363e-16,-7.993914280018028e-16,17.221906602641663,46.34729829923207
dpRF,rf_final,2050,177,CH4 total,-1.724698860104517e-15,-2.023324735310837e-15,-2.5328044164272127e-15,-2.986258752063201e-16,-8.081055563226957e-16,17.31466762772855,46.854878553913146
dpRF,rf_final,2050,178,CH4 total,-1.724631956214843e-15,-2.0248158601519894e-15,-2.5413790866415892e-15,-3.0018390393714637e-16,-8.167471304267462e-16,17.405679098975913,47.357763926589406
dpRF,rf_final,2050,179,CH4 total,-1.7245834233870775e-15,-2.026301494720336e-15,-2.5499033464861395e-15,-3.017180713332586e-16,-8.253199230990619e-16,17.49512764889535,47.85619019102803
dpRF,rf_final,2050,180,CH4 total,-1.7245515263407664e-15,-2.0277819755972383e-15,-2.5583802201756887e-15,-3.032304492564719e-16,-8.338286938349223e-16,17.583148118507097,48.35046567754219
dpRF,rf_final,2050,181,CH4 total,-1.7245345192296464e-15,-2.0292577218172754e-15,-2.5668093068825398e-15,-3.04723202587629e-16,-8.422747876528934e-16,17.66988130360821,48.84070328897444
dpRF,rf_final,2050,182,CH4 total,-1.7245305070244002e-15,-2.03072831945854e-15,-2.575190212437508e-15,-3.061978124341399e-16,-8.506597054131077e-16,17.755430314913387,49.32703144120556
dpRF,rf_final,2050,183,CH4 total,-1.7245382584903263e-15,-2.0321949096009976e-15,-2.583526398454413e-15,-3.0765665111067135e-16,-8.589881399640868e-16,17.83994350928441,49.809746796574494
dpRF,rf_final,2050,184,CH4 total,-1.724555986030143e-15,-2.0336572755023558e-15,-2.591815066493537e-15,-3.091012894722128e-16,-8.67259080463394e-16,17.923528837341564,50.2888330381079
dpRF,rf_final,2050,185,CH4 total,-1.7245821668546504e-15,-2.0351148884046822e-15,-2.6000543565921056e-15,-3.1053272155003185e-16,-8.754721897374553e-16,18.00625841541616,50.7643072370492
dpRF,rf_final,2050,186,CH4 total,-1.724615529124077e-15,-2.036567310890197e-15,-2.608241280603942e-15,-3.119517817661201e-16,-8.836257514798651e-16,18.0881927883694,51.23610083278409
dpRF,rf_final,2050,187,CH4 total,-1.724655485104401e-15,-2.0380167049354e-15,-2.6163808449504063e-15,-3.13361219830999e-16,-8.917253598460053e-16,18.1694966059862,51.70455012886387
dpRF,rf_final,2050,188,CH4 total,-1.7247004679982182e-15,-2.0394618807764035e-15,-2.6244682335203113e-15,-3.1476141277818524e-16,-8.99767765522093e-16,18.25020741969848,52.169508979516465
dpRF,rf_final,2050,189,CH4 total,-1.7247495027616119e-15,-2.0409033184585318e-15,-2.632502596507708e-15,-3.161538156969199e-16,-9.077530937460962e-16,18.330419298031675,52.63101060720017
dpRF,rf_final,2050,190,CH4 total,-1.7248015126783108e-15,-2.0423413527895835e-15,-2.640486641078418e-15,-3.1753984011127263e-16,-9.156851284001072e-16,18.410225047761557,53.08930457616602
dpRF,rf_final,2050,191,CH4 total,-1.7248553833829983e-15,-2.0437759233300014e-15,-2.648419175739148e-15,-3.189205399470031e-16,-9.235637923561497e-16,18.48969734039366,53.5444189265736
dpRF,rf_final,2050,192,CH4 total,-1.7249103633568353e-15,-2.045208808229143e-15,-2.656303371741625e-15,-3.2029844487230786e-16,-9.313930083847897e-16,18.56899069520212,53.99660342768262
dpRF,rf_final,2050,193,CH4 total,-1.72496477083084e-15,-2.046638352616099e-15,-2.66413606170337e-15,-3.21673581785259e-16,-9.391712908725299e-16,18.648124716791923,54.44582444545648
dpRF,rf_final,2050,194,CH4 total,-1.7250178242912723e-15,-2.0480652951636163e-15,-2.6719198684188497e-15,-3.2304747087234394e-16,-9.469020441275773e-16,18.727196109122453,54.89230492540646
dpRF,rf_final,2050,195,CH4 total,-1.72506874037435e-15,-2.049489120261728e-15,-2.6796523781693923e-15,-3.2442037988737806e-16,-9.545836377950422e-16,18.806229125511656,55.33597679057659
dpRF,rf_final,2050,196,CH4 total,-1.7251167118507433e-15,-2.0509094321716186e-15,-2.6873318766852557e-15,-3.257927203208753e-16,-9.622151648345123e-16,18.885256752939206,55.77681545976253
dpRF,rf_final,2050,197,CH4 total,-1.7251611368398851e-15,-2.0523263381385106e-15,-2.694958456731653e-15,-3.271652012986254e-16,-9.697973198917677e-16,18.964327117750862,56.21488330465307
dpRF,rf_final,2050,198,CH4 total,-1.7252016892651743e-15,-2.053740217384231e-15,-2.7025323165238222e-15,-3.285385281190569e-16,-9.77330627258648e-16,19.04348518572303,56.65022433840349
dpRF,rf_final,2050,199,CH4 total,-1.725237984591635e-15,-2.055151822375599e-15,-2.7100582451398343e-15,-3.2991383778396386e-16,-9.848202605481992e-16,19.122801650002778,57.083154286178484
dpRF,rf_final,2050,200,CH4 total,-1.7252695900995633e-15,-2.0565616332710115e-15,-2.7175383986394905e-15,-3.3129204317144816e-16,-9.922688085399272e-16,19.202334816110085,57.51384098079794
dpRF,rf_final,2050,0,N2O total,2.7023003170391174e-13,2.784239259150638e-13,2.8191590878429433e-13,8.193894211152045e-15,1.1685877080382581e-14,3.0321922990891,4.3244183508022065
dpRF,rf_final,2050,1,N2O total,2.675788068026269e-13,2.754612859745436e-13,2.7884347596166273e-13,7.882479171916699e-15,1.1264669159035828e-14,2.945853323029062,4.209851031791521
dpRF,rf_final,2050,2,N2O total,2.6500424548354237e-13,2.7257655726388444e-13,2.7585059139598e-13,7.572311780342072e-15,1.084634591243764e-14,2.857430365511762,4.092895150659476
dpRF,rf_final,2050,3,N2O total,2.6243455389069634e-13,2.6970307563943405e-13,2.728744450040611e-13,7.268521748737709e-15,1.043989111336477e-14,2.7696511914986006,3.978093188792879
dpRF,rf_final,2050,4,N2O total,2.598380523575182e-13,2.6681076138308553e-13,2.6988605151523965e-13,6.972709025567353e-15,1.0047999157721472e-14,2.6834826393993345,3.8670237351903176
dpRF,rf_final,2050,5,N2O total,2.5720457297134265e-13,2.6388950798013874e-13,2.668751001086156e-13,6.6849350087960936e-15,9.67052713727294e-15,2.5990731547144454,3.759858164866461
dpRF,rf_final,2050,6,N2O total,2.5453475749273734e-13,2.6093939988110253e-13,2.638410230397676e-13,6.404642388365198e-15,9.306265547030253e-15,2.5162152514860145,3.656186541555445
dpRF,rf_final,2050,7,N2O total,2.518341271259611e-13,2.579653645185283e-13,2.6078787563379976e-13,6.131237392567194e-15,8.953748507838645e-15,2.4346332494882645,3.5554150702379603
dpRF,rf_final,2050,8,N2O total,2.491099850636904e-13,2.549740221330082e-13,2.5772158360843474e-13,5.864037069317787e-15,8.611598544744355e-15,2.3539951912479617,3.456946353452116
dpRF,rf_final,2050,9,N2O total,2.4636971502611546e-13,2.519722723659525e-13,2.546483379787321e-13,5.602557339837021e-15,8.278622952616665e-15,2.2740446565208488,3.360243750632711
dpRF,rf_final,2050,10,N2O total,2.4362010541562653e-13,2.4896642411260813e-13,2.51573965415369e-13,5.346318696981598e-15,7.953859999742484e-15,2.1945309841568883,3.2648618988867324
dpRF,rf_final,2050,11,N2O total,2.4086697243753374e-13,2.4596202276622915e-13,2.4850353156353025e-13,5.0950503286954116e-15,7.636559125996511e-15,2.1152963717417745,3.170446761013269
dpRF,rf_final,2050,12,N2O total,2.3811519651360376e-13,2.4296373552540486e-13,2.4544137166316426e-13,4.848539011801098e-15,7.326175149560498e-15,2.0362156984483333,3.076735654350371
dpRF,rf_final,2050,13,N2O total,2.353687733517067e-13,2.399753891093423e-13,2.4239102695425487e-13,4.606615757635597e-15,7.022253602548162e-15,1.9571907063270562,2.983511152541443
dpRF,rf_final,2050,14,N2O total,2.326309440497763e-13,2.3700005118509256e-13,2.393553230852996e-13,4.369107135316253e-15,6.724379035523299e-15,1.8781281025027308,2.8905780626005093
dpRF,rf_final,2050,15,N2O total,2.299043258068683e-13,2.3404025647443103e-13,2.363366061509439e-13,4.135930667562708e-15,6.432280344075578e-15,1.7989790548948201,2.7978074451191626
dpRF,rf_final,2050,16,N2O total,2.2719099786066874e-13,2.3109798497262193e-13,2.333366763602889e-13,3.906987111953195e-15,6.145678499620182e-15,1.719692746958779,2.705071308938566
dpRF,rf_final,2050,17,N2O total,2.244926472857813e-13,2.28174848577448e-13,2.3035699794528283e-13,3.682201291666708e-15,5.864350659501524e-15,1.6402324691637808,2.612268477566728
dpRF,rf_final,2050,18,N2O total,2.2181063249132623e-13,2.2527212032897053e-13,2.2739875906662623e-13,3.4614878376442994e-15,5.5881265753000024e-15,1.5605599239160273,2.519323132771159
dpRF,rf_final,2050,19,N2O total,2.191460349671241e-13,2.2239088192862627e-13,2.244628497714265e-13,3.2448469615021604e-15,5.316814804302386e-15,1.4806779241928545,2.426151495325939
dpRF,rf_final,2050,20,N2O total,2.164997776929541e-13,2.195319914194629e-13,2.2155001157185971e-13,3.0322137265087964e-15,5.05023387890562e-15,1.400562050834604,2.3326739328425545
dpRF,rf_final,2050,21,N2O total,2.1387258130533692e-13,2.1669618561400422e-13,2.1866085831129954e-13,2.823604308667302e-15,4.788277005962626e-15,1.3202273481873585,2.2388456606911213
dpRF,rf_final,2050,22,N2O total,2.1126502270323364e-13,2.1388410091038783e-13,2.1579585751670544e-13,2.619078207154187e-15,4.530834813471796e-15,1.239712174614553,2.1446213649082413
dpRF,rf_final,2050,23,N2O total,2.086776202356354e-13,2.1109627908492276e-13,2.1295535410208804e-13,2.4186588492873533e-15,4.277733866452639e-15,1.1590408432663946,2.049924597387248
dpRF,rf_final,2050,24,N2O total,2.0611077475544195e-13,2.0833313799835082e-13,2.1013969016122337e-13,2.2223632429088768e-15,4.028915405781425e-15,1.0782372952339794,1.9547330364275628
dpRF,rf_final,2050,25,N2O total,2.0356485420955053e-13,2.0559507162516115e-13,2.073491009096339e-13,2.0302174156106207e-15,3.784246700083373e-15,0.9973319920543388,1.858988239781241
dpRF,rf_final,2050,26,N2O total,2.0104014806320464e-13,2.0288237453707733e-13,2.0458377746797498e-13,1.8422264738726947e-15,3.5436294047703362e-15,0.9163475512829012,1.762647629793956
dpRF,rf_final,2050,27,N2O total,1.9853690165724455e-13,2.001953370771939e-13,2.0184390670033008e-13,1.6584354199493585e-15,3.3070050430855286e-15,0.8353285490535621,1.6656878471865972
dpRF,rf_final,2050,28,N2O total,1.9605531810897488e-13,1.975341840766489e-13,1.9912959523877013e-13,1.4788659676740194e-15,3.0742771297952477e-15,0.7543105598655633,1.5680661761424137
dpRF,rf_final,2050,29,N2O total,1.9359558307335313e-13,1.9489913042821713e-13,1.96440957197155e-13,1.303547354863995e-15,2.845374123801882e-15,0.6733352766473408,1.469751571100552
dpRF,rf_final,2050,30,N2O total,1.9115785161914404e-13,1.9229031691916053e-13,1.9377806492410948e-13,1.1324653000164952e-15,2.6202133049654458e-15,0.5924241617199056,1.370706608581197
dpRF,rf_final,2050,31,N2O total,1.8874221387817547e-13,1.8970782610599992e-13,1.9114101776452152e-13,9.656122278244454e-16,2.3988038863460534e-15,0.5116037414119261,1.2709419038045047
dpRF,rf_final,2050,32,N2O total,1.863487493784518e-13,1.8715175210428103e-13,1.8852986020784633e-13,8.030027258292365e-16,2.1811108293945338e-15,0.43091393342191686,1.1704456491762987
dpRF,rf_final,2050,33,N2O total,1.8397751109875848e-13,1.846221525027695e-13,1.8594465257139082e-13,6.446414040110121e-16,1.967141472632336e-15,0.3503914147773044,1.0692293100847425
dpRF,rf_final,2050,34,N2O total,1.816285481013418e-13,1.821190187415301e-13,1.83385422089525e-13,4.904706401883012e-16,1.7568739881831963e-15,0.27004050041441574,0.9672895624331742
dpRF,rf_final,2050,35,N2O total,1.7930187329982062e-13,1.7964239278658818e-13,1.808521480419643e-13,3.405194867675584e-16,1.550274742143671e-15,0.1899140708910257,0.8646171473910762
dpRF,rf_final,2050,36,N2O total,1.7699749266677717e-13,1.7719225062929735e-13,1.7834483216670914e-13,1.9475796252018222e-16,1.347339499931973e-15,0.11003430590219808,0.761219540249946
dpRF,rf_final,2050,37,N2O total,1.74715401019296e-13,1.747685747974283e-13,1.7586344686117539e-13,5.317377813230884e-17,1.1480458418793934e-15,0.030434511108975566,0.65709481544366
dpRF,rf_final,2050,38,N2O total,1.724555748083718e-13,1.7237133402638946e-13,1.7340797220726496e-13,-8.424078198234575e-17,9.52397398893161e-16,-0.04884781606854516,0.5522566608539276
dpRF,rf_final,2050,39,N2O total,1.7021800544481863e-13,1.7000045149820225e-13,1.709783293801393e-13,-2.175539466163782e-16,7.60323935320682e-16,-0.12780900942168832,0.44667656240817855
dpRF,rf_final,2050,40,N2O total,1.6800261143686527e-13,1.67655909244936e-13,1.6857447777500836e-13,-3.4670219192927165e-16,5.718663381430903e-16,-0.20636714451284643,0.3403913387132053
dpRF,rf_final,2050,41,N2O total,1.658093939452932e-13,1.6533758221185409e-13,1.661963519102014e-13,-4.718117334391028e-16,3.869579649082017e-16,-0.2845506652022209,0.23337517597819205
dpRF,rf_final,2050,42,N2O total,1.636382930784384e-13,1.6304543774885564e-13,1.6384391169508563e-13,-5.928553295827517e-16,2.0561861664724316e-16,-0.362296207342234,0.1256543396897216
dpRF,rf_final,2050,43,N2O total,1.6148923487841724e-13,1.6077935175396523e-13,1.615170935779242e-13,-7.098831244520152e-16,2.785869950696653e-17,-0.43958541570060405,0.017251118644497212
dpRF,rf_final,2050,44,N2O total,1.5936216457120931e-13,1.5853924119786735e-13,1.5921577726123473e-13,-8.229233733419672e-16,-1.4638730997457983e-16,-0.5163856650392399,-0.09185825905945712
dpRF,rf_final,2050,45,N2O total,1.572570011654325e-13,1.5632498122538543e-13,1.569399034520781e-13,-9.320199400470679e-16,-3.1709771335439985e-16,-0.592673097629907,-0.20164298632454322
dpRF,rf_final,2050,46,N2O total,1.5517365271997223e-13,1.5413645453337211e-13,1.5468937345110197e-13,-1.0371981866001127e-15,-4.842792688702591e-16,-0.668411272416104,-0.31208859260675764
dpRF,rf_final,2050,47,N2O total,1.531120157894584e-13,1.5197355086782562e-13,1.5246406693393376e-13,-1.1384649216327913e-15,-6.47948855524643e-16,-0.743550344995963,-0.42318615700000045
dpRF,rf_final,2050,48,N2O total,1.5107202749034509e-13,1.498361189509804e-13,1.5026387406266835e-13,-1.2359085393646809e-15,-8.081534276767333e-16,-0.8180922437435793,-0.5349457746096522
dpRF,rf_final,2050,49,N2O total,1.4905353679013565e-13,1.47724000081214e-13,1.4808867952930888e-13,-1.329536708921667e-15,-9.648572608267792e-16,-0.8919860189521216,-0.6473226208548668
dpRF,rf_final,2050,50,N2O total,1.470564673835897e-13,1.456370627360054e-13,1.45938330521302e-13,-1.4194046475843124e-15,-1.1181368622877063e-15,-0.9652106247608029,-0.7603452484487474
dpRF,rf_final,2050,51,N2O total,1.4508074119555689e-13,1.4357507374871604e-13,1.4381268595548184e-13,-1.505667446840846e-15,-1.2680552400750432e-15,-1.037813450933043,-0.8740341616850503
dpRF,rf_final,2050,52,N2O total,1.4312624406412567e-13,1.4153783036389593e-13,1.4171155846902044e-13,-1.5884137002297426e-15,-1.414685595105231e-15,-1.1097990523094259,-0.988418025188589
dpRF,rf_final,2050,53,N2O total,1.41192903941108e-13,1.3952512567818725e-13,1.3963477290418556e-13,-1.6677782629207417e-15,-1.5581310369224364e-15,-1.1812054404776442,-1.1035476949835508
dpRF,rf_final,2050,54,N2O total,1.392806087943179e-13,1.3753674703397337e-13,1.3758215953367705e-13,-1.7438617603445362e-15,-1.698449260640858e-15,-1.252049208745043,-1.2194441676723544
dpRF,rf_final,2050,55,N2O total,1.3738923962700803e-13,1.355724764100867e-13,1.3555352757374209e-13,-1.81676321692132e-15,-1.835712053265943e-15,-1.3223475301658048,-1.3361396119882725
dpRF,rf_final,2050,56,N2O total,1.3551871837866462e-13,1.3363210615762417e-13,1.335486978370388e-13,-1.8866122210404504e-15,-1.970020541625826e-15,-1.3921414278497701,-1.4536888816504452
dpRF,rf_final,2050,57,N2O total,1.3366889625489007e-13,1.3171543118369096e-13,1.31567486927104e-13,-1.9534650711991095e-15,-2.1014093277860734e-15,-1.4614208136155273,-1.5721004561741465
dpRF,rf_final,2050,58,N2O total,1.3183967434273989e-13,1.2982221535657127e-13,1.2960968978532306e-13,-2.017458986168615e-15,-2.2299845574168244e-15,-1.5302366273477617,-1.6914366396412635
dpRF,rf_final,2050,59,N2O total,1.3003091601792218e-13,1.2795225823782264e-13,1.2767513023338264e-13,-2.0786577800995362e-15,-2.355785784539535e-15,-1.5985873542666074,-1.81171205793462
dpRF,rf_final,2050,60,N2O total,1.2824249493235042e-13,1.2610533722589122e-13,1.2576358614301065e-13,-2.137157706459201e-15,-2.4789087893397756e-15,-1.6664972929500315,-1.9329854668278499
dpRF,rf_final,2050,61,N2O total,1.2647427882673384e-13,1.2428122378860692e-13,1.2387487358870115e-13,-2.1930550381269226e-15,-2.5994052380326908e-15,-1.733992918142151,-2.0552837004856945
dpRF,rf_final,2050,62,N2O total,1.2472613170430184e-13,1.2247970121668916e-13,1.2200878889060227e-13,-2.2464304876126864e-15,-2.717342813699572e-15,-1.8010904827373928,-2.178647550893178
dpRF,rf_final,2050,63,N2O total,1.229979053405596e-13,1.207005481503334e-13,1.201651166447351e-13,-2.297357190226212e-15,-2.8327886958244948e-15,-1.8678018815566275,-2.3031194620599433
dpRF,rf_final,2050,64,N2O total,1.212894776781753e-13,1.1894353767546793e-13,1.1834365806749091e-13,-2.3459400027073797e-15,-2.945819610684393e-15,-1.9341661351135537,-2.4287511720519683
dpRF,rf_final,2050,65,N2O total,1.1960068127049787e-13,1.1720845423834388e-13,1.1654420559909772e-13,-2.3922270321539827e-15,-3.0564756714001464e-15,-2.000178432716067,-2.555567107922564
dpRF,rf_final,2050,66,N2O total,1.1793137484030867e-13,1.1549506032000643e-13,1.147665688218961e-13,-2.436314520302242e-15,-3.1648060184125833e-15,-2.0658747713246495,-2.6835996974495204
dpRF,rf_final,2050,67,N2O total,1.1628140776508294e-13,1.1380313108982238e-13,1.1301053724168576e-13,-2.4782766752605555e-15,-3.270870523397172e-15,-2.131275087645382,-2.8128920919199185
dpRF,rf_final,2050,68,N2O total,1.1465062470143584e-13,1.1213245426408123e-13,1.112759080328386e-13,-2.518170437354608e-15,-3.3747166685972416e-15,-2.1963861460957848,-2.9434786573430487
dpRF,rf_final,2050,69,N2O total,1.1303887662325375e-13,1.1048279004099235e-13,1.0956247506624627e-13,-2.556086582261404e-15,-3.4764015570074774e-15,-2.261245563135382,-3.0754034902469396
dpRF,rf_final,2050,70,N2O total,1.1144600298402193e-13,1.0885391176429302e-13,1.0787003898844849e-13,-2.592091219728913e-15,-3.575963995573446e-15,-2.3258718575134028,-3.208696498595946
dpRF,rf_final,2050,71,N2O total,1.0987184898488925e-13,1.0724560675498096e-13,1.0619839020322033e-13,-2.6262422299082904e-15,-3.673458781668924e-15,-2.390277631779437,-3.343403078776018
dpRF,rf_final,2050,72,N2O total,1.0831625702972322e-13,1.0565765133767555e-13,1.0454733493232771e-13,-2.65860569204767e-15,-3.768922097395504e-15,-2.454484455937319,-3.4795534860120476
dpRF,rf_final,2050,73,N2O total,1.0677907366870245e-13,1.0408981028008616e-13,1.0291666232405782e-13,-2.6892633886162946e-15,-3.86241134464463e-15,-2.5185303601341626,-3.617198774947534
dpRF,rf_final,2050,74,N2O total,1.052601266373604e-13,1.0254187045883449e-13,1.0130617651735473e-13,-2.718256178525911e-15,-3.9539501200056674e-15,-2.582417735341304,-3.7563607857206174
dpRF,rf_final,2050,75,N2O total,1.0375927184313305e-13,1.0101361546124588e-13,9.971567292118402e-14,-2.7456563818871734e-15,-4.043598921949032e-15,-2.6461793082339224,-3.8970964715927154
dpRF,rf_final,2050,76,N2O total,1.0227632316496597e-13,9.950481809350007e-14,9.814494171561767e-14,-2.7715050714658985e-15,-4.131381449348299e-15,-2.709820793025201,-4.039430946969626
dpRF,rf_final,2050,77,N2O total,1.0081113990572896e-13,9.801525684670537e-14,9.659378699295285e-14,-2.7958830590235963e-15,-4.2173529127761136e-15,-2.7733870102432103,-4.183419527563984
dpRF,rf_final,2050,78,N2O total,9.936354743698334e-14,9.654472456189485e-14,9.506200160807181e-14,-2.8188228750884934e-15,-4.301545828911535e-15,-2.83687825948062,-4.329098487188763
dpRF,rf_final,2050,79,N2O total,9.793337681295026e-14,9.509298684587344e-14,9.354936722288786e-14,-2.840389967076817e-15,-4.3840095900623974e-15,-2.9003288352875596,-4.476522440797401
dpRF,rf_final,2050,80,N2O total,9.652046549507425e-14,9.365984067270382e-14,9.205568607816946e-14,-2.8606248223704302e-15,-4.464779416904789e-15,-2.963749509181985,-4.625733406903888
dpRF,rf_final,2050,81,N2O total,9.51246580864839e-14,9.224507368874512e-14,9.058074548511055e-14,-2.8795843977387793e-15,-4.5439126013733576e-15,-3.0271692489246744,-4.776797828006064
dpRF,rf_final,2050,82,N2O total,9.374578007085038e-14,9.084845461223519e-14,8.912432555104491e-14,-2.8973254586151934e-15,-4.621454519805467e-15,-3.090619605944372,-4.9297733895997276
dpRF,rf_final,2050,83,N2O total,9.238367187157361e-14,8.946980056999493e-14,8.76862119946172e-14,-2.913871301578685e-15,-4.697459876956415e-15,-3.1540977345318972,-5.084729565075687
dpRF,rf_final,2050,84,N2O total,9.103816393289055e-14,8.810887721080607e-14,8.626620513570721e-14,-2.929286722084482e-15,-4.7719587971833396e-15,-3.2176469686315587,-5.241712476430241
dpRF,rf_final,2050,85,N2O total,8.970909879956201e-14,8.676548880245188e-14,8.486408582683918e-14,-2.9436099971101356e-15,-4.845012972722838e-15,-3.2812836562844923,-5.4008044195696385
dpRF,rf_final,2050,86,N2O total,8.839630190492389e-14,8.543942104714053e-14,8.347966257314745e-14,-2.956880857783355e-15,-4.9166393317764425e-15,-3.3450277829084727,-5.562041879381578
dpRF,rf_final,2050,87,N2O total,8.709960650520987e-14,8.413047535194047e-14,8.21127407174802e-14,-2.9691311532693985e-15,-4.986865787729668e-15,-3.4088915810334917,-5.725474531772286
dpRF,rf_final,2050,88,N2O total,8.581885123353496e-14,8.283844332767674e-14,8.076310320250724e-14,-2.9804079058582162e-15,-5.055748031027718e-15,-3.472905851125608,-5.891185862264388
dpRF,rf_final,2050,89,N2O total,8.455387315705407e-14,8.156311487435575e-14,7.943057450715433e-14,-2.9907582826983248e-15,-5.123298649899744e-15,-3.537103826270808,-6.059212261493338
dpRF,rf_final,2050,90,N2O total,8.330450262823993e-14,8.03042951628947e-14,7.811495214242795e-14,-3.0002074653452303e-15,-5.18955048581198e-15,-3.6014949620840433,-6.229615833577692
dpRF,rf_final,2050,91,N2O total,8.207058976615455e-14,7.906178884945455e-14,7.681603748722576e-14,-3.0088009166999985e-15,-5.254552278928787e-15,-3.666113433902496,-6.402479004842896
dpRF,rf_final,2050,92,N2O total,8.085196924452264e-14,7.783539127871448e-14,7.553363763599838e-14,-3.016577965808162e-15,-5.318331608524261e-15,-3.7309888602528027,-6.577862800644839
dpRF,rf_final,2050,93,N2O total,7.96484914231651e-14,7.662491331730426e-14,7.426756072038296e-14,-3.023578105860838e-15,-5.38093070278214e-15,-3.79615238384974,-6.755847608203588
dpRF,rf_final,2050,94,N2O total,7.846001283808721e-14,7.543014810197289e-14,7.301759455419908e-14,-3.0298647361143203e-15,-5.442418283888138e-15,-3.861667397846153,-6.936550335671369
dpRF,rf_final,2050,95,N2O total,7.728635595351713e-14,7.425092050356917e-14,7.178357023304264e-14,-3.035435449947959e-15,-5.502785720474489e-15,-3.9275178813885114,-7.119996346811937
dpRF,rf_final,2050,96,N2O total,7.612738948949126e-14,7.30870210932097e-14,7.056527449062644e-14,-3.0403683962815515e-15,-5.562114998864818e-15,-3.993790430317132,-7.306325668283452
dpRF,rf_final,2050,97,N2O total,7.498294040884762e-14,7.19382809678512e-14,6.936251702574581e-14,-3.0446594409964254e-15,-5.620423383101815e-15,-4.060469520660689,-7.495602803059231
dpRF,rf_final,2050,98,N2O total,7.385286589162364e-14,7.080449703258695e-14,6.817511255567675e-14,-3.0483688590366846e-15,-5.677753335946881e-15,-4.127624327416155,-7.687925535995821
dpRF,rf_final,2050,99,N2O total,7.273700584405048e-14,6.968548204216033e-14,6.700287399102119e-14,-3.0515238018901427e-15,-5.734131853029286e-15,-4.195283771279598,-7.883376262865939
dpRF,rf_final,2050,100,N2O total,7.163520687249585e-14,6.858106438839434e-14,6.58455949252075e-14,-3.0541424841015173e-15,-5.7896119472883524e-15,-4.263465713915802,-8.08207611879077
dpRF,rf_final,2050,101,N2O total,7.054731467560128e-14,6.749104652964746e-14,6.470309973799839e-14,-3.056268145953825e-15,-5.84421493760289e-15,-4.332224635349348,-8.284106864274603
dpRF,rf_final,2050,102,N2O total,6.94731810833955e-14,6.641526288421319e-14,6.357519770989061e-14,-3.057918199182315e-15,-5.897983373504897e-15,-4.401580799231857,-8.48958300387162
dpRF,rf_final,2050,103,N2O total,6.84126412736483e-14,6.535351384914172e-14,6.246169498430722e-14,-3.059127424506577e-15,-5.950946289341075e-15,-4.471582104643744,-8.698606249592801
dpRF,rf_final,2050,104,N2O total,6.736554553323619e-14,6.430564067996441e-14,6.136240825021494e-14,-3.059904853271783e-15,-6.003137283021252e-15,-4.542240145241777,-8.911287269334856
dpRF,rf_final,2050,105,N2O total,6.633175115139249e-14,6.327145463767769e-14,6.027715971803662e-14,-3.060296513714803e-15,-6.054591433355876e-15,-4.613622376303808,-9.127742488717294
dpRF,rf_final,2050,106,N2O total,6.531109837662212e-14,6.225078690906697e-14,5.920576634833557e-14,-3.0603114675551473e-15,-6.105332028286551e-15,-4.685744909552119,-9.348077401913567
dpRF,rf_final,2050,107,N2O total,6.43034349607223e-14,6.124345938317713e-14,5.814805433209216e-14,-3.0599755775451624e-15,-6.155380628630136e-15,-4.7586502640399395,-9.572397854624647
dpRF,rf_final,2050,108,N2O total,6.330862461828506e-14,6.024930216357523e-14,5.710384353457331e-14,-3.059322454709836e-15,-6.2047810837117535e-15,-4.832394437812869,-9.80084644252351
dpRF,rf_final,2050,109,N2O total,6.232650619912777e-14,5.926814471845039e-14,5.607296168583072e-14,-3.0583614806773854e-15,-6.253544513297053e-15,-4.906999713582831,-10.033523286733772
dpRF,rf_final,2050,110,N2O total,6.135693420553474e-14,5.829982010978265e-14,5.505523947644073e-14,-3.057114095752092e-15,-6.301694729094014e-15,-4.9825079028742,-10.270550200543699
dpRF,rf_final,2050,111,N2O total,6.039976705549675e-14,5.734416132374609e-14,5.405050097112558e-14,-3.0556057317506614e-15,-6.349266084371172e-15,-5.058969397916878,-10.512070482883344
dpRF,rf_final,2050,112,N2O total,5.945485451486905e-14,5.6401005201137045e-14,5.305858387058042e-14,-3.053849313732006e-15,-6.396270644288632e-15,-5.13641709941157,-10.758197453311386
dpRF,rf_final,2050,113,N2O total,5.852206265793697e-14,5.547018882042031e-14,5.207932511333553e-14,-3.0518738375166664e-15,-6.442737544601443e-15,-5.214911605824543,-11.00907461560167
dpRF,rf_final,2050,114,N2O total,5.760123689100992e-14,5.455154923019689e-14,5.111256669406694e-14,-3.049687660813025e-15,-6.48867019694298e-15,-5.294482940676233,-11.264810526934529
dpRF,rf_final,2050,115,N2O total,5.6692246256650275e-14,5.364493570419675e-14,5.015814037411288e-14,-3.0473105524535248e-15,-6.534105882537397e-15,-5.375180476459001,-11.52557239125256
dpRF,rf_final,2050,116,N2O total,5.579494660954329e-14,5.275018851163094e-14,4.9215898661584986e-14,-3.0447580979123496e-15,-6.579047947958306e-15,-5.457049935399646,-11.791476375089875
dpRF,rf_final,2050,117,N2O total,5.4909193460599206e-14,5.186715184705794e-14,4.8285681692506774e-14,-3.042041613541268e-15,-6.623511768092432e-15,-5.54013166433436,-12.062664465915379
dpRF,rf_final,2050,118,N2O total,5.403485386861916e-14,5.0995673495503546e-14,4.7367339759064774e-14,-3.0391803731156154e-15,-6.667514109554388e-15,-5.624481525396749,-12.339284058703743
dpRF,rf_final,2050,119,N2O total,5.317178641198548e-14,5.013560502966099e-14,4.646072374566871e-14,-3.0361813823244908e-15,-6.711062666316774e-15,-5.71013612143771,-12.621473001335968
dpRF,rf_final,2050,120,N2O total,5.231985393599561e-14,4.92867897791305e-14,4.556569221943055e-14,-3.033064156865109e-15,-6.754161716565064e-15,-5.797157156775598,-12.909366537658201
dpRF,rf_final,2050,121,N2O total,5.147892278310635e-14,4.844908733189533e-14,4.468210578659575e-14,-3.0298354512110186e-15,-6.796816996510602e-15,-5.885584405051515,-13.203106493015213
dpRF,rf_final,2050,122,N2O total,5.0648855276747124e-14,4.762234487793507e-14,4.380982192811007e-14,-3.0265103988120554e-15,-6.839033348637055e-15,-5.975476409634721,-13.50283893143949
dpRF,rf_final,2050,123,N2O total,4.982952560201543e-14,4.6806426223603505e-14,4.294870364064504e-14,-3.023099378411925e-15,-6.880821961370392e-15,-6.066883723833107,-13.808724603013452
dpRF,rf_final,2050,124,N2O total,4.9020795898796855e-14,4.600118262057587e-14,4.209861676810237e-14,-3.0196132782209826e-15,-6.9221791306944825e-15,-6.159861795093977,-14.120903187670148
dpRF,rf_final,2050,125,N2O total,4.8222536251486717e-14,4.520647777860893e-14,4.1259426375935257e-14,-3.016058472877784e-15,-6.96310987555146e-15,-6.254458407472913,-14.439534742092262
dpRF,rf_final,2050,126,N2O total,4.7434620778700214e-14,4.44221671610946e-14,4.043099239059637e-14,-3.0124536176056127e-15,-7.0036283881038435e-15,-6.350748816270306,-14.764803160919787
dpRF,rf_final,2050,127,N2O total,4.6656915749724317e-14,4.3648122892614895e-14,3.961317935044981e-14,-3.008792857109422e-15,-7.043736399274504e-15,-6.448760722309855,-15.096875320816986
dpRF,rf_final,2050,128,N2O total,4.5889302780438944e-14,4.2884204181432306e-14,3.880585058630811e-14,-3.005098599006638e-15,-7.083452194130834e-15,-6.5485819503180815,-15.43595514628361
dpRF,rf_final,2050,129,N2O total,4.5131651202584774e-14,4.213027821252876e-14,3.8008866365891645e-14,-3.0013729900560158e-15,-7.122784836693129e-15,-6.650261867405644,-15.782238510886112
dpRF,rf_final,2050,130,N2O total,4.438383462491428e-14,4.138621213480979e-14,3.722209377940383e-14,-2.9976224901044865e-15,-7.161740845510446e-15,-6.753860984381486,-16.135921796829823
dpRF,rf_final,2050,131,N2O total,4.364573022447293e-14,4.0651876990179425e-14,3.644540202383131e-14,-2.9938532342935022e-15,-7.200328200641616e-15,-6.859441276147549,-16.497210984006554
dpRF,rf_final,2050,132,N2O total,4.291721933968732e-14,3.9927143722853326e-14,3.5678646834198714e-14,-2.9900756168339958e-15,-7.238572505488608e-15,-6.967076765080512,-16.86635950991075
dpRF,rf_final,2050,133,N2O total,4.219817935236243e-14,3.921188323899337e-14,3.4921702707344135e-14,-2.986296113369062e-15,-7.276476645018296e-15,-7.07683639247312,-17.243579596784024
dpRF,rf_final,2050,134,N2O total,4.148849148325949e-14,3.8505966278898004e-14,3.4174434890696535e-14,-2.982525204361489e-15,-7.314056592562958e-15,-7.188801274119429,-17.629121549319677
dpRF,rf_final,2050,135,N2O total,4.0788033281836736e-14,3.780927620277779e-14,3.3436716084883786e-14,-2.9787570790589458e-15,-7.35131719695295e-15,-7.303017182702487,-18.023220551373225
dpRF,rf_final,2050,136,N2O total,4.009669503671411e-14,3.712168021959238e-14,3.2708422363114026e-14,-2.9750148171217322e-15,-7.388272673600087e-15,-7.4196010778386885,-18.426138779854785
dpRF,rf_final,2050,137,N2O total,3.941435492026372e-14,3.644307048460903e-14,3.198942807496684e-14,-2.9712844356546903e-15,-7.424926845296877e-15,-7.538584461589382,-18.838128545596398
dpRF,rf_final,2050,138,N2O total,3.874090286492055e-14,3.5773313979998765e-14,3.127961441496798e-14,-2.967588884921783e-15,-7.461288449952568e-15,-7.660092216407535,-19.25945937803293
dpRF,rf_final,2050,139,N2O total,3.807622482482799e-14,3.511230666691473e-14,3.0578857376392667e-14,-2.9639181579132568e-15,-7.497367448435321e-15,-7.784170231027221,-19.69041700674744
dpRF,rf_final,2050,140,N2O total,3.742020478191933e-14,3.445991988707842e-14,2.9887045293916864e-14,-2.9602848948409096e-15,-7.533159488002463e-15,-7.9109264957076295,-20.131262059908156
dpRF,rf_final,2050,141,N2O total,3.6772731390035827e-14,3.381604563007678e-14,2.920406049033984e-14,-2.9566857599590466e-15,-7.568670899695988e-15,-8.040430090978253,-20.58229186028548
dpRF,rf_final,2050,142,N2O total,3.6133682748718045e-14,3.318057138658097e-14,2.852978772630063e-14,-2.9531113621370724e-15,-7.603895022417413e-15,-8.172738391139617,-21.043786417500403
dpRF,rf_final,2050,143,N2O total,3.5502944611511425e-14,3.2553376258054176e-14,2.7864113435562044e-14,-2.949568353457249e-15,-7.638831175949381e-15,-8.307954130939564,-21.51604961091756
dpRF,rf_final,2050,144,N2O total,3.488040339183751e-14,3.1934360164517295e-14,2.7206931978002035e-14,-2.9460432273202177e-15,-7.673471413835478e-15,-8.446127168384846,-21.999376921286338
dpRF,rf_final,2050,145,N2O total,3.4265942728051544e-14,3.1323406661455645e-14,2.6558123720704026e-14,-2.9425360665958986e-15,-7.707819007347518e-15,-8.587348931121088,-22.494110459822757
dpRF,rf_final,2050,146,N2O total,3.365945530630157e-14,3.072041180556451e-14,2.5917577276781355e-14,-2.939043500737064e-15,-7.741878029520216e-15,-8.731702500803182,-23.000604017709154
dpRF,rf_final,2050,147,N2O total,3.306083106464743e-14,3.012526775287772e-14,2.5285188368526312e-14,-2.9355633117697086e-15,-7.775642696121119e-15,-8.879278642540726,-23.519199142080126
dpRF,rf_final,2050,148,N2O total,3.2469964653040634e-14,2.95378707798743e-14,2.4660841470308382e-14,-2.932093873166333e-15,-7.809123182732252e-15,-9.030172667255302,-24.050297763416168
dpRF,rf_final,2050,149,N2O total,3.1886751477318865e-14,2.895811730060578e-14,2.4044436239100734e-14,-2.9286341767130845e-15,-7.842315238218131e-15,-9.184485847660682,-24.59427465916806
dpRF,rf_final,2050,150,N2O total,3.1311087207123794e-14,2.8385903561865765e-14,2.343586662353623e-14,-2.9251836452580286e-15,-7.875220583587565e-15,-9.342325374739783,-25.15153987305756
dpRF,rf_final,2050,151,N2O total,3.0742876028325404e-14,2.7821125860129128e-14,2.2835028938674287e-14,-2.9217501681962764e-15,-7.907847089651117e-15,-9.503828351987233,-25.72253514071067
dpRF,rf_final,2050,152,N2O total,3.0182010564414966e-14,2.7263693017159387e-14,2.224182504338271e-14,-2.9183175472555783e-15,-7.940185521032256e-15,-9.66906277177014,-26.30767590544101
dpRF,rf_final,2050,153,N2O total,2.9628395543847165e-14,2.6713497000098307e-14,2.1656155523664982e-14,-2.9148985437488583e-15,-7.972240020182183e-15,-9.838192349751406,-26.907430773239266
dpRF,rf_final,2050,154,N2O total,2.9081936149246714e-14,2.617045046421179e-14,2.1077918260968623e-14,-2.9114856850349247e-15,-8.004017888278092e-15,-10.011319982594552,-27.522300603377857
dpRF,rf_final,2050,155,N2O total,2.8542529879072435e-14,2.5634449591650577e-14,2.0507016807520583e-14,-2.908080287421858e-15,-8.035513071551852e-15,-10.188586294707116,-28.152770989804733
dpRF,rf_final,2050,156,N2O total,2.801008238073741e-14,2.5105400880322008e-14,1.9943356168372446e-14,-2.9046815004154033e-15,-8.066726212364965e-15,-10.37012837353509,-28.79936625217664
dpRF,rf_final,2050,157,N2O total,2.7484508237501226e-14,2.458321521273567e-14,1.9386836826231498e-14,-2.9012930247655558e-15,-8.097671411269728e-15,-10.556103095222522,-29.462675268902444
dpRF,rf_final,2050,158,N2O total,2.6965710255047358e-14,2.406779531057218e-14,1.8837369262249855e-14,-2.8979149444751784e-15,-8.128340992797502e-15,-10.746666477782671,-30.143248280567963
dpRF,rf_final,2050,159,N2O total,2.645359590102866e-14,2.3559052493243242e-14,1.829485620503167e-14,-2.8945434077854167e-15,-8.158739695996988e-15,-10.941965767583458,-30.841703814186307
dpRF,rf_final,2050,160,N2O total,2.5948081262733476e-14,2.3056898258747944e-14,1.775920092960198e-14,-2.8911830039855328e-15,-8.188880333131496e-15,-11.142184174279727,-31.558712377289844
dpRF,rf_final,2050,161,N2O total,2.5449074513536617e-14,2.2561241916427108e-14,1.7230313085540707e-14,-2.8878325971095093e-15,-8.21876142799591e-15,-11.347495546737631,-32.294932468464694
dpRF,rf_final,2050,162,N2O total,2.4956492387872032e-14,2.2071999154178636e-14,1.6708098994616672e-14,-2.884493233693396e-15,-8.248393393255361e-15,-11.558087526335061,-33.051092537602706
dpRF,rf_final,2050,163,N2O total,2.4470247747613058e-14,2.1589083517569627e-14,1.6192468315215188e-14,-2.8811642300434312e-15,-8.27777943239787e-15,-11.774152267520353,-33.827934713923455
dpRF,rf_final,2050,164,N2O total,2.3990259166778304e-14,2.1112408189378496e-14,1.5683333697861412e-14,-2.8778509773998086e-15,-8.306925468916892e-15,-11.995914497601822,-34.626243139633594
dpRF,rf_final,2050,165,N2O total,2.351644010230261e-14,2.064188884358313e-14,1.5180608575438354e-14,-2.874551258719479e-15,-8.335831526864256e-15,-12.223581656978846,-35.44682567004712
dpRF,rf_final,2050,166,N2O total,2.30487121664346e-14,2.0177445169664665e-14,1.4684207003156056e-14,-2.871266996769937e-15,-8.364505163278545e-15,-12.457385801152517,-36.29055325468298
dpRF,rf_final,2050,167,N2O total,2.258699307163104e-14,1.971899267545917e-14,1.419404207429352e-14,-2.868000396171871e-15,-8.392950997337522e-15,-12.697575047180765,-37.15833697172801
dpRF,rf_final,2050,168,N2O total,2.2131203050258133e-14,1.926645325211505e-14,1.371003115022933e-14,-2.8647497981430844e-15,-8.421171900028804e-15,-12.944392546747116,-38.05112573819425
dpRF,rf_final,2050,169,N2O total,2.168126676595123e-14,1.8819744681061666e-14,1.3232089965350689e-14,-2.8615220848895654e-15,-8.449176800600542e-15,-13.198131436597455,-38.96994069492899
dpRF,rf_final,2050,170,N2O total,2.12371035440651e-14,1.8378789222724726e-14,1.2760130368853865e-14,-2.858314321340373e-15,-8.476973175211234e-15,-13.4590591198542,-39.915863091321604
dpRF,rf_final,2050,171,N2O total,2.0798641164737828e-14,1.7943511437163167e-14,1.2294069051014038e-14,-2.855129727574661e-15,-8.50457211372379e-15,-13.72748202615885,-40.89003722100127
dpRF,rf_final,2050,172,N2O total,2.036580588492866e-14,1.7513834029831353e-14,1.183382036778931e-14,-2.8519718550973085e-15,-8.53198551713935e-15,-14.003726988323391,-41.89367985409941
dpRF,rf_final,2050,173,N2O total,1.9938524046465247e-14,1.708968171746651e-14,1.1379304533253523e-14,-2.848842328998737e-15,-8.559219513211724e-15,-14.288130467228777,-42.9280497055103
dpRF,rf_final,2050,174,N2O total,1.9516724281489052e-14,1.6670979416162937e-14,1.0930443308809007e-14,-2.8457448653261154e-15,-8.586280972680045e-15,-14.58105788800433,-43.99447801198811
dpRF,rf_final,2050,175,N2O total,1.910033323511904e-14,1.625765604977326e-14,1.0487159267974648e-14,-2.842677185345777e-15,-8.61317396714439e-15,-14.882866965478158,-45.09436490515088
dpRF,rf_final,2050,176,N2O total,1.8689283241020407e-14,1.5849638189905265e-14,1.0049379163084137e-14,-2.839645051115143e-15,-8.63990407793627e-15,-15.193975148723265,-46.229189030496734
dpRF,rf_final,2050,177,N2O total,1.8283505087870802e-14,1.5446854670827938e-14,9.617029042303128e-15,-2.836650417042864e-15,-8.666476045567674e-15,-15.51480639740509,-47.40051759176623
dpRF,rf_final,2050,178,N2O total,1.7882927430004146e-14,1.5049236252282742e-14,9.190037315705254e-15,-2.833691177721404e-15,-8.692890114298892e-15,-15.84579028692478,-48.609994914556765
dpRF,rf_final,2050,179,N2O total,1.7487485792534215e-14,1.465670999226334e-14,8.768331882997346e-15,-2.830775800270874e-15,-8.71915390953687e-15,-16.187437312912035,-49.85939095521247
dpRF,rf_final,2050,180,N2O total,1.7097113951569592e-14,1.4269209347920614e-14,8.35184239479915e-15,-2.827904603648978e-15,-8.745271556770441e-15,-16.540245398489397,-51.15057185407357
dpRF,rf_final,2050,181,N2O total,1.6711743883430167e-14,1.3886667822251262e-14,7.940495542741479e-15,-2.825076061178904e-15,-8.771248340688688e-15,-16.90473526212899,-52.485535931324634
dpRF,rf_final,2050,182,N2O total,1.633131592999003e-14,1.3509019136563626e-14,7.534220170752122e-15,-2.8222967934264023e-15,-8.797095759237907e-15,-17.281502639010704,-53.86642323833409
dpRF,rf_final,2050,183,N2O total,1.59557643203709e-14,1.3136196936418609e-14,7.132948307393425e-15,-2.8195673839522924e-15,-8.822816012977477e-15,-17.67115211367543,-55.29547714435271
dpRF,rf_final,2050,184,N2O total,1.5585025540052764e-14,1.2768134998249414e-14,6.736616413419089e-15,-2.816890541803351e-15,-8.848409126633676e-15,-18.074340234888147,-56.775069786659586
dpRF,rf_final,2050,185,N2O total,1.521904207553868e-14,1.2404771149268763e-14,6.345153638923403e-15,-2.814270926269916e-15,-8.873888436615275e-15,-18.491774398818755,-58.30779882577586
dpRF,rf_final,2050,186,N2O total,1.4857748160558505e-14,1.2046043108631338e-14,5.958499329694885e-15,-2.811705051927167e-15,-8.89924883086362e-15,-18.92416684912685,-59.89634993603967
dpRF,rf_final,2050,187,N2O total,1.4501088547644057e-14,1.1691886866781373e-14,5.5765857158010245e-15,-2.8092016808626838e-15,-8.924502831843032e-15,-19.372350369649215,-61.54367516977176
dpRF,rf_final,2050,188,N2O total,1.4148999930226518e-14,1.1342240459225016e-14,5.199355023447625e-15,-2.8067594710015023e-15,-8.949644906778893e-15,-19.837157995918993,-63.252844377076855
dpRF,rf_final,2050,189,N2O total,1.3801425185122515e-14,1.0997046128373753e-14,4.826741397198761e-15,-2.804379056748762e-15,-8.974683787923754e-15,-20.319488887073714,-65.02722485209839
dpRF,rf_final,2050,190,N2O total,1.3458307393606472e-14,1.0656242092922586e-14,4.458686592730383e-15,-2.802065300683886e-15,-8.999620800876088e-15,-20.820339577137613,-66.87037632348526
dpRF,rf_final,2050,191,N2O total,1.3119589762767532e-14,1.031977082066175e-14,4.095125152471831e-15,-2.799818942105783e-15,-9.024464610295701e-15,-21.340750684533376,-68.78617985378243
dpRF,rf_final,2050,192,N2O total,1.27852140239956e-14,9.987571011255974e-15,3.736004714625626e-15,-2.7976430127396253e-15,-9.049209309369973e-15,-21.881862966775063,-70.77870806375395
dpRF,rf_final,2050,193,N2O total,1.2455129713656174e-14,9.659589545733611e-15,3.3812572073804783e-15,-2.795540167922563e-15,-9.073872506275696e-15,-22.444890034805898,-72.85249302804797
dpRF,rf_final,2050,194,N2O total,1.2129280632026941e-14,9.335769366524278e-15,3.03082936321474e-15,-2.7935112655026634e-15,-9.098451268812201e-15,-23.03113721457227,-75.0122908755863
dpRF,rf_final,2050,195,N2O total,1.1807609915883615e-14,9.016055091892713e-15,2.68466068780034e-15,-2.791554823990902e-15,-9.122949228083275e-15,-23.641997354906668,-77.26330132071072
dpRF,rf_final,2050,196,N2O total,1.1490069212553772e-14,8.700389591920101e-15,2.342695757756208e-15,-2.7896796206336707e-15,-9.147373454797564e-15,-24.279049751812934,-79.61112579551187
dpRF,rf_final,2050,197,N2O total,1.1176602084620958e-14,8.38871985385777e-15,2.0048797733919425e-15,-2.7878822307631892e-15,-9.171722311229016e-15,-24.943915956347094,-82.06181307867564
dpRF,rf_final,2050,198,N2O total,1.0867158069825516e-14,8.080992818590449e-15,1.6711575092120017e-15,-2.7861652512350668e-15,-9.196000560613515e-15,-25.6383981288661,-84.62194532853763
dpRF,rf_final,2050,199,N2O total,1.056168700720322e-14,7.777153581888781e-15,1.3414729666665674e-15,-2.784533425314439e-15,-9.220214040536653e-15,-26.364475896846283,-87.29868660421707
dpRF,rf_final,2050,200,N2O total,1.0260136579354074e-14,7.477153635282006e-15,1.0157692373143584e-15,-2.782982944072068e-15,-9.244367342039715e-15,-27.124229025100078,-90.09984682505751
dpAGWP,agwp,2050,0,CO2 total,0.0,0.0,0.0,0.0,0.0,,
dpAGWP,agwp,2050,1,CO2 total,1.5612505058473433e-15,1.3941755186300485e-15,1.2858402384363337e-15,-1.670749872172948e-16,-2.754102674110096e-16,-10.7013568028673,-17.64036369432817
dpAGWP,agwp,2050,2,CO2 total,3.0181699389160013e-15,2.7091377600581813e-15,2.509710291514859e-15,-3.0903217885781995e-16,-5.084596474011424e-16,-10.239058274127904,-16.846620889205447
dpAGWP,agwp,2050,3,CO2 total,4.4012268141890365e-15,3.966513234051648e-15,3.6878735740509844e-15,-4.3471358013738847e-16,-7.133532401380521e-16,-9.877100147075428,-16.208054486950896
dpAGWP,agwp,2050,4,CO2 total,5.729511531179582e-15,5.18065565907411e-15,4.831550779035775e-15,-5.488558721054721e-16,-8.979607521438068e-16,-9.579453136949608,-15.672553362658755
dpAGWP,agwp,2050,5,CO2 total,7.015318668094191e-15,6.361341518596887e-15,5.948694250949599e-15,-6.539771494973041e-16,-1.0666244171445917e-15,-9.322130332747465,-15.204219047035181
dpAGWP,agwp,2050,6,CO2 total,8.266821749238768e-15,7.515412212368821e-15,7.045088882263548e-15,-7.514095368699469e-16,-1.2217328669752206e-15,-9.089460976210582,-14.77874936746666
dpAGWP,agwp,2050,7,CO2 total,9.489584111042557e-15,8.647738267403931e-15,8.125011046068437e-15,-8.418458436386257e-16,-1.36457306497412e-15,-8.871261730627495,-14.379693029816073
dpAGWP,agwp,2050,8,CO2 total,1.0687510015052006e-14,9.761865260180313e-15,9.191687875668226e-15,-9.25644754871693e-16,-1.4958221393837793e-15,-8.660995438301715,-13.995983510444463
dpAGWP,agwp,2050,9,CO2 total,1.1863433256568818e-14,1.0860434549296268e-14,1.0247604640577521e-14,-1.0029987072725499e-15,-1.6158286159912963e-15,-8.454539976588874,-13.620244502969722
dpAGWP,agwp,2050,10,CO2 total,1.3019503064792842e-14,1.1945471432223266e-14,1.1294722269233453e-14,-1.0740316325695759e-15,-1.7247807955593886e-15,-8.249405735568796,-13.247669953114546
dpAGWP,agwp,2050,11,CO2 total,1.41573958322364e-14,1.3018553419438665e-14,1.2334612217870811e-14,-1.1388424127977352e-15,-1.8227836143655887e-15,-8.044151807951785,-12.875133505945415
dpAGWP,agwp,2050,12,CO2 total,1.527845827637249e-14,1.4080930761182116e-14,1.3368552530756585e-14,-1.1975275151903758e-15,-1.9099057456159066e-15,-7.838012798989692,-12.500644443749259
dpAGWP,agwp,2050,13,CO2 total,1.6383812745831856e-14,1.5133620228537768e-14,1.439760262615969e-14,-1.2501925172940882e-15,-1.9862101196721655e-15,-7.630656775005836,-12.12300305481378
dpAGWP,agwp,2050,14,CO2 total,1.7474425438171413e-14,1.6177469364514255e-14,1.5422655988071092e-14,-1.296956073657158e-15,-2.051769450100321e-15,-7.4220241360500845,-11.741556009151541
dpAGWP,agwp,2050,15,CO2 total,1.855114265467209e-14,1.721319668275703e-14,1.6444478244701402e-14,-1.3379459719150603e-15,-2.1066644099706885e-15,-7.212202487042488,-11.35598194238524
dpAGWP,agwp,2050,16,CO2 total,1.96146975023025e-14,1.8241407125798824e-14,1.7463726875766827e-14,-1.373290376503676e-15,-2.1509706265356726e-15,-7.001333445710648,-10.966116741199695
dpAGWP,agwp,2050,17,CO2 total,2.0665758871753414e-14,1.9262630287357994e-14,1.848097710308847e-14,-1.40312858439542e-15,-2.1847817686649433e-15,-6.789630098284262,-10.571989067631913
dpAGWP,agwp,2050,18,CO2 total,2.170494469160245e-14,2.027733788184148e-14,1.9496739331981884e-14,-1.4276068097609721e-15,-2.2082053596205663e-15,-6.5773344739888095,-10.173743315157635
dpAGWP,agwp,2050,19,CO2 total,2.2732817060786765e-14,2.1285946718084142e-14,2.051146863070157e-14,-1.446870342702623e-15,-2.2213484300851946e-15,-6.364676840682533,-9.771549316327079
dpAGWP,agwp,2050,20,CO2 total,2.374989379119847e-14,2.228882633802187e-14,2.152557171796232e-14,-1.4610674531766004e-15,-2.224322073236149e-15,-6.1518904716873335,-9.365608506680841
dpAGWP,agwp,2050,21,CO2 total,2.4756643323583336e-14,2.328629717466393e-14,2.2539410896329922e-14,-1.4703461489194071e-15,-2.217232427253414e-15,-5.939198338406185,-8.95611088414908
dpAGWP,agwp,2050,22,CO2 total,2.575349999705123e-14,2.4278642474848426e-14,2.3553310845245444e-14,-1.4748575222028043e-15,-2.2001891518057863e-15,-5.726823625416643,-8.543262671317326
dpAGWP,agwp,2050,23,CO2 total,2.67408724700732e-14,2.526611761888819e-14,2.4567565630886463e-14,-1.4747548511850107e-15,-2.1733068391867376e-15,-5.514984048614976,-8.127284708526147
dpAGWP,agwp,2050,24,CO2 total,2.7719136015107007e-14,2.6248949430623014e-14,2.5582442995785045e-14,-1.4701865844839928e-15,-2.1366930193219613e-15,-5.303868719727545,-7.708368031952574
dpAGWP,agwp,2050,25,CO2 total,2.868864945995164e-14,2.72273472105826e-14,2.6598187362288633e-14,-1.4613022493690421e-15,-2.0904620976630083e-15,-5.0936599556872455,-7.286721881353183
dpAGWP,agwp,2050,26,CO2 total,2.9649745630567805e-14,2.8201500509031022e-14,2.76150244555989e-14,-1.448245121536783e-15,-2.0347211749689045e-15,-4.884511117166871,-6.862524894214205
dpAGWP,agwp,2050,27,CO2 total,3.060273781590123e-14,2.917158298833613e-14,2.863316231969117e-14,-1.4311548275650975e-15,-1.9695754962100605e-15,-4.676558143832043,-6.435945398279581
dpAGWP,agwp,2050,28,CO2 total,3.15479281224799e-14,3.0137758761551694e-14,2.9652793359395626e-14,-1.4101693609282036e-15,-1.8951347630842714e-15,-4.46992701217475,-6.0071607736860155
dpAGWP,agwp,2050,29,CO2 total,3.248560081895764e-14,3.1100180734337636e-14,3.06740976988131e-14,-1.3854200846200037e-15,-1.8115031201445396e-15,-4.264720521381009,-5.576326355298313
dpAGWP,agwp,2050,30,CO2 total,3.341602900032808e-14,3.2058991236366e-14,3.169723775059804e-14,-1.3570377639620792e-15,-1.7187912497300386e-15,-4.061038383551666,-5.14361311367417
dpAGWP,agwp,2050,31,CO2 total,3.4339462803591347e-14,3.3014315673801455e-14,3.2722355843161474e-14,-1.325147129789892e-15,-1.617106960429873e-15,-3.8589629004077004,-4.709179551465639
dpAGWP,agwp,2050,32,CO2 total,3.525613213469776e-14,3.3966263803681655e-14,3.374957609276937e-14,-1.2898683310161066e-15,-1.5065560419283923e-15,-3.658564490534873,-4.273174482590779
dpAGWP,agwp,2050,33,CO2 total,3.616625197304256e-14,3.491493413859136e-14,3.4779008489469606e-14,-1.2513178344512001e-15,-1.3872434835729516e-15,-3.4599046519498398,-3.8357402492438784
dpAGWP,agwp,2050,34,CO2 total,3.7070025282565674e-14,3.586041638344925e-14,3.5810750775406515e-14,-1.209608899116425e-15,-1.2592745071591593e-15,-3.263037696619305,-3.3970155066266057
dpAGWP,agwp,2050,35,CO2 total,3.796764712016467e-14,3.6802792905458126e-14,3.6844888468421605e-14,-1.1648542147065461e-15,-1.1227586517430666e-15,-3.068017912776824,-2.9571457198535955
dpAGWP,agwp,2050,36,CO2 total,3.8859292018896815e-14,3.774213435918932e-14,3.7881499945487894e-14,-1.1171576597074934e-15,-9.777920734089213e-16,-2.8748790872572583,-2.516237488149379
dpAGWP,agwp,2050,37,CO2 total,3.974513010212706e-14,3.867850819338071e-14,3.892065439761867e-14,-1.0666219087463545e-15,-8.244757045083925e-16,-2.683654339552084,-2.0744068578712955
dpAGWP,agwp,2050,38,CO2 total,4.062532666205846e-14,3.961197734321294e-14,3.996241305056936e-14,-1.013349318845521e-15,-6.629136114890961e-16,-2.4943782662353984,-1.631774230404445
dpAGWP,agwp,2050,39,CO2 total,4.1500027041316635e-14,4.054259378818618e-14,4.1006833941454015e-14,-9.574332531304553e-16,-4.931930998626205e-16,-2.3070665765524754,-1.1884163337330043
dpAGWP,agwp,2050,40,CO2 total,4.236937806539603e-14,4.147041070772896e-14,4.205396303168679e-14,-8.98967357667071e-16,-3.1541503370924213e-16,-2.1217383844519464,-0.7444410281935393
dpAGWP,agwp,2050,41,CO2 total,4.323352381104262e-14,4.239548448907669e-14,4.310383713577689e-14,-8.380393219659288e-16,-1.296866752657315e-16,-1.9384016108163693,-0.29996785788857483
dpAGWP,agwp,2050,42,CO2 total,4.409259549154486e-14,4.331787158530572e-14,4.415648961380483e-14,-7.747239062391366e-16,6.389412225997407e-17,-1.7570385630569123,0.1449089615788808
dpAGWP,agwp,2050,43,CO2 total,4.494671458670789e-14,4.423762669060786e-14,4.521194893952608e-14,-7.090878961000305e-16,2.6523435281819274e-16,-1.577618970864067,0.5901084323004793
dpAGWP,agwp,2050,44,CO2 total,4.579599116556724e-14,4.515480047814162e-14,4.627024057114548e-14,-6.411906874256151e-16,4.742494055782393e-16,-1.4001022166056076,1.035569694001545
dpAGWP,agwp,2050,45,CO2 total,4.66405303108421e-14,4.6069440749207713e-14,4.7331386210730296e-14,-5.710895616343846e-16,6.908558998881982e-16,-1.224449117169726,1.4812350873454825
dpAGWP,agwp,2050,46,CO2 total,4.748043167211335e-14,4.698159174013151e-14,4.8395403956256156e-14,-4.988399319818364e-16,9.149722841428075e-16,-1.0506221498293995,1.9270513176066966
dpAGWP,agwp,2050,47,CO2 total,4.8315784269175034e-14,4.7891292273829315e-14,4.9462310202667996e-14,-4.2449199534571943e-16,1.1465259334929618e-15,-0.8785782985138065,2.37298421382437
dpAGWP,agwp,2050,48,CO2 total,4.914667330613921e-14,4.8798578029630456e-14,5.053211751851066e-14,-3.48095276508756e-16,1.3854442123714475e-15,-0.7082784105048943,2.8189989660976367
dpAGWP,agwp,2050,49,CO2 total,4.997318377690199e-14,4.970348384956763e-14,5.1604833511764383e-14,-2.6969992733436055e-16,1.6316497348623931e-15,-0.5396893032439091,3.2650505962290812
dpAGWP,agwp,2050,50,CO2 total,5.0795399510376506e-14,5.0606044415225196e-14,5.2680465435570427e-14,-1.893550951513103e-16,1.8850659251939206e-15,-0.37278000956096186,3.711095775137743
dpAGWP,agwp,2050,51,CO2 total,5.161341187401227e-14,5.150630146653399e-14,5.3759018795149966e-14,-1.0711040747828326e-16,2.145606921137693e-15,-0.2075243693242727,4.157072441510152
dpAGWP,agwp,2050,52,CO2 total,5.242731796201724e-14,5.240430498027113e-14,5.4840496460697705e-14,-2.3012981746108716e-17,2.4131784986804674e-15,-0.04389502007861866,4.60290282335018
dpAGWP,agwp,2050,53,CO2 total,5.32372117380238e-14,5.330010733385014e-14,5.5924899520589586e-14,6.289559582634314e-17,2.687687782565788e-15,0.11814216742951811,5.048513426645429
dpAGWP,agwp,2050,54,CO2 total,5.4043180808083904e-14,5.419375993833252e-14,5.701222913095428e-14,1.5057913024861694e-16,2.9690483228703744e-15,0.27862743827634395,5.493844511880132
dpAGWP,agwp,2050,55,CO2 total,5.4845308026284164e-14,5.5085313583538486e-14,5.810248599960309e-14,2.4000555725432203e-16,3.2571779733189258e-15,0.4376045388227218,5.938845255017895
dpAGWP,agwp,2050,56,CO2 total,5.56436736558247e-14,5.5974818961503995e-14,5.919566599692238e-14,3.3114530567929594e-16,3.5519923410976833e-15,0.5951176188106195,6.383461241376658
dpAGWP,agwp,2050,57,CO2 total,5.643835507260829e-14,5.686232595724727e-14,6.029176205108054e-14,4.239708846389797e-16,3.853406978472247e-15,0.7512105625572159,6.827638710438701
dpAGWP,agwp,2050,58,CO2 total,5.722942719629203e-14,5.774788355683575e-14,6.139076440377527e-14,5.184563605437216e-16,4.161337207483239e-15,0.9059261745980102,7.271324231868002
dpAGWP,agwp,2050,59,CO2 total,5.801696275835912e-14,5.863153934336825e-14,6.249265959047415e-14,6.145765850091307e-16,4.475696832115034e-15,1.059304995969618,7.71446249393704
dpAGWP,agwp,2050,60,CO2 total,5.880103227008468e-14,5.951333999583136e-14,6.359743166196086e-14,7.123077257466801e-16,4.796399391876172e-15,1.211386430215903,8.156998621802025
dpAGWP,agwp,2050,61,CO2 total,5.958170232870839e-14,6.039333005578255e-14,6.470506263190303e-14,8.116277270741659e-16,5.123360303194646e-15,1.3622096975283928,8.59888204423801
dpAGWP,agwp,2050,62,CO2 total,6.035903911138436e-14,6.127155311952594e-14,6.581553313238563e-14,9.125140081415821e-16,5.456494021001279e-15,1.511810031398383,9.040061109872982
dpAGWP,agwp,2050,63,CO2 total,6.113310932528023e-14,6.214805268466516e-14,6.692882192952141e-14,1.014943359384922e-15,5.795712604241175e-15,1.6602187760229217,9.480480656403465
dpAGWP,agwp,2050,64,CO2 total,6.190397459634548e-14,6.302286932758904e-14,6.804491026366542e-14,1.1188947312435614e-15,6.140935667319933e-15,1.8074683225745827,9.92009916546209
dpAGWP,agwp,2050,65,CO2 total,6.267169151026037e-14,6.389604034309435e-14,6.916378391308431e-14,1.2243488328339872e-15,6.49209240282394e-15,1.9535914913570533,10.35889130543266
dpAGWP,agwp,2050,66,CO2 total,6.343631163019411e-14,6.476759990409718e-14,7.028543221366253e-14,1.3312882739030715e-15,6.8491205834684205e-15,2.0986218140548565,10.796845540761876
dpAGWP,agwp,2050,67,CO2 total,6.419788802611666e-14,6.563758070626147e-14,7.140984313796855e-14,1.4396926801448126e-15,7.21195511185189e-15,2.2425857367132145,11.233944501286334
dpAGWP,agwp,2050,68,CO2 total,6.495647432987916e-14,6.650601485043878e-14,7.253700347992051e-14,1.5495405205596158e-15,7.580529150041348e-15,2.3855058892056378,11.670167182325656
dpAGWP,agwp,2050,69,CO2 total,6.571212245455012e-14,6.737293444511736e-14,7.36668999645787e-14,1.6608119905672382e-15,7.954777510028576e-15,2.5274057944421764,12.105494713750128
dpAGWP,agwp,2050,70,CO2 total,6.646488510473143e-14,6.82383714782385e-14,7.479951783735335e-14,1.7734863735070644e-15,8.334632732621913e-15,2.6683057838925164,12.539903919925074
dpAGWP,agwp,2050,71,CO2 total,6.721481302261394e-14,6.910235704079377e-14,7.593484436505496e-14,1.887544018179829e-15,8.720031342441023e-15,2.8082262425468305,12.97337737071028
dpAGWP,agwp,2050,72,CO2 total,6.796195709411147e-14,6.996492238765368e-14,7.707286812887652e-14,2.002965293542205e-15,9.110911034765042e-15,2.947186012857995,13.405898570796825
dpAGWP,agwp,2050,73,CO2 total,6.870636517321782e-14,7.082609739081892e-14,7.821358075938929e-14,2.1197322176011014e-15,9.507215586171469e-15,3.0852050057618046,13.83745969125644
dpAGWP,agwp,2050,74,CO2 total,6.944808292418387e-14,7.168591070807064e-14,7.935697498498911e-14,2.2378277838867697e-15,9.908892060805237e-15,3.222303179095375,14.268057005436313
dpAGWP,agwp,2050,75,CO2 total,7.018715327048163e-14,7.254438928316741e-14,8.050304525246992e-14,2.357236012685787e-15,1.0315891981988294e-14,3.3585006697759345,14.697692528194919
dpAGWP,agwp,2050,76,CO2 total,7.092361775173673e-14,7.340155872473622e-14,8.165178175159094e-14,2.4779409729994914e-15,1.0728163999854204e-14,3.493816378168065,15.126363177647548
dpAGWP,agwp,2050,77,CO2 total,7.165751769764875e-14,7.425744426525339e-14,8.280316881425945e-14,2.5999265676046415e-15,1.1145651116610696e-14,3.628267697710035,15.554056956924716
dpAGWP,agwp,2050,78,CO2 total,7.238889299484063e-14,7.511207021240447e-14,8.395719078859201e-14,2.723177217563839e-15,1.1568297793751381e-14,3.7618716144173217,15.980763505495085
dpAGWP,agwp,2050,79,CO2 total,7.31177830389924e-14,7.596546000651956e-14,8.511382957442892e-14,2.847676967527169e-15,1.1996046535436529e-14,3.894643476824994,16.406469174590885
dpAGWP,agwp,2050,80,CO2 total,7.384422648830942e-14,7.681763683151226e-14,8.627306095603391e-14,2.9734103432028387e-15,1.242883446772449e-14,4.026598265842179,16.83115262869217
dpAGWP,agwp,2050,81,CO2 total,7.456826336978108e-14,7.766862523987181e-14,8.743484967191826e-14,3.100361870090732e-15,1.2866586302137181e-14,4.157749865671619,17.254775316856026
dpAGWP,agwp,2050,82,CO2 total,7.528993129633429e-14,7.851844903601327e-14,8.859916190384484e-14,3.2285177396789725e-15,1.3309230607510551e-14,4.288113541997829,17.677304758224093
dpAGWP,agwp,2050,83,CO2 total,7.600926607463606e-14,7.936713119497408e-14,8.976596680600148e-14,3.3578651203380146e-15,1.3756700731365413e-14,4.417704963814298,18.09871538274984
dpAGWP,agwp,2050,84,CO2 total,7.672630368703162e-14,8.021469492626496e-14,9.093522709169114e-14,3.4883912392333397e-15,1.4208923404659525e-14,4.5465388942266385,18.51897292305134
dpAGWP,agwp,2050,85,CO2 total,7.74410745862804e-14,8.106116063939592e-14,9.210691546547686e-14,3.62008605311553e-15,1.4665840879196466e-14,4.674633032218889,18.938064789967022
dpAGWP,agwp,2050,86,CO2 total,7.81536074884087e-14,8.190654668761618e-14,9.328101650435701e-14,3.752939199207476e-15,1.5127409015948307e-14,4.802003797155609,19.35599584215216
dpAGWP,agwp,2050,87,CO2 total,7.886393473991676e-14,8.275087271087445e-14,9.445750830559862e-14,3.886937970957693e-15,1.5593573565681862e-14,4.928663506045344,19.772756225145862
dpAGWP,agwp,2050,88,CO2 total,7.957208612617645e-14,8.359415858629257e-14,9.563637094316002e-14,4.022072460116121e-15,1.6064284816983577e-14,5.05462738998494,20.188341916172266
dpAGWP,agwp,2050,89,CO2 total,8.027808782746923e-14,8.443642256392106e-14,9.681759117478422e-14,4.158334736451828e-15,1.653950334731499e-14,5.179912537763444,20.60276196770044
dpAGWP,agwp,2050,90,CO2 total,8.098197048604517e-14,8.527768223105971e-14,9.800115232878587e-14,4.29571174501454e-15,1.70191818427407e-14,5.304528550283643,21.016013491143006
dpAGWP,agwp,2050,91,CO2 total,8.168377489850525e-14,8.611795611502219e-14,9.918703210590225e-14,4.434181216516934e-15,1.7503257207397e-14,5.4284724500386385,21.42807091022099
dpAGWP,agwp,2050,92,CO2 total,8.238354655909059e-14,8.695726312447349e-14,1.0037520379933593e-13,4.573716565382896e-15,1.7991657240245335e-14,5.551735457397847,21.838896225887293
dpAGWP,agwp,2050,93,CO2 total,8.308132990606633e-14,8.779562154172897e-14,1.0156564483186116e-13,4.714291635662644e-15,1.8484314925794833e-14,5.674309307509558,22.24845816345697
dpAGWP,agwp,2050,94,CO2 total,8.377716782253518e-14,8.863304930665848e-14,1.0275833025988535e-13,4.855881484123301e-15,1.898116243735017e-14,5.796187207485331,22.656724893777604
dpAGWP,agwp,2050,95,CO2 total,8.447110074086374e-14,8.946956321300024e-14,1.0395323505026287e-13,4.998462472136499e-15,1.9482134309399126e-14,5.917363960333055,23.063668093026813
dpAGWP,agwp,2050,96,CO2 total,8.516316767205061e-14,9.030517914911213e-14,1.0515033526159846e-13,5.1420114770615135e-15,1.998716758954785e-14,6.037834920446543,23.46926275278434
dpAGWP,agwp,2050,97,CO2 total,8.585340689852595e-14,9.113991292302178e-14,1.0634960084261006e-13,5.286506024495829e-15,2.0496193944084105e-14,6.157596087880578,23.87347769239896
dpAGWP,agwp,2050,98,CO2 total,8.654185546640818e-14,9.197377991069601e-14,1.0755099679647855e-13,5.4319244442878275e-15,2.100914133007037e-14,6.276644306980761,24.276277896797826
dpAGWP,agwp,2050,99,CO2 total,8.722854935943702e-14,9.280679522049604e-14,1.0875449100048082e-13,5.5782458610590144e-15,2.1525941641043798e-14,6.3949772202138755,24.677633411445658
dpAGWP,agwp,2050,100,CO2 total,8.791352394105935e-14,9.36389735094412e-14,1.0996005147676049e-13,5.725449568381852e-15,2.2046527535701133e-14,6.5125925019459086,25.077515434919867
dpAGWP,agwp,2050,101,CO2 total,8.859681412277005e-14,9.447032838245917e-14,1.1116764403046589e-13,5.873514259689125e-15,2.257082990769584e-14,6.6294869830760526,25.47589338417866
dpAGWP,agwp,2050,102,CO2 total,8.92784529098234e-14,9.530087220738386e-14,1.1237722662958999e-13,6.0224192975604625e-15,2.3098773719766596e-14,6.745658220179361,25.872730728317777
dpAGWP,agwp,2050,103,CO2 total,8.995847221433208e-14,9.613061647035771e-14,1.1358875221303464e-13,6.172144256025633e-15,2.3630279998702554e-14,6.861103911725053,26.267987235712308
dpAGWP,agwp,2050,104,CO2 total,9.063690413217446e-14,9.69595726009318e-14,1.14802182825069e-13,6.322668468757335e-15,2.416527869289453e-14,6.975821305124325,26.661632945510426
dpAGWP,agwp,2050,105,CO2 total,9.131377910819269e-14,9.778775107086643e-14,1.1601748347505156e-13,6.473971962673741e-15,2.4703704366858868e-14,7.0898083793061355,27.053643610115845
dpAGWP,agwp,2050,106,CO2 total,9.198912630317059e-14,9.86151611390454e-14,1.1723461641717262e-13,6.6260348358748065e-15,2.5245490114002023e-14,7.203063125132027,27.44399379422292
dpAGWP,agwp,2050,107,CO2 total,9.266297438029737e-14,9.94418109368834e-14,1.1845354276227293e-13,6.7788365565860295e-15,2.579056838197556e-14,7.315582736169314,27.832657600789602
dpAGWP,agwp,2050,108,CO2 total,9.333535240402367e-14,1.0026770854902969e-13,1.1967422198501315e-13,6.93235614500602e-15,2.633886958098948e-14,7.427363765658389,28.219606936260966
dpAGWP,agwp,2050,109,CO2 total,9.400628892815089e-14,1.0109286206967246e-13,1.208966097193261e-13,7.0865731415215736e-15,2.6890320791175214e-14,7.538403251869509,28.604810484251235
dpAGWP,agwp,2050,110,CO2 total,9.467581143408222e-14,1.0191727842207481e-13,1.2212066724281533e-13,7.241466987992587e-15,2.7444855808733104e-14,7.648698097543573,28.988244613928142
dpAGWP,agwp,2050,111,CO2 total,9.534394757742527e-14,1.0274096459854843e-13,1.2334635405661344e-13,7.397017021123157e-15,2.800240647918817e-14,7.758244974193371,29.369883658790673
dpAGWP,agwp,2050,112,CO2 total,9.601072456054397e-14,1.0356392766848301e-13,1.2457363462276922e-13,7.553203107939043e-15,2.856291006222525e-14,7.867041044124217,29.749707850828262
dpAGWP,agwp,2050,113,CO2 total,9.667616961524331e-14,1.0438617506443654e-13,1.258024796301625e-13,7.710005449193232e-15,2.9126310014919196e-14,7.975083704575699,30.127703787642346
dpAGWP,agwp,2050,114,CO2 total,9.734031001186668e-14,1.0520771483403919e-13,1.2703284900877332e-13,7.867404822172516e-15,2.9692538996906644e-14,8.082370829940244,30.503846755046137
dpAGWP,agwp,2050,115,CO2 total,9.800317168936178e-14,1.0602855470196442e-13,1.2826470527772453e-13,8.025383012602636e-15,3.026153358836275e-14,8.188901312337618,30.878116561657805
dpAGWP,agwp,2050,116,CO2 total,9.866477876786224e-14,1.0684870126734413e-13,1.2949801676141923e-13,8.183922499481895e-15,3.083323799355699e-14,8.294674757987314,31.250501322362666
dpAGWP,agwp,2050,117,CO2 total,9.932515430055005e-14,1.076681605507891e-13,1.3073275794927206e-13,8.343006250239043e-15,3.140760364872201e-14,8.39969120510376,31.620996584294335
dpAGWP,agwp,2050,118,CO2 total,9.998432101050294e-14,1.0848693820414413e-13,1.3196890359078966e-13,8.502617193641198e-15,3.198458258028673e-14,8.503950527151186,31.98959822603274
dpAGWP,agwp,2050,119,CO2 total,1.00642300636008e-13,1.0930503911483282e-13,1.332064248546889e-13,8.662738478824822e-15,3.2564124218680893e-14,8.607452755035142,32.356299501196055
dpAGWP,agwp,2050,120,CO2 total,1.0129911522026039e-13,1.1012246847019505e-13,1.3444530394086871e-13,8.823353249934664e-15,3.3146188720608326e-14,8.710197745310557,32.721103879867755
dpAGWP,agwp,2050,121,CO2 total,1.0195478628889348e-13,1.1093923129952123e-13,1.356855303302439e-13,8.984445010627753e-15,3.3730744041350413e-14,8.812185614483976,33.0840221132658
dpAGWP,agwp,2050,122,CO2 total,1.0260933454010148e-13,1.117553324445312e-13,1.3692709599006762e-13,9.145997904429721e-15,3.431776144996614e-14,8.913417035031358,33.44506774532698
dpAGWP,agwp,2050,123,CO2 total,1.0326278057334956e-13,1.1257077714644334e-13,1.3816998962108398e-13,9.307996573093786e-15,3.490720904773442e-14,9.013893022648306,33.80425052852335
dpAGWP,agwp,2050,124,CO2 total,1.0391514458820693e-13,1.1338557046101869e-13,1.3941419671614786e-13,9.470425872811762e-15,3.5499052127940927e-14,9.113614680844641,34.16157699497598
dpAGWP,agwp,2050,125,CO2 total,1.045664464794205e-13,1.1419971732790583e-13,1.4065970514609426e-13,9.633270848485332e-15,3.609325866667377e-14,9.21258316871391,34.517055787849884
dpAGWP,agwp,2050,126,CO2 total,1.0521670579189284e-13,1.1501322288161176e-13,1.4190650283295816e-13,9.796517089718914e-15,3.668979704106532e-14,9.310800044524635,34.87069545176004
dpAGWP,agwp,2050,127,CO2 total,1.0586594227544128e-13,1.1582609245100823e-13,1.4315457235791443e-13,9.960150175566953e-15,3.7288630082473153e-14,9.408266682832428,35.222498644045366
dpAGWP,agwp,2050,128,CO2 total,1.0651417435829015e-13,1.1663833070324638e-13,1.4440389170615202e-13,1.0124156344956235e-14,3.788971734786187e-14,9.504985046310184,35.572464957019925
dpAGWP,agwp,2050,129,CO2 total,1.0716141900572228e-13,1.174499413646652e-13,1.4565443575518884e-13,1.028852235894292e-14,3.849301674946656e-14,9.600957559542513,35.920592603771965
dpAGWP,agwp,2050,130,CO2 total,1.0780769383999538e-13,1.1826092824584645e-13,1.4690618327703973e-13,1.045323440585107e-14,3.909848943704436e-14,9.696185896866893,36.266882301622225
dpAGWP,agwp,2050,131,CO2 total,1.084530157275209e-13,1.1907129490326512e-13,1.4815911406197457e-13,1.0618279175744222e-14,3.970609833445367e-14,9.790672121485084,36.611336317481395
dpAGWP,agwp,2050,132,CO2 total,1.0909740070404196e-13,1.198810444360387e-13,1.494131963841336e-13,1.0783643731996731e-14,4.0315795680091645e-14,9.884418567634313,36.95394704174467
dpAGWP,agwp,2050,133,CO2 total,1.0974086508349728e-13,1.2069017991279798e-13,1.5066839940063448e-13,1.0949314829300708e-14,4.09275343171372e-14,9.977427115204375,37.294707205011676
dpAGWP,agwp,2050,134,CO2 total,1.1038342437457465e-13,1.2149870404047257e-13,1.5192470213143255e-13,1.1115279665897917e-14,4.15412777568579e-14,10.06969998337737,37.633619352025086
dpAGWP,agwp,2050,135,CO2 total,1.1102509403746475e-13,1.223066195665719e-13,1.5318208347913588e-13,1.1281525529107134e-14,4.215698944167113e-14,10.161239336847803,37.97068564287413
dpAGWP,agwp,2050,136,CO2 total,1.1166589077240628e-13,1.2311393010753745e-13,1.544405175078041e-13,1.144803933513117e-14,4.2774626735397824e-14,10.252046758364365,38.30590204360582
dpAGWP,agwp,2050,137,CO2 total,1.1230583116450635e-13,1.2392063955663056e-13,1.5569998285875507e-13,1.1614808392124208e-14,4.339415169424871e-14,10.342124065767125,38.63926854402124
dpAGWP,agwp,2050,138,CO2 total,1.1294493040901474e-13,1.2472675096237623e-13,1.5696045885692352e-13,1.1781820553361491e-14,4.401552844790878e-14,10.431473560340624,38.9707871690323
dpAGWP,agwp,2050,139,CO2 total,1.1358320325618528e-13,1.255322669212835e-13,1.5822192704282126e-13,1.194906366509821e-14,4.463872378663597e-14,10.520097446228267,39.30046213431221
dpAGWP,agwp,2050,140,CO2 total,1.142206608285789e-13,1.2633719054897596e-13,1.5948437320687816e-13,1.2116529720397059e-14,4.526371237829926e-14,10.60800176824525,39.62830546588286
dpAGWP,agwp,2050,141,CO2 total,1.1485730590086507e-13,1.2714152492641495e-13,1.6074777813757487e-13,1.2284219025549883e-14,4.5890472236709804e-14,10.695200387298447,39.954334534294674
dpAGWP,agwp,2050,142,CO2 total,1.154931348478866e-13,1.2794527222011831e-13,1.6201212615559287e-13,1.2452137372231705e-14,4.6518991307706264e-14,10.781712167248845,40.27857705046743
dpAGWP,agwp,2050,143,CO2 total,1.1612814288599788e-13,1.2874843414767125e-13,1.6327740209777143e-13,1.2620291261673372e-14,4.7149259211773554e-14,10.86755625986598,40.601061930405294
dpAGWP,agwp,2050,144,CO2 total,1.1676232641355557e-13,1.2955101258353375e-13,1.6454358665048937e-13,1.278868616997818e-14,4.7781260236933805e-14,10.952750397146483,40.92181245832613
dpAGWP,agwp,2050,145,CO2 total,1.173956831119331e-13,1.3035300973888797e-13,1.6581066016871638e-13,1.2957326626954883e-14,4.841497705678329e-14,11.037310984084892,41.24084955544842
dpAGWP,agwp,2050,146,CO2 total,1.1802821123193137e-13,1.3115442788652397e-13,1.6707860293626995e-13,1.3126216654592604e-14,4.9050391704338576e-14,11.121253569452923,41.55819290351871
dpAGWP,agwp,2050,147,CO2 total,1.1865990943880922e-13,1.3195526938870944e-13,1.6834739426112105e-13,1.329535994990022e-14,4.9687484822311826e-14,11.204593036333302,41.87386039421745
dpAGWP,agwp,2050,148,CO2 total,1.192907764128822e-13,1.327555365231874e-13,1.6961701468693791e-13,1.3464760110305198e-14,5.032623827405571e-14,11.287343846016865,42.18787050213296
dpAGWP,agwp,2050,149,CO2 total,1.1992081052625164e-13,1.3355523149100702e-13,1.7088744746724338e-13,1.363442096475538e-14,5.096663694099174e-14,11.369520356744665,42.50024388372086
dpAGWP,agwp,2050,150,CO2 total,1.2055000970513832e-13,1.3435435626031196e-13,1.7215867616298248e-13,1.3804346555173637e-14,5.160866645784416e-14,11.451136826067994,42.81100149562609
dpAGWP,agwp,2050,151,CO2 total,1.2117837127373177e-13,1.3515291247003525e-13,1.7343068652050892e-13,1.3974541196303479e-14,5.2252315246777146e-14,11.53220748010894,43.12016632798567
dpAGWP,agwp,2050,152,CO2 total,1.2180589263613952e-13,1.3595090191267551e-13,1.7470346745765738e-13,1.414500927653599e-14,5.2897574821517855e-14,11.612746288712142,43.427763367355574
dpAGWP,agwp,2050,153,CO2 total,1.22432570510341e-13,1.3674832581212447e-13,1.759770033924159e-13,1.431575530178347e-14,5.354443288207491e-14,11.692767081594779,43.73381417941592
dpAGWP,agwp,2050,154,CO2 total,1.2305840119193424e-13,1.3754518487158446e-13,1.7725127777240685e-13,1.448678367965022e-14,5.419287658047261e-14,11.77228335435236,44.03833956525078
dpAGWP,agwp,2050,155,CO2 total,1.236833811355205e-13,1.383414799568291e-13,1.7852627773019334e-13,1.4658098821308596e-14,5.484289659467284e-14,11.85130830571946,44.341362672306964
dpAGWP,agwp,2050,156,CO2 total,1.2430750616669013e-13,1.391372117606838e-13,1.7980198810640777e-13,1.4829705593993677e-14,5.5494481939717635e-14,11.929855284931696,44.642905043322415
dpAGWP,agwp,2050,157,CO2 total,1.2493077261586463e-13,1.39932381018004e-13,1.8107839387920828e-13,1.5001608402139378e-14,5.614762126334364e-14,12.007936946220697,44.94298729423979
dpAGWP,agwp,2050,158,CO2 total,1.2555317719491893e-13,1.407269886488251e-13,1.8235548384992558e-13,1.5173811453906174e-14,5.6802306655006655e-14,12.085565489393487,45.241632210407666
dpAGWP,agwp,2050,159,CO2 total,1.2617471658816506e-13,1.415210358058963e-13,1.836332426754805e-13,1.5346319217731232e-14,5.745852608731543e-14,12.162753071854878,45.538858846705686
dpAGWP,agwp,2050,160,CO2 total,1.267953882794477e-13,1.423145239591488e-13,1.8491164806596543e-13,1.551913567970109e-14,5.811625978651773e-14,12.239511144914873,45.83467945887257
dpAGWP,agwp,2050,161,CO2 total,1.2741518935601558e-13,1.4310745409227307e-13,1.861906802267968e-13,1.5692264736257492e-14,5.877549087078121e-14,12.315850893107527,46.12910844291444
dpAGWP,agwp,2050,162,CO2 total,1.280341169070411e-13,1.4389982707847763e-13,1.8747032576751967e-13,1.586571017143653e-14,5.943620886047857e-14,12.39178318616107,46.42216488565474
dpAGWP,agwp,2050,163,CO2 total,1.2865216810783648e-13,1.4469164372920818e-13,1.8875056867563488e-13,1.60394756213717e-14,6.00984005677984e-14,12.467318551466137,46.71386534070985
dpAGWP,agwp,2050,164,CO2 total,1.2926933878159745e-13,1.4548290387124362e-13,1.9003139305563054e-13,1.6213565089646175e-14,6.07620542740331e-14,12.542467720856255,47.00422764341011
dpAGWP,agwp,2050,165,CO2 total,1.298856254614097e-13,1.4627360760058013e-13,1.9131278564679412e-13,1.6387982139170428e-14,6.142716018538441e-14,12.617240807790125,47.293270496383776
dpAGWP,agwp,2050,166,CO2 total,1.305010254226973e-13,1.470637551897224e-13,1.9259473082709866e-13,1.6562729767025098e-14,6.209370540440135e-14,12.691647221451207,47.5810095769575
dpAGWP,agwp,2050,167,CO2 total,1.311155350262473e-13,1.4785334618610899e-13,1.9387721337527832e-13,1.6737811159861674e-14,6.2761678349031e-14,12.76569641920084,47.867461576133664
dpAGWP,agwp,2050,168,CO2 total,1.3172915114138144e-13,1.4864238027248347e-13,1.9516021708445358e-13,1.6913229131102037e-14,6.343106594307215e-14,12.839397342619716,48.15264153261965
dpAGWP,agwp,2050,169,CO2 total,1.3234187128769716e-13,1.4943085712662835e-13,1.9644372269398153e-13,1.7088985838931187e-14,6.410185140628437e-14,12.912758201659058,48.43656114468396
dpAGWP,agwp,2050,170,CO2 total,1.329536936680514e-13,1.5021877663551062e-13,1.9772770370030078e-13,1.7265082967459217e-14,6.477401003224937e-14,12.985786623247456,48.71922565308502
dpAGWP,agwp,2050,171,CO2 total,1.3356461716399993e-13,1.5100613910832242e-13,1.9901213685825794e-13,1.744152194432249e-14,6.544751969425802e-14,13.05848982661821,49.00064184955287
dpAGWP,agwp,2050,172,CO2 total,1.341746410897818e-13,1.5179294497719237e-13,2.0029699925220055e-13,1.7618303887410573e-14,6.612235816241875e-14,13.1308746155851,49.28081612543577
dpAGWP,agwp,2050,173,CO2 total,1.3478376473639611e-13,1.5257919437684198e-13,2.0158226629796967e-13,1.779542964044587e-14,6.679850156157356e-14,13.20294745828576,49.559753500145206
dpAGWP,agwp,2050,174,CO2 total,1.353919873455466e-13,1.5336488739133239e-13,2.0286792289320242e-13,1.7972900045785796e-14,6.747593554765583e-14,13.274714699264642,49.83746591697791
dpAGWP,agwp,2050,175,CO2 total,1.3599930822800425e-13,1.5415002394025147e-13,2.041539529948563e-13,1.815071571224722e-14,6.815464476685205e-14,13.346182380440757,50.11396429501691
dpAGWP,agwp,2050,176,CO2 total,1.3660572569128062e-13,1.5493460299202757e-13,2.0544033971615383e-13,1.832887730074695e-14,6.883461402487321e-14,13.41735656246864,50.38925980338088
dpAGWP,agwp,2050,177,CO2 total,1.372112383614554e-13,1.5571862354289005e-13,2.0672706783245265e-13,1.850738518143465e-14,6.951582947099724e-14,13.488242947476845,50.66336424125244
dpAGWP,agwp,2050,178,CO2 total,1.3781584521574553e-13,1.5650208454923446e-13,2.0801412429500586e-13,1.8686239333488937e-14,7.019827907926033e-14,13.558846810565456,50.936290358606854
dpAGWP,agwp,2050,179,CO2 total,1.384195459512587e-13,1.5728498517666977e-13,2.0930149474753418e-13,1.8865439225411078e-14,7.088194879627549e-14,13.62917288578169,51.208048913290725
dpAGWP,agwp,2050,180,CO2 total,1.3902234130664427e-13,1.5806732515140063e-13,2.1058915691395762e-13,1.9044983844756363e-14,7.156681560731336e-14,13.69922536604996,51.4786436012159
dpAGWP,agwp,2050,181,CO2 total,1.396242317354781e-13,1.588491038439912e-13,2.1187709104350749e-13,1.922487210851308e-14,7.225285930802937e-14,13.769008337274236,51.74808012187625
dpAGWP,agwp,2050,182,CO2 total,1.4022521816859612e-13,1.596303207169446e-13,2.1316528040379733e-13,1.9405102548348475e-14,7.29400622352012e-14,13.838525481926695,52.016365663630936
dpAGWP,agwp,2050,183,CO2 total,1.408253014306176e-13,1.604109750814178e-13,2.144537089027741e-13,1.9585673650800185e-14,7.36284074721565e-14,13.907780385934226,52.28350781015871
dpAGWP,agwp,2050,184,CO2 total,1.4142448237406197e-13,1.6119106604380388e-13,2.1574236170055124e-13,1.9766583669741915e-14,7.431787932648927e-14,13.976776395376941,52.549514821572075
dpAGWP,agwp,2050,185,CO2 total,1.4202276207694613e-13,1.6197059258379941e-13,2.1703122194365128e-13,1.9947830506853285e-14,7.500845986670515e-14,14.045516518011251,52.814393108385346
dpAGWP,agwp,2050,186,CO2 total,1.4262014090387067e-13,1.6274955310558893e-13,2.1832027506420488e-13,2.0129412201718262e-14,7.570013416033421e-14,14.114003866596905,53.07815129095819
dpAGWP,agwp,2050,187,CO2 total,1.4321661979843195e-13,1.6352794638322223e-13,2.196095077745265e-13,2.031132658479028e-14,7.639288797609456e-14,14.18224128832055,53.3407980747015
dpAGWP,agwp,2050,188,CO2 total,1.43812200234965e-13,1.643057713547373e-13,2.2089890729478293e-13,2.04935711197723e-14,7.708670705981794e-14,14.250231264308066,53.60234175812011
dpAGWP,agwp,2050,189,CO2 total,1.4440688347557662e-13,1.6508302655290545e-13,2.2218846001949878e-13,2.067614307732883e-14,7.778157654392216e-14,14.317976110069408,53.86279010520803
dpAGWP,agwp,2050,190,CO2 total,1.45000671275171e-13,1.6585971063498242e-13,2.2347814879489432e-13,2.0859039359811426e-14,7.847747751972333e-14,14.385477788738484,54.12214773185076
dpAGWP,agwp,2050,191,CO2 total,1.455935655181593e-13,1.666358222506642e-13,2.2476795926979776e-13,2.1042256732504886e-14,7.917439375163845e-14,14.452738112166344,54.380420913425155
dpAGWP,agwp,2050,192,CO2 total,1.461855688442905e-13,1.6741136044966523e-13,2.2605788006221417e-13,2.122579160537472e-14,7.987231121792366e-14,14.519758532378365,54.6376170024003
dpAGWP,agwp,2050,193,CO2 total,1.467766838638103e-13,1.6818632418487266e-13,2.2734789459039261e-13,2.140964032106237e-14,8.057121072658232e-14,14.58654042145259,54.893739663271
dpAGWP,agwp,2050,194,CO2 total,1.4736691303768796e-13,1.6896071219257038e-13,2.2863798482835094e-13,2.1593799154882416e-14,8.127107179066297e-14,14.653085085225314,55.148791621819825
dpAGWP,agwp,2050,195,CO2 total,1.4795625821192584e-13,1.697345227027265e-13,2.2992813865268547e-13,2.1778264490800648e-14,8.197188044075963e-14,14.719393930337471,55.40278014015928
dpAGWP,agwp,2050,196,CO2 total,1.4854472122076849e-13,1.705077538383066e-13,2.312183435675061e-13,2.1963032617538112e-14,8.267362234673762e-14,14.78546826641955,55.65571207600662
dpAGWP,agwp,2050,197,CO2 total,1.4913230474260847e-13,1.7128040408919642e-13,2.32508586922896e-13,2.214809934658795e-14,8.337628218028753e-14,14.851308966768778,55.90759314300744
dpAGWP,agwp,2050,198,CO2 total,1.4971901084247902e-13,1.7205247136437013e-13,2.33798856520319e-13,2.2333460521891114e-14,8.407984567783998e-14,14.916916960791566,56.15842985117053
dpAGWP,agwp,2050,199,CO2 total,1.5030484196932308e-13,1.7282395371882793e-13,2.3508913511969743e-13,2.2519111749504853e-14,8.478429315037435e-14,14.982292955073904,56.40822480467972
dpAGWP,agwp,2050,200,CO2 total,1.5088980060165337e-13,1.7359484956503244e-13,2.3637940380580403e-13,2.270504896337907e-14,8.548960320415066e-14,15.047437847253859,56.6569793738689
dpAGWP,agwp_final,2050,0,CH4 total,0.0,0.0,0.0,0.0,0.0,,
dpAGWP,agwp_final,2050,1,CH4 total,2.344499444695589e-13,2.0208145178461487e-13,1.8784826267140734e-13,-3.2368492684944005e-14,-4.6601681798151533e-14,-13.806142184498043,-19.877028294285786
dpAGWP,agwp_final,2050,2,CH4 total,4.4975650249540407e-13,3.90200396229339e-13,3.6238746703772966e-13,-5.955610626606507e-14,-8.736903545767442e-14,-13.241855523072433,-19.42585264980515
dpAGWP,agwp_final,2050,3,CH4 total,6.474622642086461e-13,5.653277692688779e-13,5.246097602712138e-13,-8.213449493976819e-14,-1.2285250393743228e-13,-12.68560339036225,-18.974465498400505
dpAGWP,agwp_final,2050,4,CH4 total,8.289440029398773e-13,7.283294227903432e-13,6.753961933506036e-13,-1.0061458014953417e-13,-1.5354780958927374e-13,-12.137681169379503,-18.52330302706954
dpAGWP,agwp_final,2050,5,CH4 total,9.954526187015902e-13,8.799938497852238e-13,8.155421483186665e-13,-1.154587689163664e-13,-1.7991047038292375e-13,-11.598620240405214,-18.073232919673103
dpAGWP,agwp_final,2050,6,CH4 total,1.1481372840216605e-12,1.0210492964462812e-12,9.457743197856531e-13,-1.2708798757537932e-13,-2.023629642360074e-13,-11.069058495358618,-17.625328177408935
dpAGWP,agwp_final,2050,7,CH4 total,1.2880648236707064e-12,1.1521777720512257e-12,1.0667654882444948e-12,-1.3588705161948075e-13,-2.2129933542621165e-13,-10.549705971492337,-17.180760731867235
dpAGWP,agwp_final,2050,8,CH4 total,1.416228336086971e-12,1.274021000556739e-12,1.1791417292356772e-12,-1.4220733553023187e-13,-2.370866068512937e-13,-10.041271729045457,-16.74070492801763
dpAGWP,agwp_final,2050,9,CH4 total,1.5335527913995595e-12,1.3871839160703238e-12,1.2834872197181434e-12,-1.4636887532923572e-13,-2.5006557168141604e-13,-9.544430172218313,-16.306290405118677
dpAGWP,agwp_final,2050,10,CH4 total,1.64089446503628e-12,1.4922364409569563e-12,1.3803591451231268e-12,-1.486580240793237e-13,-2.605353199131532e-13,-9.05957252260199,-15.877640242231713
dpAGWP,agwp_final,2050,11,CH4 total,1.7390484008215659e-12,1.5897183872309943e-12,1.4702907135026037e-12,-1.4933001359057154e-13,-2.687576873189622e-13,-8.586880820569725,-15.454295992681685
dpAGWP,agwp_final,2050,12,CH4 total,1.8287547080647732e-12,1.6801398703760996e-12,1.5537783125219741e-12,-1.486148376886736e-13,-2.749763955427991e-13,-8.126559403143844,-15.036264531823676
dpAGWP,agwp_final,2050,13,CH4 total,1.9106984706042417e-12,1.7639797652524875e-12,1.631281740395316e-12,-1.4671870535175422e-13,-2.794167302089257e-13,-7.678799538964183,-14.623800380211883
dpAGWP,agwp_final,2050,14,CH4 total,1.9855130492430003e-12,1.8416870192983376e-12,1.7032268458333376e-12,-1.4382602994466268e-13,-2.8228620340966275e-13,-7.243771578308085,-14.21729278068898
dpAGWP,agwp_final,2050,15,CH4 total,2.0537840333965125e-12,1.9136827059072517e-12,1.7700086647095516e-12,-1.4010132748926085e-13,-2.83775368686961e-13,-6.821619275010319,-13.817196164372659
dpAGWP,agwp_final,2050,16,CH4 total,2.11605364741245e-12,1.98036265606755e-12,1.8319949228617863e-12,-1.3569099134489984e-13,-2.840587245506636e-13,-6.412455162033597,-13.423985015598063
dpAGWP,agwp_final,2050,17,CH4 total,2.172821779351898e-12,2.0420970675263823e-12,1.8895265011049533e-12,-1.3072471182551576e-13,-2.8329527824694473e-13,-6.01635684379544,-13.038127698234186
dpAGWP,agwp_final,2050,18,CH4 total,2.224548040562835e-12,2.099231097569642e-12,1.9429186663038094e-12,-1.2531694299319292e-13,-2.8162937425902543e-13,-5.633366450539156,-12.660071579653104
dpAGWP,agwp_final,2050,19,CH4 total,2.271656549193216e-12,2.1520881316459896e-12,1.9924647282369686e-12,-1.1956841754722624e-13,-2.791918209562472e-13,-5.263490098874817,-12.29023027514449
dpAGWP,agwp_final,2050,20,CH4 total,2.3145384375082054e-12,2.2009686869414654e-12,2.0384403955175674e-12,-1.1356975056674004e-13,-2.76098041990638e-13,-4.906799071740947,-11.928859660152401
dpAGWP,agwp_final,2050,21,CH4 total,2.3535534293165735e-12,2.2461513822165483e-12,2.0811037782567266e-12,-1.0740204710002523e-13,-2.724496510598469e-13,-4.563399571141782,-11.576097982995908
dpAGWP,agwp_final,2050,22,CH4 total,2.3890318263038138e-12,2.2878966349831746e-12,2.1206932250484585e-12,-1.0113519132063917e-13,-2.6833860125535527e-13,-4.233312851135612,-11.232106592339326
dpAGWP,agwp_final,2050,23,CH4 total,2.421276761141239e-12,2.326447728700166e-12,2.1574290280665745e-12,-9.482903244107299e-14,-2.6384773307466434e-13,-3.9164887700147295,-10.897049742892795
dpAGWP,agwp_final,2050,24,CH4 total,2.4505664232336355e-12,2.3620319621660603e-12,2.191515074091881e-12,-8.853446106757519e-14,-2.5905134914175464e-13,-3.6128162137613016,-10.571080493297726
dpAGWP,agwp_final,2050,25,CH4 total,2.4771556069623366e-12,2.3948611800550445e-12,2.223139791074273e-12,-8.229442690729207e-14,-2.540158158880637e-13,-3.32213392957608,-10.2543342523224
dpAGWP,agwp_final,2050,26,CH4 total,2.50127778664251e-12,2.425132967155874e-12,2.252477642356888e-12,-7.614481948663611e-14,-2.4880014428562226e-13,-3.044236825404589,-9.946921753924387
dpAGWP,agwp_final,2050,27,CH4 total,2.5231466889537654e-12,2.4530313818318455e-12,2.2796901119720443e-12,-7.011530712191988e-14,-2.434565769817211e-13,-2.778883504034144,-9.648926796351722
dpAGWP,agwp_final,2050,28,CH4 total,2.5429576351657752e-12,2.4787275153777675e-12,2.3049264526143386e-12,-6.423011978800775e-14,-2.3803118255143664e-13,-2.525803768800128,-9.360406923803094
dpAGWP,agwp_final,2050,29,CH4 total,2.560889302207283e-12,2.50238060500753e-12,2.3283249228835327e-12,-5.850869719975288e-14,-2.325643793237503e-13,-2.284702316079146,-9.081391340238653
dpAGWP,agwp_final,2050,30,CH4 total,2.5771054995495787e-12,2.5241389248874065e-12,2.3500154834875867e-12,-5.2966574662172216e-14,-2.27090016061992e-13,-2.055273820626653,-8.81182458776648
dpAGWP,agwp_final,2050,31,CH4 total,2.5917566616999915e-12,2.54414094158507e-12,2.3701204475948547e-12,-4.7615720114921424e-14,-2.216362141051368e-13,-1.8371987161668644,-8.55158269217144
dpAGWP,agwp_final,2050,32,CH4 total,2.6049804239001114e-12,2.5625157955224894e-12,2.388752871315383e-12,-4.246462837762204e-14,-2.1622755258472856e-13,-1.6301323414187143,-8.30054424213285
dpAGWP,agwp_final,2050,33,CH4 total,2.6169024743108864e-12,2.579383628103601e-12,2.406017150581984e-12,-3.7518846207285377e-14,-2.1088532372890234e-13,-1.43371205368153,-8.058585514709911
dpAGWP,agwp_final,2050,34,CH4 total,2.6276375582714423e-12,2.594856147237301e-12,2.4220097811107337e-12,-3.2781411034141236e-14,-2.0562777716070858e-13,-1.2475621278494005,-7.825576115450953
dpAGWP,agwp_final,2050,35,CH4 total,2.6372903367863473e-12,2.6090370773474217e-12,2.436819946700266e-12,-2.825325943892552e-14,-2.004703900860813e-13,-1.0712987889438574,-7.601377341349651
dpAGWP,agwp_final,2050,36,CH4 total,2.6459564028614905e-12,2.62202288650467e-12,2.450530354771018e-12,-2.393351635682037e-14,-1.9542604809047239e-13,-0.9045317727433937,-7.385837796840769
dpAGWP,agwp_final,2050,37,CH4 total,2.6537228365620214e-12,2.6339029598737775e-12,2.4632174647683205e-12,-1.9819876688243863e-14,-1.9050537179370085e-13,-0.7468706383037769,-7.178796864879317
dpAGWP,agwp_final,2050,38,CH4 total,2.6606689599514234e-12,2.6447600976887437e-12,2.4749520210971337e-12,-1.590886226267977e-14,-1.8571693885428973e-13,-0.5979271567467087,-6.980084394177336
dpAGWP,agwp_final,2050,39,CH4 total,2.666867181297459e-12,2.6546711980031132e-12,2.4857997674059097e-12,-1.2195983294345977e-14,-1.810674138915495e-13,-0.45731498665833453,-6.789517496835305
dpAGWP,agwp_final,2050,40,CH4 total,2.6723831876881087e-12,2.663707320020651e-12,2.495821071892228e-12,-8.675867667457825e-15,-1.7656211579588077e-13,-0.32464908877694887,-6.606916126748481
dpAGWP,agwp_final,2050,41,CH4 total,2.6772767329427884e-12,2.671934331108246e-12,2.5050716869600543e-12,-5.342401834542233e-15,-1.7220504598273404e-13,-0.19954611971210062,-6.4320973571324105
dpAGWP,agwp_final,2050,42,CH4 total,2.68160239302089e-12,2.6794133364779336e-12,2.5136036772883748e-12,-2.1890565429565094e-15,-1.6799871573251536e-13,-0.08163240563380032,-6.264862985271308
dpAGWP,agwp_final,2050,43,CH4 total,2.6854099600802e-12,2.686200937006068e-12,2.521465605095513e-12,7.909769258677082e-16,-1.639443549846872e-13,0.02945460609835846,-6.105002864433815
dpAGWP,agwp_final,2050,44,CH4 total,2.6887448881253834e-12,2.6923495954709657e-12,2.5287028306524587e-12,3.604707345582339e-15,-1.600420574729247e-13,0.13406654389199316,-5.952296113318041
dpAGWP,agwp_final,2050,45,CH4 total,2.6916485717186857e-12,2.6979077835864975e-12,2.5353575691779293e-12,6.259211867811834e-15,-1.5629100254075644e-13,0.23254194227202435,-5.806515909354418
dpAGWP,agwp_final,2050,46,CH4 total,2.694158714678362e-12,2.702920286369165e-12,2.5414691217741745e-12,8.761571690803128e-15,-1.5268959290418742e-13,0.3252062190348394,-5.667431249402693
dpAGWP,agwp_final,2050,47,CH4 total,2.6963096860601597e-12,2.707428523810747e-12,2.54707414197311e-12,1.1118837750587452e-14,-1.4923554408704978e-13,0.41237242917872197,-5.534807253728793
dpAGWP,agwp_final,2050,48,CH4 total,2.698132782200938e-12,2.711470748060173e-12,2.5522067616628333e-12,1.3337965859235051e-14,-1.4592602053810467e-13,0.49434060277622516,-5.408407677366752
dpAGWP,agwp_final,2050,49,CH4 total,2.699656445038126e-12,2.7150821826862832e-12,2.5568986466024867e-12,1.5425737648157044e-14,-1.4275779843563953e-13,0.5713963225398183,-5.287998726579575
dpAGWP,agwp_final,2050,50,CH4 total,2.7009066183776834e-12,2.718295365421135e-12,2.561178639607467e-12,1.738874704345159e-14,-1.3972797877021642e-13,0.6438114863036712,-5.173373185858048
dpAGWP,agwp_final,2050,51,CH4 total,2.7019069727871263e-12,2.721140340012625e-12,2.565073056663999e-12,1.9233367225498695e-14,-1.368339161231272e-13,0.7118441685525057,-5.064345941636084
dpAGWP,agwp_final,2050,52,CH4 total,2.7026790693459784e-12,2.7236448239403403e-12,2.56860660407601e-12,2.096575459436189e-14,-1.3407246526996843e-13,0.7757397033246495,-4.960724593261183
dpAGWP,agwp_final,2050,53,CH4 total,2.703242561199114e-12,2.7258344127901332e-12,2.571802489543702e-12,2.259185159101937e-14,-1.3144007165541206e-13,0.8357315734551766,-4.8623114160020995
dpAGWP,agwp_final,2050,54,CH4 total,2.703615357786996e-12,2.727732742613154e-12,2.574682505073661e-12,2.4117384826157864e-14,-1.2893285271333534e-13,0.8920420116972108,-4.7689051751382046
dpAGWP,agwp_final,2050,55,CH4 total,2.7038137801470156e-12,2.7293616446621923e-12,2.5772671091854194e-12,2.5547864515176767e-14,-1.265466709615962e-13,0.9448825471178581,-4.6803027594125
dpAGWP,agwp_final,2050,56,CH4 total,2.703852679978786e-12,2.730741247678946e-12,2.5795754555249194e-12,2.688856770016026e-14,-1.2427722445386649e-13,0.994453873144125,-4.596301617099995
dpAGWP,agwp_final,2050,57,CH4 total,2.703745585643201e-12,2.731890135714827e-12,2.5816255001334006e-12,2.814455007162637e-14,-1.2212008550980015e-13,1.0409466860000807,-4.516700319669638
dpAGWP,agwp_final,2050,58,CH4 total,2.7035047995134695e-12,2.7328254238071066e-12,2.583434005715742e-12,2.932062429363711e-14,-1.2007079379772744e-13,1.0845412332507691,-4.441301299680908
dpAGWP,agwp_final,2050,59,CH4 total,2.70314152420711e-12,2.733562900135695e-12,2.585016647752965e-12,3.042137592858513e-14,-1.1812487645414504e-13,1.1254081836321308,-4.369910912777445
dpAGWP,agwp_final,2050,60,CH4 total,2.70266596696848e-12,2.7341171381364517e-12,2.5863880910291846e-12,3.1451171167971615e-14,-1.1627787593929546e-13,1.1637091506076753,-4.302339888111359
dpAGWP,agwp_final,2050,61,CH4 total,2.702087422041134e-12,2.734501573658594e-12,2.5875620231336248e-12,3.2414151617459834e-14,-1.1452539890750937e-13,1.1995967026475576,-4.238404648691856
dpAGWP,agwp_final,2050,62,CH4 total,2.7014143577705944e-12,2.734728601200219e-12,2.5885512228833787e-12,3.331424342962444e-14,-1.1286313488721572e-13,1.2332148651611448,-4.17792755719114
dpAGWP,agwp_final,2050,63,CH4 total,2.7006544981317617e-12,2.7348096632984195e-12,2.5893676238998172e-12,3.415516516665779e-14,-1.1128687423194446e-13,1.264699545620715,-4.120737188297491
dpAGWP,agwp_final,2050,64,CH4 total,2.699814906661607e-12,2.734755360642973e-12,2.590022422165703e-12,3.4940453981366204e-14,-1.0979248449590408e-13,1.2941796082076977,-4.066667097251693
dpAGWP,agwp_final,2050,65,CH4 total,2.6989020429674685e-12,2.7345755128649798e-12,2.590526117026032e-12,3.5673469897511325e-14,-1.0837592594143661e-13,1.3217771274976695,-4.015556111931956
dpAGWP,agwp_final,2050,66,CH4 total,2.6979218057529762e-12,2.7342791961666494e-12,2.5908885221028585e-12,3.635739041367319e-14,-1.0703328365011774e-13,1.3476072707572795,-3.9672492887630333
dpAGWP,agwp_final,2050,67,CH4 total,2.6968795815684032e-12,2.733874793717636e-12,2.5911187965421686e-12,3.6995212149232614e-14,-1.0576078502623458e-13,1.371778421330833,-3.9215983445848965
dpAGWP,agwp_final,2050,68,CH4 total,2.6957802872351893e-12,2.7333700368692814e-12,2.591225464672157e-12,3.758974963409203e-14,-1.0455482256303216e-13,1.3943921844107086,-3.8784623160170186
dpAGWP,agwp_final,2050,69,CH4 total,2.6946284178678413e-12,2.7327720663780176e-12,2.591216470446785e-12,3.814364851017639e-14,-1.0341194742105621e-13,1.4155439116298654,-3.8377071486124312
dpAGWP,agwp_final,2050,70,CH4 total,2.693428082860212e-12,2.732087470688124e-12,2.5910992016910303e-12,3.865938782791189e-14,-1.0232888116918186e-13,1.4353228168193233,-3.799205994040001
dpAGWP,agwp_final,2050,71,CH4 total,2.692183044273944e-12,2.7313223359196988e-12,2.590880535761094e-12,3.9139291645754676e-14,-1.0130250851284992e-13,1.4538124266476156,-3.762838813219338
dpAGWP,agwp_final,2050,72,CH4 total,2.690896747441231e-12,2.730482281725309e-12,2.5905668661090994e-12,3.958553428407817e-14,-1.0032988133213157e-13,1.4710907923806436,-3.7284924227410463
dpAGWP,agwp_final,2050,73,CH4 total,2.689572353867594e-12,2.7295725091377874e-12,2.5901641536435815e-12,4.000015527019338e-14,-9.940820022401251e-14,1.4872310541366667,-3.6960597130270147
dpAGWP,agwp_final,2050,74,CH4 total,2.688212769276772e-12,2.728597839870463e-12,2.589677966023349e-12,4.0385070593690845e-14,-9.853480325342285e-14,1.5023018659551979,-3.6654391489975824
dpAGWP,agwp_final,2050,75,CH4 total,2.6868206665430727e-12,2.72756274818405e-12,2.5891135086742663e-12,4.074208164097721e-14,-9.770715786880636e-14,1.5163677333700483,-3.636534402369277
dpAGWP,agwp_final,2050,76,CH4 total,2.6853985023915522e-12,2.7264713780663704e-12,2.5884756318339475e-12,4.1072875674818214e-14,-9.692287055760471e-14,1.5294890362916225,-3.6092546589002525
dpAGWP,agwp_final,2050,77,CH4 total,2.683948533563499e-12,2.725327560373815e-12,2.587768837085724e-12,4.1379026810316087e-14,-9.617969647777481e-14,1.5417220670538283,-3.583514932384948
dpAGWP,agwp_final,2050,78,CH4 total,2.6824728375833457e-12,2.724134845176011e-12,2.5869973133914235e-12,4.1662007592665387e-14,-9.547552419192225e-14,1.5531194578730165,-3.559235450746881
dpAGWP,agwp_final,2050,79,CH4 total,2.6809733256779645e-12,2.7228965151923005e-12,2.586164944414621e-12,4.192318951433596e-14,-9.480838126334369e-14,1.5637301987603485,-3.536341833590177
dpAGWP,agwp_final,2050,80,CH4 total,2.679451758209171e-12,2.7216156083828803e-12,2.585275330753442e-12,4.2163850173709236e-14,-9.417642745572906e-14,1.5735998994768137,-3.5147648084051526
dpAGWP,agwp_final,2050,81,CH4 total,2.677909756813817e-12,2.7202949316368153e-12,2.5843317950918976e-12,4.238517482299812e-14,-9.357796172191963e-14,1.5827708426376583,-3.4944404487049963
dpAGWP,agwp_final,2050,82,CH4 total,2.6763488178268736e-12,2.7189370833443695e-12,2.5833374101569547e-12,4.2588265517495835e-14,-9.301140766991896e-14,1.591282318426505,-3.4753096102563283
dpAGWP,agwp_final,2050,83,CH4 total,2.6747703261900537e-12,2.7175444792739545e-12,2.5822950336572125e-12,4.277415308390078e-14,-9.247529253284123e-14,1.5991710639630257,-3.4573171246655465
dpAGWP,agwp_final,2050,84,CH4 total,2.673175563675751e-12,2.716119362888526e-12,2.581207314227162e-12,4.2943799212774866e-14,-9.196824944858907e-14,1.60647133679933,-3.440411871868531
dpAGWP,agwp_final,2050,85,CH4 total,2.671565718957885e-12,2.7146638262983394e-12,2.580076724345768e-12,4.3098107340454274e-14,-9.148899461211695e-14,1.6132153154467723,-3.424545911893369
dpAGWP,agwp_final,2050,86,CH4 total,2.669941892267865e-12,2.7131798139634734e-12,2.5789055620608695e-12,4.323792169560827e-14,-9.103633020699561e-14,1.6194330603532991,-3.409674587699315
dpAGWP,agwp_final,2050,87,CH4 total,2.668305100271423e-12,2.7116691235799048e-12,2.5776959435420853e-12,4.3364023308481715e-14,-9.060915672933771e-14,1.6251523599782751,-3.395756981468155
dpAGWP,agwp_final,2050,88,CH4 total,2.66665628568663e-12,2.7101334261629075e-12,2.5764498329528297e-12,4.347714047627753e-14,-9.020645273380027e-14,1.6303991147881558,-3.3827551461351253
dpAGWP,agwp_final,2050,89,CH4 total,2.6649963233816643e-12,2.708574278106081e-12,2.5751690602033723e-12,4.3577954724416754e-14,-8.982726317829201e-14,1.6351975551365812,-3.3706336624250386
dpAGWP,agwp_final,2050,90,CH4 total,2.6633260253639468e-12,2.706993124699955e-12,2.5738553217276584e-12,4.3667099336008124e-14,-8.947070363628842e-14,1.6395701810498757,-3.3593597923882466
dpAGWP,agwp_final,2050,91,CH4 total,2.6616461478853005e-12,2.705391304234741e-12,2.5725101791701123e-12,4.374515634944052e-14,-8.91359687151882e-14,1.6435376424547041,-3.348903789709517
dpAGWP,agwp_final,2050,92,CH4 total,2.6599573992573805e-12,2.703770057847933e-12,2.5711350709667686e-12,4.381265859055249e-14,-8.882232829061187e-14,1.6471188073457235,-3.339238753049568
dpAGWP,agwp_final,2050,93,CH4 total,2.658260446434539e-12,2.7021305422029417e-12,2.5697313331408423e-12,4.3870095768402835e-14,-8.852911329369648e-14,1.6503309834536621,-3.3303400880992853
dpAGWP,agwp_final,2050,94,CH4 total,2.6565559192499568e-12,2.7004738385327228e-12,2.568300210309772e-12,4.3917919282766e-14,-8.825570894018483e-14,1.653190093403554,-3.322185251236972
dpAGWP,agwp_final,2050,95,CH4 total,2.6548444117569827e-12,2.6988009559607143e-12,2.566842857611569e-12,4.395654420373156e-14,-8.800155414541374e-14,1.6557107455740132,-3.3147537292844245
dpAGWP,agwp_final,2050,96,CH4 total,2.6531264837040068e-12,2.697112835737257e-12,2.5653603474377354e-12,4.3986352033250346e-14,-8.776613626627136e-14,1.6579063344104645,-3.308026843248793
dpAGWP,agwp_final,2050,97,CH4 total,2.6514026622830102e-12,2.6954103559563623e-12,2.563853673267271e-12,4.4007693673352116e-14,-8.754898901573919e-14,1.6597891485655731,-3.3019876709467613
dpAGWP,agwp_final,2050,98,CH4 total,2.649673443104315e-12,2.693694334002038e-12,2.5623237487361788e-12,4.402089089772288e-14,-8.734969436813621e-14,1.6613704232982276,-3.296621121197437
dpAGWP,agwp_final,2050,99,CH4 total,2.6479392922809853e-12,2.6919655326586562e-12,2.5607714169641833e-12,4.402624037767089e-14,-8.7167875316802e-14,1.6626604887057608,-3.291913661725754
dpAGWP,agwp_final,2050,100,CH4 total,2.6462006482110403e-12,2.6902246645518963e-12,2.5591974578105346e-12,4.4024016340856e-14,-8.700319040050574e-14,1.66366886693261,-3.2878531134562343
dpAGWP,agwp_final,2050,101,CH4 total,2.6444579224064263e-12,2.6884723927449313e-12,2.5576025870160103e-12,4.401447033850493e-14,-8.685533539041603e-14,1.6644042609100118,-3.2844287161649626
dpAGWP,agwp_final,2050,102,CH4 total,2.6427115009659598e-12,2.6867093346411317e-12,2.55598746017207e-12,4.399783367517196e-14,-8.672404079388991e-14,1.664874643300638,-3.281631035479683
dpAGWP,agwp_final,2050,103,CH4 total,2.6409617460698253e-12,2.6849360657895e-12,2.554352677678726e-12,4.3974319719674724e-14,-8.660906839109918e-14,1.665087341197409,-3.2794518330296665
dpAGWP,agwp_final,2050,104,CH4 total,2.6392089978474812e-12,2.6831531239573862e-12,2.5526987922811507e-12,4.3944126109905e-14,-8.65102055663305e-14,1.6650491168280153,-3.277883852202973
dpAGWP,agwp_final,2050,105,CH4 total,2.6374535762019543e-12,2.681361014174708e-12,2.5510263187330783e-12,4.390743797275361e-14,-8.642725746887597e-14,1.6647662870328963,-3.2769205209418293
dpAGWP,agwp_final,2050,106,CH4 total,2.635695781286224e-12,2.6795602094255188e-12,2.5493357352282895e-12,4.3864428139294925e-14,-8.636004605793435e-14,1.6642447300154275,-3.276555916320149
dpAGWP,agwp_final,2050,107,CH4 total,2.633935894404396e-12,2.6777511514821605e-12,2.5476274831897875e-12,4.3815257077764644e-14,-8.630841121460834e-14,1.6634898810881067,-3.2767848070245083
dpAGWP,agwp_final,2050,108,CH4 total,2.632174179251569e-12,2.675934252634601e-12,2.54590196867074e-12,4.376007338303179e-14,-8.627221058082896e-14,1.6625067492864207,-3.2776026473050335
dpAGWP,agwp_final,2050,109,CH4 total,2.6304108830797637e-12,2.674109898172879e-12,2.5441595657636594e-12,4.3699015093115235e-14,-8.625131731610433e-14,1.6612999655001095,-3.2790054919145826
dpAGWP,agwp_final,2050,110,CH4 total,2.628646237489053e-12,2.6722784475493445e-12,2.5424006187834e-12,4.363221006029132e-14,-8.6245618705653e-14,1.6598737950364089,-3.2809899436310954
dpAGWP,agwp_final,2050,111,CH4 total,2.6268804595423823e-12,2.67044023589275e-12,2.5406254427935686e-12,4.3559776350367644e-14,-8.625501674881365e-14,1.658232151072303,-3.2835531756111878
dpAGWP,agwp_final,2050,112,CH4 total,2.6251137531361758e-12,2.6685955774464085e-12,2.538834330691507e-12,4.348182431023272e-14,-8.627942244466863e-14,1.656378671525597,-3.2866927134716417
dpAGWP,agwp_final,2050,113,CH4 total,2.62334630923561e-12,2.6667447651150745e-12,2.5370275532983035e-12,4.33984558794644e-14,-8.631875593730661e-14,1.654316691878543,-3.2904064413233396
dpAGWP,agwp_final,2050,114,CH4 total,2.621578306467104e-12,2.664888070833411e-12,2.535205357000162e-12,4.330976436630688e-14,-8.637294946694213e-14,1.6520492353582243,-3.2946927144564366
dpAGWP,agwp_final,2050,115,CH4 total,2.6198099128160947e-12,2.663025750981894e-12,2.5333679740657413e-12,4.321583816579912e-14,-8.644193875035346e-14,1.649579152838055,-3.2995500294689326
dpAGWP,agwp_final,2050,116,CH4 total,2.6180412861449876e-12,2.661158048446892e-12,2.531515627672083e-12,4.311676230190445e-14,-8.652565847290467e-14,1.6469091809240717,-3.3049768516184077
dpAGWP,agwp_final,2050,117,CH4 total,2.616272574484513e-12,2.6592851936740698e-12,2.529648534161688e-12,4.301261918955676e-14,-8.662404032282512e-14,1.6440419705898415,-3.310971538961026
dpAGWP,agwp_final,2050,118,CH4 total,2.614503915852553e-12,2.6574074034655214e-12,2.527766899852273e-12,4.290348761296846e-14,-8.673701600028018e-14,1.6409800479865886,-3.3175324570893387
dpAGWP,agwp_final,2050,119,CH4 total,2.6127354381134407e-12,2.655524880280058e-12,2.525870919737647e-12,4.278944216661752e-14,-8.686451837579355e-14,1.6377257927620175,-3.3246580234895573
dpAGWP,agwp_final,2050,120,CH4 total,2.6109672594220563e-12,2.6536378124455143e-12,2.5239607783571248e-12,4.2670553023458e-14,-8.70064810649315e-14,1.6342814284428533,-3.332346690712261
dpAGWP,agwp_final,2050,121,CH4 total,2.6091994891650576e-12,2.6517463760782503e-12,2.522036654379048e-12,4.254688691319278e-14,-8.716283478600973e-14,1.6306490588348137,-3.3405968055705006
dpAGWP,agwp_final,2050,122,CH4 total,2.6074322287171853e-12,2.6498507368635214e-12,2.5200987251609155e-12,4.241850814633607e-14,-8.733350355626977e-14,1.626830706438161,-3.3494064618215003
dpAGWP,agwp_final,2050,123,CH4 total,2.6056655716974632e-12,2.6479510499611145e-12,2.5181471649091737e-12,4.228547826365123e-14,-8.75184067882895e-14,1.6228282985718816,-3.3587735793460074
dpAGWP,agwp_final,2050,124,CH4 total,2.6038996044697468e-12,2.646047460934284e-12,2.5161821440734338e-12,4.21478564645374e-14,-8.7717460396313e-14,1.6186436831968531,-3.368695945332947
dpAGWP,agwp_final,2050,125,CH4 total,2.6021344068383858e-12,2.6441401072232175e-12,2.5142038315421534e-12,4.2005700384831726e-14,-8.793057529623238e-14,1.6142786581062503,-3.379171155231322
dpAGWP,agwp_final,2050,126,CH4 total,2.6003700522323086e-12,2.6422291180410713e-12,2.512212391858979e-12,4.185906580876269e-14,-8.815766037332972e-14,1.6097349595619455,-3.3901967259486807
dpAGWP,agwp_final,2050,127,CH4 total,2.598606608185833e-12,2.6403146148966156e-12,2.5102079838038655e-12,4.1708006710782506e-14,-8.839862438196756e-14,1.6050142633901845,-3.401770168039454
dpAGWP,agwp_final,2050,128,CH4 total,2.5968441372609662e-12,2.638396714617376e-12,2.508190767254482e-12,4.15525773564096e-14,-8.865337000648428e-14,1.6001182650968564,-3.413888755756895
dpAGWP,agwp_final,2050,129,CH4 total,2.5950826967678174e-12,2.6364755287601413e-12,2.5061608980866993e-12,4.1392831992323824e-14,-8.892179868111809e-14,1.5950486681553042,-3.426549712341361
dpAGWP,agwp_final,2050,130,CH4 total,2.5933223384052218e-12,2.6345511611685048e-12,2.504118521202965e-12,4.122882276328297e-14,-8.920381720225667e-14,1.5898071039112271,-3.4397504653090314
dpAGWP,agwp_final,2050,131,CH4 total,2.591563109019798e-12,2.632623710133116e-12,2.502063776963098e-12,4.106060111331783e-14,-8.94993320567e-14,1.584395184914023,-3.4534884273202655
dpAGWP,agwp_final,2050,132,CH4 total,2.589805050703649e-12,2.6306932686369574e-12,2.4999967977592768e-12,4.088821793330841e-14,-8.980825294437221e-14,1.5788145104666893,-3.467761132057849
dpAGWP,agwp_final,2050,133,CH4 total,2.5880482007408204e-12,2.6287599231641023e-12,2.4979177049390383e-12,4.0711722423281825e-14,-9.013049580178215e-14,1.5730666226242707,-3.4825663515842784
dpAGWP,agwp_final,2050,134,CH4 total,2.58629259186164e-12,2.626823754540512e-12,2.4958266133704678e-12,4.0531162678872046e-14,-9.046597849117214e-14,1.5671530284861273,-3.4979019301932035
dpAGWP,agwp_final,2050,135,CH4 total,2.5845382527514325e-12,2.624884838564082e-12,2.4937236316970704e-12,4.034658581264927e-14,-9.081462105436215e-14,1.5610752044276124,-3.513765793858274
dpAGWP,agwp_final,2050,136,CH4 total,2.582785208611744e-12,2.622943246062581e-12,2.4916088618693247e-12,4.015803745083706e-14,-9.11763467424193e-14,1.554834576136594,-3.5301559896816546
dpAGWP,agwp_final,2050,137,CH4 total,2.5810334817111025e-12,2.6209990441692767e-12,2.4894824025065695e-12,3.996556245817421e-14,-9.155107920453297e-14,1.5484325461628239,-3.5470705766993365
dpAGWP,agwp_final,2050,138,CH4 total,2.5792830916676825e-12,2.619052297334582e-12,2.4873443521114487e-12,3.976920566689955e-14,-9.193873955623387e-14,1.5418705219048308,-3.5645075119222063
dpAGWP,agwp_final,2050,139,CH4 total,2.577534055174877e-12,2.6171030661086037e-12,2.485194806688163e-12,3.956901093372648e-14,-9.233924848671423e-14,1.535149879175577,-3.5824647321856364
dpAGWP,agwp_final,2050,140,CH4 total,2.57578638538154e-12,2.6151514081549315e-12,2.4830338621064458e-12,3.936502277339137e-14,-9.275252327509439e-14,1.5282720258481526,-3.6009400391855615
dpAGWP,agwp_final,2050,141,CH4 total,2.574040089635152e-12,2.6131973787784313e-12,2.480861614438718e-12,3.915728914327916e-14,-9.317847519643413e-14,1.5212385114339602,-3.6199310015269175
dpAGWP,agwp_final,2050,142,CH4 total,2.5722951675285047e-12,2.6112410316592025e-12,2.478678161970875e-12,3.8945864130697705e-14,-9.361700555762988e-14,1.5140511331021707,-3.63943480279436
dpAGWP,agwp_final,2050,143,CH4 total,2.5705516097029444e-12,2.609282417968626e-12,2.476483603476812e-12,3.873080826568167e-14,-9.406800622613221e-14,1.5067119492752548,-3.6594482628186875
dpAGWP,agwp_final,2050,144,CH4 total,2.5688093979505262e-12,2.607321584884943e-12,2.4742780331007683e-12,3.851218693441693e-14,-9.453136484975797e-14,1.4992232185518752,-3.6799680398700643
dpAGWP,agwp_final,2050,145,CH4 total,2.5670685066097747e-12,2.605358575634072e-12,2.4720615389080233e-12,3.829006902429728e-14,-9.500696770175141e-14,1.4915873466448877,-3.700990739324808
dpAGWP,agwp_final,2050,146,CH4 total,2.565328904015912e-12,2.6033934299579694e-12,2.4698342047640593e-12,3.806452594205747e-14,-9.549469925185261e-14,1.4838068476314712,-3.7225128950272133
dpAGWP,agwp_final,2050,147,CH4 total,2.5635905544571402e-12,2.60142618641527e-12,2.4675961156640715e-12,3.7835631958129886e-14,-9.59944387930687e-14,1.4758843565072297,-3.744530834932658
dpAGWP,agwp_final,2050,148,CH4 total,2.561853418804168e-12,2.5994568810848223e-12,2.465347353031007e-12,3.76034622806543e-14,-9.650606577316106e-14,1.4678225539620058,-3.767040887850974
dpAGWP,agwp_final,2050,149,CH4 total,2.5601174555467787e-12,2.5974855485868988e-12,2.4630879980822236e-12,3.736809304012008e-14,-9.702945746455512e-14,1.4596241652568698,-3.7900392911399448
dpAGWP,agwp_final,2050,150,CH4 total,2.558382621836154e-12,2.595512223702668e-12,2.460818134968858e-12,3.7129601866514105e-14,-9.75644868672957e-14,1.4512919822706642,-3.81352210707535
dpAGWP,agwp_final,2050,151,CH4 total,2.5566488731655523e-12,2.5935369391939545e-12,2.4585378458042177e-12,3.6888066028402264e-14,-9.811102736133454e-14,1.4428287910622926,-3.8374854048634743
dpAGWP,agwp_final,2050,152,CH4 total,2.554916163913238e-12,2.5915597264062755e-12,2.456247213176815e-12,3.6643562493037395e-14,-9.866895073642321e-14,1.4342373738366534,-3.8619251829107726
dpAGWP,agwp_final,2050,153,CH4 total,2.5531844475635306e-12,2.589580615435489e-12,2.4539463216708702e-12,3.639616787195842e-14,-9.923812589266038e-14,1.4255205066242194,-3.8868373175060653
dpAGWP,agwp_final,2050,154,CH4 total,2.5514536767095437e-12,2.5875996344869354e-12,2.4516352549029777e-12,3.614595777739172e-14,-9.981842180656602e-14,1.4166809339845428,-3.9122176787977523
dpAGWP,agwp_final,2050,155,CH4 total,2.549723803159129e-12,2.5856168092577713e-12,2.449314093271052e-12,3.5893006098642185e-14,-1.0040970988807726e-13,1.4077213404122615,-3.938062223197226
dpAGWP,agwp_final,2050,156,CH4 total,2.5479947784934025e-12,2.583632164315073e-12,2.4469829176626186e-12,3.5637385821670474e-14,-1.0101186083078391e-13,1.3986443819458068,-3.964366869327376
dpAGWP,agwp_final,2050,157,CH4 total,2.5462665541914258e-12,2.581645722676756e-12,2.444641807584326e-12,3.53791684853304e-14,-1.0162474660709985e-13,1.3894526646117438,-3.991127576168909
dpAGWP,agwp_final,2050,158,CH4 total,2.544539081584259e-12,2.5796575047402196e-12,2.442290839058102e-12,3.511842315596062e-14,-1.0224824252615709e-13,1.3801487039489877,-4.018340424250673
dpAGWP,agwp_final,2050,159,CH4 total,2.542812312448993e-12,2.5776675293136625e-12,2.4399300865002356e-12,3.485521686466957e-14,-1.0288222594875731e-13,1.370734941545897,-4.046001564687683
dpAGWP,agwp_final,2050,160,CH4 total,2.541086199584173e-12,2.5756758145324266e-12,2.4375596234297072e-12,3.458961494825341e-14,-1.0352657615446596e-13,1.3612137578769936,-4.074107213340783
dpAGWP,agwp_final,2050,161,CH4 total,2.5393606971262023e-12,2.573682378555251e-12,2.4351795230093824e-12,3.432168142904882e-14,-1.0418117411681984e-13,1.3515874868777291,-4.102653641710758
dpAGWP,agwp_final,2050,162,CH4 total,2.537635760527309e-12,2.5716872392341498e-12,2.4327898573936655e-12,3.4051478706840566e-14,-1.0484590313364365e-13,1.3418584036569858,-4.131637202017407
dpAGWP,agwp_final,2050,163,CH4 total,2.535911346666167e-12,2.5696904141553023e-12,2.4303906981391507e-12,3.3779067489135167e-14,-1.0552064852701641e-13,1.332028721490709,-4.1610543154727795
dpAGWP,agwp_final,2050,164,CH4 total,2.5341874135962634e-12,2.567691920422079e-12,2.4279821172936424e-12,3.3504506825815636e-14,-1.0620529630262092e-13,1.322100593115543,-4.190901420029747
dpAGWP,agwp_final,2050,165,CH4 total,2.5324639202218806e-12,2.5656917735488812e-12,2.4255641846977823e-12,3.322785332700062e-14,-1.0689973552409829e-13,1.3120760798080542,-4.221175064746128
dpAGWP,agwp_final,2050,166,CH4 total,2.5307408263870206e-12,2.5636899872145835e-12,2.423136966736616e-12,3.2949160827562876e-14,-1.0760385965040467e-13,1.3019571377683237,-4.251871962883846
dpAGWP,agwp_final,2050,167,CH4 total,2.5290180933192432e-12,2.5616865747927232e-12,2.4207005302646264e-12,3.266848147347996e-14,-1.0831756305461682e-13,1.291745660490858,-4.2829888540834435
dpAGWP,agwp_final,2050,168,CH4 total,2.5272956835266616e-12,2.5596815486841575e-12,2.4182549410032514e-12,3.23858651574959e-14,-1.0904074252341023e-13,1.281443456283822,-4.314522563946756
dpAGWP,agwp_final,2050,169,CH4 total,2.525573560832913e-12,2.557674920021544e-12,2.4158002623232087e-12,3.210135918863103e-14,-1.097732985097042e-13,1.2710522348849846,-4.346470053855881
dpAGWP,agwp_final,2050,170,CH4 total,2.52385169063272e-12,2.5556666989297223e-12,2.413336553129989e-12,3.181500829700212e-14,-1.1051513750273099e-13,1.2605736072005964,-4.378828514880969
dpAGWP,agwp_final,2050,171,CH4 total,2.52213004011996e-12,2.5536568944455517e-12,2.4108638669471495e-12,3.152685432559174e-14,-1.1126617317281054e-13,1.2500090726524247,-4.411595413514776
dpAGWP,agwp_final,2050,172,CH4 total,2.520408578557111e-12,2.5516455148955172e-12,2.4083822531434895e-12,3.1236936338406205e-14,-1.1202632541362159e-13,1.2393600229804327,-4.444768454079562
dpAGWP,agwp_final,2050,173,CH4 total,2.5186872775425283e-12,2.5496325689260537e-12,2.4058917599057534e-12,3.094529138352542e-14,-1.1279551763677496e-13,1.2286277720717518,-4.478345471567595
dpAGWP,agwp_final,2050,174,CH4 total,2.5169661109904286e-12,2.547618065729685e-12,2.403392436203139e-12,3.065195473925659e-14,-1.1357367478728977e-13,1.2178135655229387,-4.512324353171303
dpAGWP,agwp_final,2050,175,CH4 total,2.515245054945672e-12,2.545602014810811e-12,2.400884333330996e-12,3.035695986513909e-14,-1.1436072161467604e-13,1.206918578587357,-4.546702969947641
dpAGWP,agwp_final,2050,176,CH4 total,2.5135240872184358e-12,2.5435844258038027e-12,2.3983675042891792e-12,3.0060338585366954e-14,-1.1515658292925655e-13,1.1959439234430773,-4.581479187521665
dpAGWP,agwp_final,2050,177,CH4 total,2.5118031867077117e-12,2.5415653068547393e-12,2.395841999041358e-12,2.9762120147027556e-14,-1.159611876663539e-13,1.1848906118332292,-4.616651029030159
dpAGWP,agwp_final,2050,178,CH4 total,2.510082333619575e-12,2.5395446654589904e-12,2.3933078683380457e-12,2.9462331839415553e-14,-1.1677446528152917e-13,1.173759579309514,-4.652216531604313
dpAGWP,agwp_final,2050,179,CH4 total,2.508361509641861e-12,2.5375225086791987e-12,2.3907651644507766e-12,2.9160999037337887e-14,-1.1759634519108427e-13,1.162551686638719,-4.688173723725909
dpAGWP,agwp_final,2050,180,CH4 total,2.5066406979343126e-12,2.535498842486144e-12,2.388213936860605e-12,2.8858144551831524e-14,-1.1842676107370766e-13,1.1512676936751691,-4.724520796750068
dpAGWP,agwp_final,2050,181,CH4 total,2.5049198833765112e-12,2.5334736724526854e-12,2.385654233718477e-12,2.855378907617416e-14,-1.192656496580344e-13,1.139908276734385,-4.761256056511877
dpAGWP,agwp_final,2050,182,CH4 total,2.503199052648309e-12,2.5314470041290865e-12,2.3830861035544713e-12,2.8247951480777327e-14,-1.2011294909383784e-13,1.128474040084501,-4.798377858395319
dpAGWP,agwp_final,2050,183,CH4 total,2.5014781939733944e-12,2.529418842683288e-12,2.3805095933494102e-12,2.7940648709893444e-14,-1.2096860062398422e-13,1.1169655117205717,-4.8358846747264845
dpAGWP,agwp_final,2050,184,CH4 total,2.4997572970659305e-12,2.527389192802423e-12,2.3779247497350457e-12,2.7631895736492454e-14,-1.2183254733088482e-13,1.1053831413523691,-4.873775045036763
dpAGWP,agwp_final,2050,185,CH4 total,2.4980363532768264e-12,2.525358059527779e-12,2.375331621654336e-12,2.7321706250952696e-14,-1.2270473162249055e-13,1.0937273276713189,-4.912047475271178
dpAGWP,agwp_final,2050,186,CH4 total,2.496315355336239e-12,2.523325448365307e-12,2.372730260456195e-12,2.701009302906823e-14,-1.235850948800439e-13,1.0819984330637638,-4.950700423961368
dpAGWP,agwp_final,2050,187,CH4 total,2.4945942968873644e-12,2.5212913639427706e-12,2.3701207164675993e-12,2.6697067055406214e-14,-1.2447358041976514e-13,1.0701967485742085,-4.989732421623722
dpAGWP,agwp_final,2050,188,CH4 total,2.492873172633946e-12,2.5192558103850473e-12,2.3675030399046996e-12,2.638263775110146e-14,-1.253701327292463e-13,1.0583225027539536,-5.0291420400172795
dpAGWP,agwp_final,2050,189,CH4 total,2.491151978534649e-12,2.51721879215604e-12,2.3648772838012392e-12,2.6066813621391032e-14,-1.2627469473340961e-13,1.046375887380589,-5.068927782065195
dpAGWP,agwp_final,2050,190,CH4 total,2.4894307115585867e-12,2.5151803132970608e-12,2.362243500249491e-12,2.574960173847408e-14,-1.2718721130909579e-13,1.034357036687827,-5.109088223205306
dpAGWP,agwp_final,2050,191,CH4 total,2.487709369755438e-12,2.5131403776974127e-12,2.3596017405705243e-12,2.5431007941974718e-14,-1.281076291849137e-13,1.0222660352191701,-5.1496220073934005
dpAGWP,agwp_final,2050,192,CH4 total,2.4859879520938878e-12,2.5110989883746796e-12,2.3569520550855374e-12,2.5111036280791792e-14,-1.2903589700835034e-13,1.0101028952952638,-5.190527850292536
dpAGWP,agwp_final,2050,193,CH4 total,2.484266458744973e-12,2.5090561482704227e-12,2.354294494099588e-12,2.4789689525449634e-14,-1.2997196464538503e-13,0.99786757729576,-5.231804510658071
dpAGWP,agwp_final,2050,194,CH4 total,2.4825448910979275e-12,2.5070118607711878e-12,2.351629108178409e-12,2.446696967326025e-14,-1.3091578291951846e-13,0.9855600098510007,-5.273450779841479
dpAGWP,agwp_final,2050,195,CH4 total,2.4808232513110245e-12,2.5049661291385076e-12,2.3489559477701818e-12,2.4142877827483047e-14,-1.3186730354084272e-13,0.973180085067504,-5.315465479902918
dpAGWP,agwp_final,2050,196,CH4 total,2.479101542324968e-12,2.502918957076557e-12,2.346275065374399e-12,2.3817414751589176e-14,-1.3282647695056896e-13,0.9607276807731145,-5.357847376675049
dpAGWP,agwp_final,2050,197,CH4 total,2.477379767772632e-12,2.5008703484213797e-12,2.3435865142901304e-12,2.3490580648747602e-14,-1.337932534825017e-13,0.9482026516212152,-5.400595226576539
dpAGWP,agwp_final,2050,198,CH4 total,2.475657931739027e-12,2.4988203067540737e-12,2.3408903476606697e-12,2.31623750150466e-14,-1.3476758407835736e-13,0.9356048231904227,-5.443707805936251
dpAGWP,agwp_final,2050,199,CH4 total,2.4739360386531382e-12,2.496768835079065e-12,2.338186616127858e-12,2.283279642592687e-14,-1.3574942252528015e-13,0.9229339833036878,-5.487184001700583
dpAGWP,agwp_final,2050,200,CH4 total,2.472214093341475e-12,2.494715935774151e-12,2.3354753668528964e-12,2.2501842432675706e-14,-1.3673872648857871e-13,0.9101898777003548,-5.531022853435843
dpAGWP,agwp_final,2050,0,N2O total,0.0,0.0,0.0,0.0,0.0,,
dpAGWP,agwp_final,2050,1,N2O total,2.6856741596843597e-13,2.7663449521090044e-13,2.8009339740478486e-13,8.067079242464477e-15,1.1525981436348893e-14,3.0037445955143642,4.29165295230882
dpAGWP,agwp_final,2050,2,N2O total,5.344820900001476e-13,5.503090404976503e-13,5.571204638365593e-13,1.582695049750269e-14,2.26383738364117e-14,2.9611750877374243,4.235572016343045
dpAGWP,agwp_final,2050,3,N2O total,7.978233062768138e-13,8.211034687784738e-13,8.311621061029636e-13,2.3280162501659986e-14,3.333879982614975e-14,2.917959693393899,4.178719719499204
dpAGWP,agwp_final,2050,4,N2O total,1.0586002262513295e-12,1.0890324045572022e-12,1.1022376849610075e-12,3.04321783058727e-14,4.3637458709678046e-14,2.874756452078029,4.1221849030020685
dpAGWP,agwp_final,2050,5,N2O total,1.316790279458202e-12,1.354080482922195e-12,1.3703377153855447e-12,3.7290203463992945e-14,5.3547435927342696e-14,2.8319014839125427,4.066512091004725
dpAGWP,agwp_final,2050,6,N2O total,1.5723599808090507e-12,1.616221696203551e-12,1.6354420390177703e-12,4.38617153945002e-14,6.308205820871961e-14,2.7895466642397855,4.011934860887329
dpAGWP,agwp_final,2050,7,N2O total,1.8252755945291284e-12,1.875429492734366e-12,1.897529406910106e-12,5.0153898205237763e-14,7.225381238097768e-14,2.747743867039219,3.9585152290176326
dpAGWP,agwp_final,2050,8,N2O total,2.0755081382261705e-12,2.1316815770543077e-12,2.1565821503575566e-12,5.617343882813714e-14,8.10740121313861e-14,2.7064908970265797,3.90622472820925
dpAGWP,agwp_final,2050,9,N2O total,2.3230352801386454e-12,2.384961780392776e-12,2.41258807073325e-12,6.192650025413056e-14,8.95527905946048e-14,2.6657580616009677,3.8549905531034394
dpAGWP,agwp_final,2050,10,N2O total,2.5678416168337675e-12,2.6352603948637783e-12,2.665540845175182e-12,6.741877803001088e-14,9.76992283414145e-14,2.6255037533483248,3.8047217437764265
dpAGWP,agwp_final,2050,11,N2O total,2.8099181667807986e-12,2.8825737500617627e-12,2.9154396997255188e-12,7.265558328096417e-14,1.0552153294472022e-13,2.585683246576626,3.755324058622379
dpAGWP,agwp_final,2050,12,N2O total,3.0492615431128594e-12,3.1269035081043472e-12,3.16228877127428e-12,7.764196499148778e-14,1.1302722816142047e-13,2.546254688019528,3.7067082165092295
dpAGWP,agwp_final,2050,13,N2O total,3.285873085259564e-12,3.3682558425144243e-12,3.406096380852486e-12,8.238275725486013e-14,1.202232955929218e-13,2.5071801349975877,3.65879303531971
dpAGWP,agwp_final,2050,14,N2O total,3.519758035879407e-12,3.606640635263586e-12,3.646874275849605e-12,8.6882599384179e-14,1.271162399701982e-13,2.4684253434049332,3.6115050714967225
dpAGWP,agwp_final,2050,15,N2O total,3.750924826244717e-12,3.842070807442813e-12,3.884637010728235e-12,9.114598119809641e-14,1.3371218448351777e-13,2.4299602210196327,3.564779105887476
dpAGWP,agwp_final,2050,16,N2O total,3.979384461384592e-12,4.07456174431516e-12,4.119401405380894e-12,9.517728293056792e-14,1.40016943996302e-13,2.391758922872504,3.5185578411688407
dpAGWP,agwp_final,2050,17,N2O total,4.205150019787183e-12,4.304130801595275e-12,4.351186074151352e-12,9.898078180809195e-14,1.4603605436416876e-13,2.353799064060531,3.4727905943189024
dpAGWP,agwp_final,2050,18,N2O total,4.428236260152548e-12,4.530796921892664e-12,4.580011091807056e-12,1.0256066174011535e-13,1.517748316545075e-13,2.3160611971634557,3.427433017073913
dpAGWP,agwp_final,2050,19,N2O total,4.648659289782581e-12,4.754580343154334e-12,4.805897681910641e-12,1.0592105337175319e-13,1.572383921280603e-13,2.2785290719102615,3.3824460414567055
dpAGWP,agwp_final,2050,20,N2O total,4.866436322439283e-12,4.975502368813522e-12,5.028867972701818e-12,1.0906604637423857e-13,1.624316502625344e-13,2.2411892224158314,3.3377946304065915
dpAGWP,agwp_final,2050,21,N2O total,5.081585477802311e-12,5.1935851768747495e-12,5.248944841828582e-12,1.1199969907243827e-13,1.6735936402627085e-13,2.2040306034737016,3.293447778401842
dpAGWP,agwp_final,2050,22,N2O total,5.294125592135532e-12,5.408851694114131e-12,5.4661517654676465e-12,1.1472610197859869e-13,1.7202617333211413e-13,2.1670453407645875,3.2493783975895933
dpAGWP,agwp_final,2050,23,N2O total,5.504076104059821e-12,5.621325486584713e-12,5.680512672766458e-12,1.172493825248917e-13,1.7643656870663708e-13,2.1302282219246247,3.2055619393870116
dpAGWP,agwp_final,2050,24,N2O total,5.7114569561948475e-12,5.831030640896262e-12,5.8920518742769436e-12,1.195736847014147e-13,1.8059491808209604e-13,2.093575870719307,3.161976348017758
dpAGWP,agwp_final,2050,25,N2O total,5.916288511790502e-12,6.037991682839581e-12,6.100794000180234e-12,1.2170317104907883e-13,1.8450548838973191e-13,2.0570864792434986,3.118601941437323
dpAGWP,agwp_final,2050,26,N2O total,6.1185914926511474e-12,6.242233509922787e-12,6.306763919365909e-12,1.2364201727163944e-13,1.8817242671476134e-13,2.0207594741394663,3.0754206575282805
dpAGWP,agwp_final,2050,27,N2O total,6.318386912843783e-12,6.4437813349724275e-12,6.509986710981571e-12,1.2539442212864472e-13,1.9159979813778864e-13,1.9845954965775772,3.0324163553249908
dpAGWP,agwp_final,2050,28,N2O total,6.5156960316279486e-12,6.642660647709897e-12,6.710487618889092e-12,1.2696461608194806e-13,1.9479158726114304e-13,1.9485963658471328,2.989574503101464
dpAGWP,agwp_final,2050,29,N2O total,6.7105403205541655e-12,6.8388971742303705e-12,6.90829201268039e-12,1.2835685367620498e-13,1.9775169212622468e-13,1.9127648079701143,2.9468818109998938
dpAGWP,agwp_final,2050,30,N2O total,6.902941437047403e-12,7.0325168328272315e-12,7.103425368505142e-12,1.2957539577982883e-13,2.0048393145773908e-13,1.877104086156816,2.904326123668987
dpAGWP,agwp_final,2050,31,N2O total,7.092921174793282e-12,7.223545666143158e-12,7.295913260051965e-12,1.3062449134987575e-13,2.0299208525868276e-13,1.841617693625119,2.8618968159419707
dpAGWP,agwp_final,2050,32,N2O total,7.280501424481701e-12,7.412009816464263e-12,7.485781343357497e-12,1.31508391982562e-13,2.0527991887579553e-13,1.8063095426414821,2.819584900917857
dpAGWP,agwp_final,2050,33,N2O total,7.465704154044897e-12,7.597935512153731e-12,7.673055336262117e-12,1.3223135810883469e-13,2.073511822172205e-13,1.7711840086402582,2.7773827885327904
dpAGWP,agwp_final,2050,34,N2O total,7.648551392456125e-12,7.781349015474261e-12,7.857761008970398e-12,1.3279762301813568e-13,2.0920961651427263e-13,1.7362454169964243,2.7352841836248762
dpAGWP,agwp_final,2050,35,N2O total,7.829065208925967e-12,7.962276614027214e-12,8.039924142894214e-12,1.3321140510124666e-13,2.1085893396824611e-13,1.7014982190897006,2.6932836595593113
dpAGWP,agwp_final,2050,36,N2O total,8.007267690705641e-12,8.14074461245356e-12,8.219570517347158e-12,1.3347692174791862e-13,2.1230282664151633e-13,1.666947164796934,2.6513766598304787
dpAGWP,agwp_final,2050,37,N2O total,8.183180933496426e-12,8.316779302212513e-12,8.39672590565122e-12,1.3359836871608744e-13,2.135449721547947e-13,1.6325970279995372,2.6095594597045455
dpAGWP,agwp_final,2050,38,N2O total,8.356827026230011e-12,8.490406957525668e-12,8.571416063910524e-12,1.3357993129565698e-13,2.1458903768051283e-13,1.5984527485896578,2.567829117522368
dpAGWP,agwp_final,2050,39,N2O total,8.52822804894337e-12,8.661653805359005e-12,8.743666705093843e-12,1.3342575641563438e-13,2.1543865615047294e-13,1.5645190964630167,2.5261831052602464
dpAGWP,agwp_final,2050,40,N2O total,8.697406043503046e-12,8.830546031709106e-12,8.913503488376401e-12,1.3313998820606082e-13,2.160974448733555e-13,1.5308011094355687,2.4846194807103443
dpAGWP,agwp_final,2050,41,N2O total,8.864383018113151e-12,8.997109757251015e-12,9.080952025549353e-12,1.3272673913786418e-13,2.1656900743620223e-13,1.497303747668115,2.443136843180999
dpAGWP,agwp_final,2050,42,N2O total,9.029180957849512e-12,9.161371029689824e-12,9.246037881016831e-12,1.3219007184031274e-13,2.1685692316731934e-13,1.4640317040649562,2.401734157058786
dpAGWP,agwp_final,2050,43,N2O total,9.191821786855414e-12,9.323355824036717e-12,9.408786572544459e-12,1.3153403718130227e-13,2.1696478568904461e-13,1.4309898541483905,2.3604111428630055
dpAGWP,agwp_final,2050,44,N2O total,9.352327370645641e-12,9.483090017181609e-12,9.569223530991693e-12,1.3076264653596758e-13,2.168961603460522e-13,1.3981829479835706,2.3191677509796014
dpAGWP,agwp_final,2050,45,N2O total,9.51071951237701e-12,9.64059938732705e-12,9.72737410222719e-12,1.2987987495004097e-13,2.1665458985018018e-13,1.3656156590573258,2.2780041990328006
dpAGWP,agwp_final,2050,46,N2O total,9.667019934065572e-12,9.795909596654352e-12,9.883263557761828e-12,1.2888966258878022e-13,2.1624362369625589e-13,1.3332926120756872,2.2369212556833142
dpAGWP,agwp_final,2050,47,N2O total,9.821250265171553e-12,9.94904619842743e-12,1.0036917064084389e-11,1.2779593325587683e-13,2.1566679891283567e-13,1.3012185801747773,2.1959200009151636
dpAGWP,agwp_final,2050,48,N2O total,9.973432056908686e-12,1.0100034619850537e-11,1.01883596769323e-11,1.266025629418503e-13,2.14927620023614e-13,1.2693981592239512,2.155001596213128
dpAGWP,agwp_final,2050,49,N2O total,1.0123586758328165e-11,1.024890013768941e-11,1.033761634364836e-11,1.2531337936124549e-13,2.1402958532019512e-13,1.2378357824429813,2.1141675418954033
dpAGWP,agwp_final,2050,50,N2O total,1.0271735709401992e-11,1.0395667887971482e-11,1.0484711881572322e-11,1.2393217856948902e-13,2.129761721703298e-13,1.2065358969083542,2.0734195095711727
dpAGWP,agwp_final,2050,51,N2O total,1.0417900177323668e-11,1.0540362828667015e-11,1.0629670965015324e-11,1.2246265134334634e-13,2.1177078769165555e-13,1.1755022534186605,2.03275884858842
dpAGWP,agwp_final,2050,52,N2O total,1.0562101337447471e-11,1.068300970393527e-11,1.0772518107880391e-11,1.2090836648779815e-13,2.1041677043292014e-13,1.144737800035328,1.9921866275501128
dpAGWP,agwp_final,2050,53,N2O total,1.07043602761275e-11,1.082363305711822e-11,1.0913277646499313e-11,1.1927278099071962e-13,2.0891737037181257e-13,1.1142448302746097,1.9517034645940772
dpAGWP,agwp_final,2050,54,N2O total,1.0844697991656931e-11,1.0962257225653494e-11,1.1051973748320764e-11,1.1755923399656267e-13,2.0727575666383272e-13,1.0840249685791492,1.9113096263565346
dpAGWP,agwp_final,2050,55,N2O total,1.0983135370668622e-11,1.1098906335382846e-11,1.1188630403985311e-11,1.1577096471422333e-13,2.054950333166886e-13,1.0540793753976605,1.8710051946139186
dpAGWP,agwp_final,2050,56,N2O total,1.111969320495667e-11,1.1233604302915494e-11,1.1323271422471333e-11,1.139110979588245e-13,2.0357821751466332e-13,1.0244086402316201,1.8307898766839816
dpAGWP,agwp_final,2050,57,N2O total,1.1254392176490991e-11,1.1366374841955691e-11,1.1455920434671982e-11,1.1198266546469975e-13,2.015282581809908e-13,0.995013002111455,1.790663191939925
dpAGWP,agwp_final,2050,58,N2O total,1.1387252846844196e-11,1.149724144895463e-11,1.1586600880360352e-11,1.0998860211043503e-13,1.9934803351615643e-13,0.9658923323276931,1.7506244587464546
dpAGWP,agwp_final,2050,59,N2O total,1.1518295663175007e-11,1.1626227405298612e-11,1.1715336011675404e-11,1.079317421236041e-13,1.970403485003966e-13,0.9370461158474276,1.71067277887606
dpAGWP,agwp_final,2050,60,N2O total,1.1647540944393562e-11,1.1753355783964092e-11,1.1842148884505582e-11,1.058148395705299e-13,1.9460794011201922e-13,0.908473643284018,1.6708070917380375
dpAGWP,agwp_final,2050,61,N2O total,1.1775008883233816e-11,1.1878649435365622e-11,1.1967062354498897e-11,1.0364055213180566e-13,1.9205347126508098e-13,0.8801738763813353,1.6310261263457884
dpAGWP,agwp_final,2050,62,N2O total,1.1900719541324505e-11,1.2002130990188437e-11,1.2090099086194919e-11,1.0141144886393256e-13,1.893795448704142e-13,0.8521455237373474,1.5913285260845411
dpAGWP,agwp_final,2050,63,N2O total,1.2024692841112985e-11,1.212382286287107e-11,1.2211281537201835e-11,9.913002175808472e-14,1.8658869608884931e-13,0.8243871429227244,1.5517127843040937
dpAGWP,agwp_final,2050,64,N2O total,1.2146948572714432e-11,1.2243747246406381e-11,1.2330631960549117e-11,9.679867369194896e-14,1.8368338783468525e-13,0.7968970405405917,1.5121772084166996
dpAGWP,agwp_final,2050,65,N2O total,1.2267506384229406e-11,1.2361926115140714e-11,1.2448172408526823e-11,9.441973091130827e-14,1.806660242974171e-13,0.7696733790388758,1.4727200348529983
dpAGWP,agwp_final,2050,66,N2O total,1.2386385772027974e-11,1.2478381219390417e-11,1.256392473677639e-11,9.199544736244234e-14,1.7753896474841612e-13,0.7427142110347842,1.433339539200775
dpAGWP,agwp_final,2050,67,N2O total,1.250360608907323e-11,1.2593134080710583e-11,1.2677910602750995e-11,8.952799163735302e-14,1.743045136777654e-13,0.7160173713053116,1.3940339485749498
dpAGWP,agwp_final,2050,68,N2O total,1.2619186537803445e-11,1.2706206004415065e-11,1.2790151459433246e-11,8.701946661162024e-14,1.7096492162980115e-13,0.6895806346228025,1.3548014455419892
dpAGWP,agwp_final,2050,69,N2O total,1.2733146170841917e-11,1.2817618072023604e-11,1.2900668557443164e-11,8.44719011816867e-14,1.675223866012467e-13,0.6634016451890099,1.3156401752841111
dpAGWP,agwp_final,2050,70,N2O total,1.2845503888320115e-11,1.2927391133993993e-11,1.3009482946697075e-11,8.18872456738779e-14,1.6397905837696038e-13,0.6374778785309823,1.2765482755881594
dpAGWP,agwp_final,2050,71,N2O total,1.295627843491035e-11,1.3035545823195458e-11,1.3116615474608263e-11,7.926738828510793e-14,1.60337039697913e-13,0.611806767532288,1.2375238808228224
dpAGWP,agwp_final,2050,72,N2O total,1.3065488401225024e-11,1.314210255632792e-11,1.3222086788798419e-11,7.661415510289657e-14,1.5659838757339515e-13,0.5863856960426616,1.1985651264189439
dpAGWP,agwp_final,2050,73,N2O total,1.3173152224412152e-11,1.3247081522584176e-11,1.3325917336412655e-11,7.392929817202401e-14,1.5276511200050284e-13,0.5612119021521675,1.1596701336025133
dpAGWP,agwp_final,2050,74,N2O total,1.3279288180762362e-11,1.3350502688845735e-11,1.3428127363008497e-11,7.121450808337316e-14,1.488391822461348e-13,0.5362825711286336,1.120837052559469
dpAGWP,agwp_final,2050,75,N2O total,1.338391439029911e-11,1.3452385809022444e-11,1.3528736915628478e-11,6.847141872333415e-14,1.4482252532936816e-13,0.5115948647502064,1.0820640442405849
dpAGWP,agwp_final,2050,76,N2O total,1.3487048809809222e-11,1.355275041695977e-11,1.3627765835764327e-11,6.570160715054799e-14,1.4071702595510455e-13,0.4871459136617254,1.0433492748447688
dpAGWP,agwp_final,2050,77,N2O total,1.3588709234449841e-11,1.3651615823828215e-11,1.3725233763632134e-11,6.290658937837433e-14,1.3652452918229313e-13,0.462932779655736,1.0046909299978153
dpAGWP,agwp_final,2050,78,N2O total,1.3688913303447425e-11,1.3749001128070197e-11,1.382116013945642e-11,6.008782462277248e-14,1.3224683600899459e-13,0.43895248140434867,0.9660871763698691
dpAGWP,agwp_final,2050,79,N2O total,1.3787678485915727e-11,1.3844925208915523e-11,1.3915564192209384e-11,5.72467229997954e-14,1.2788570629365672e-13,0.4152020447697093,0.9275361796715339
dpAGWP,agwp_final,2050,80,N2O total,1.3885022086838172e-11,1.393940672837719e-11,1.4008464944239772e-11,5.4384641539016977e-14,1.2344285740159976e-13,0.39167846618385305,0.8890360896048783
dpAGWP,agwp_final,2050,81,N2O total,1.3980961253778206e-11,1.4032464142217818e-11,1.409988121404789e-11,5.150288843961213e-14,1.1891996026968362e-13,0.3683787366601422,0.8505850070755812
dpAGWP,agwp_final,2050,82,N2O total,1.4075512970847054e-11,1.412411568578468e-11,1.4189831605177767e-11,4.86027149376253e-14,1.143186343307131e-13,0.3452997772677298,0.8121809455007981
dpAGWP,agwp_final,2050,83,N2O total,1.4168694056554746e-11,1.4214379388671899e-11,1.4278334505373085e-11,4.5685332117152976e-14,1.0964044881833956e-13,0.3224385531566895,0.7738218383480269
dpAGWP,agwp_final,2050,84,N2O total,1.426052116624424e-11,1.4303273073162286e-11,1.4365408096627053e-11,4.2751906918045365e-14,1.0488693038281262e-13,0.2997920371889524,0.73550559029419
dpAGWP,agwp_final,2050,85,N2O total,1.4351010793093087e-11,1.4390814347734877e-11,1.4451070352718338e-11,3.980355464179057e-14,1.0005955962525175e-13,0.27735715076562684,0.6972300492827225
dpAGWP,agwp_final,2050,86,N2O total,1.444017926557035e-11,1.4477020617052358e-11,1.4535339043251743e-11,3.6841351482008415e-14,9.515977768139324e-14,0.25513084570805206,0.6589930494026639
dpAGWP,agwp_final,2050,87,N2O total,1.4528042742746119e-11,1.456190908047963e-11,1.4618231745858506e-11,3.3866337733510545e-14,9.018900311238729e-14,0.2331101190517909,0.6207925231870538
dpAGWP,agwp_final,2050,88,N2O total,1.461461722084116e-11,1.464549673500035e-11,1.4699765833392175e-11,3.087951415918909e-14,8.51486125510157e-14,0.21129198043691072,0.5826263614320983
dpAGWP,agwp_final,2050,89,N2O total,1.469991853508772e-11,1.4727800369426898e-11,1.477995848343906e-11,2.788183433917923e-14,8.00399483513419e-14,0.18967339358124444,0.5444924620520306
dpAGWP,agwp_final,2050,90,N2O total,1.4783962355555074e-11,1.4808836571132572e-11,1.4858826685573875e-11,2.487421557749728e-14,7.486433001880085e-14,0.16825134547336557,0.506388803071259
dpAGWP,agwp_final,2050,91,N2O total,1.4866764193626854e-11,1.4888621733389093e-11,1.4936387229773866e-11,2.1857539762239073e-14,6.962303614701242e-14,0.14702284557394846,0.4683133144525068
dpAGWP,agwp_final,2050,92,N2O total,1.494833940413338e-11,1.4967172050423677e-11,1.5012656711171165e-11,1.8832646290295433e-14,6.431730703778385e-14,0.12598487217307897,0.43026389285755307
dpAGWP,agwp_final,2050,93,N2O total,1.5028703185427614e-11,1.5044503520481844e-11,1.5087651533394517e-11,1.5800335054230277e-14,5.894834796690287e-14,0.10513438757344591,0.3922384203053618
dpAGWP,agwp_final,2050,94,N2O total,1.5107870590270852e-11,1.5120631944699856e-11,1.5161387898908838e-11,1.2761354429004102e-14,5.351730863798583e-14,0.08446825350239724,0.35423462438478814
dpAGWP,agwp_final,2050,95,N2O total,1.5185856511873842e-11,1.5195572934056092e-11,1.5233881820444396e-11,9.716422182250076e-15,4.8025308570553896e-14,0.06398336619770371,0.316250245964084
dpAGWP,agwp_final,2050,96,N2O total,1.526267568992763e-11,1.52693419080739e-11,1.530514912044556e-11,6.6662181462712935e-15,4.24734305179307e-14,0.043676602200691216,0.27828299166417064
dpAGWP,agwp_final,2050,97,N2O total,1.53383427128413e-11,1.534195409788359e-11,1.5375205420336983e-11,3.611385042290713e-15,3.686270749568357e-14,0.023544819084445497,0.24033044629275377
dpAGWP,agwp_final,2050,98,N2O total,1.5412872011925387e-11,1.541342454937594e-11,1.5444066154479073e-11,5.525374505528185e-16,3.119414255368616e-14,0.0035849090949779134,0.2023902004087904
dpAGWP,agwp_final,2050,99,N2O total,1.548627786784006e-11,1.548376811400015e-11,1.5511746571746696e-11,-2.5097538399109537e-15,2.5468703906635444e-14,-0.01620630768302881,0.1644598148372736
dpAGWP,agwp_final,2050,100,N2O total,1.5558574405276986e-11,1.55529994644674e-11,1.557826172495389e-11,-5.5749408095855456e-15,1.968731967690531e-14,-0.03583195133671565,0.12653678392429052
dpAGWP,agwp_final,2050,101,N2O total,1.5629775595827244e-11,1.562113308959012e-11,1.5643626476550596e-11,-8.642506237122846e-15,1.3850880723352411e-14,-0.055295139614353624,0.088618551420855
dpAGWP,agwp_final,2050,102,N2O total,1.5699895260560144e-11,1.5688183297253542e-11,1.5707855506442024e-11,-1.1711963306602152e-14,7.96024588188015e-15,-0.07459899007112414,0.050702541321260654
dpAGWP,agwp_final,2050,103,N2O total,1.5768947064748313e-11,1.5754164213378535e-11,1.5770963302851215e-11,-1.478285136977726e-14,2.0162381029026604e-15,-0.09374659772195265,0.012786130200221086
dpAGWP,agwp_final,2050,104,N2O total,1.5836944517064145e-11,1.581908978529615e-11,1.5832964165998005e-11,-1.7854731767996892e-14,-3.980351066140843e-15,-0.11274101357593697,-0.02513332708750766
dpAGWP,agwp_final,2050,105,N2O total,1.5903900980601672e-11,1.5882973787169458e-11,1.5893872216107412e-11,-2.09271934322142e-14,-1.0028764494259959e-14,-0.13158528500485225,-0.06305851945690719
dpAGWP,agwp_final,2050,106,N2O total,1.5969829667843673e-11,1.594582981492969e-11,1.5953701393526638e-11,-2.3999852913983434e-14,-1.6128274317035244e-14,-0.15028246019623334,-0.10099214990070063
dpAGWP,agwp_final,2050,107,N2O total,1.603474363586955e-11,1.600767129157276e-11,1.6012465460691385e-11,-2.707234429679036e-14,-2.2278175178164868e-14,-0.16883552934535115,-0.13893689655460925
dpAGWP,agwp_final,2050,108,N2O total,1.6098655798053273e-11,1.606851146659432e-11,1.60701780035607e-11,-3.014433145895316e-14,-2.847779449257235e-14,-0.1872475058606965,-0.17689548027988786
dpAGWP,agwp_final,2050,109,N2O total,1.616157891960595e-11,1.6128363419759408e-11,1.612685243236385e-11,-3.3215499846542205e-14,-3.472648724209957e-14,-0.20552137889354227,-0.21487063494750588
dpAGWP,agwp_final,2050,110,N2O total,1.622352561294419e-11,1.6187240062560827e-11,1.6182501986993854e-11,-3.628555038336297e-14,-4.102362595033625e-14,-0.2236600801148425,-0.25286504875120924
dpAGWP,agwp_final,2050,111,N2O total,1.628450834744926e-11,1.624515413996019e-11,1.623713973516068e-11,-3.935420748906974e-14,-4.736861228858107e-14,-0.24166653760372214,-0.2908814394510148
dpAGWP,agwp_final,2050,112,N2O total,1.634453944708484e-11,1.630211823225808e-11,1.6290778575876347e-11,-4.242121482676256e-14,-5.376087120849454e-14,-0.25954365348806857,-0.3289225210813949
dpAGWP,agwp_final,2050,113,N2O total,1.6403631094196748e-11,1.6358144757123688e-11,1.6343431245874805e-11,-4.5486337073060044e-14,-6.019984832194296e-14,-0.27729431862895365,-0.36699099105709815
dpAGWP,agwp_final,2050,114,N2O total,1.6461795327328215e-11,1.6413245969683822e-11,1.6395110321737962e-11,-4.854935764439312e-14,-6.668500559025332e-14,-0.29492140242927434,-0.40508950733672155
dpAGWP,agwp_final,2050,115,N2O total,1.6519044042674e-11,1.64674339685974e-11,1.6445828217298968e-11,-5.161007407660033e-14,-7.321582537503309e-14,-0.3124277285251793,-0.4432207165614007
dpAGWP,agwp_final,2050,116,N2O total,1.6575388999292502e-11,1.6520720697654236e-11,1.64955971888744e-11,-5.4668301638265975e-14,-7.979181041810135e-14,-0.3298161004884978,-0.4813872568632155
dpAGWP,agwp_final,2050,117,N2O total,1.6630841812327266e-11,1.6573117943220886e-11,1.6544429339444915e-11,-5.772386910637983e-14,-8.641247288235063e-14,-0.3470892800122314,-0.5195916951016826
dpAGWP,agwp_final,2050,118,N2O total,1.6685413958585963e-11,1.662463733798258e-11,1.659233661752985e-11,-6.077662060338251e-14,-9.307734105611359e-14,-0.3642500015536512,-0.5578365708344799
dpAGWP,agwp_final,2050,119,N2O total,1.6739116778063053e-11,1.667529036461575e-11,1.6639330822547155e-11,-6.382641344730365e-14,-9.978595551589802e-14,-0.38130096284978093,-0.5961243764466087
dpAGWP,agwp_final,2050,120,N2O total,1.6791961471818108e-11,1.6725088353553187e-11,1.6685423608935655e-11,-6.687311826492085e-14,-1.0653786288245274e-13,-0.3982448290936933,-0.6344575233885266
dpAGWP,agwp_final,2050,121,N2O total,1.6843959105841215e-11,1.6774042486970818e-11,1.673062649100351e-11,-6.991661887039682e-14,-1.1333261483770549e-13,-0.415084235428658,-0.6728383399981276
dpAGWP,agwp_final,2050,122,N2O total,1.689512061078152e-11,1.6822163800711952e-11,1.677495084237707e-11,-7.295681006956716e-14,-1.201697684044501e-13,-0.4318217771290145,-0.7112690768704218
dpAGWP,agwp_final,2050,123,N2O total,1.6945456785847778e-11,1.6869463186376674e-11,1.681840789718181e-11,-7.599359947110405e-14,-1.2704888866596773e-13,-0.4484600234239251,-0.7497519262630576
dpAGWP,agwp_final,2050,124,N2O total,1.6994978298711268e-11,1.6915951393347717e-11,1.6861008754209312e-11,-7.902690536355071e-14,-1.3396954450195607e-13,-0.4650015079427512,-0.7882890001225539
dpAGWP,agwp_final,2050,125,N2O total,1.7043695683441202e-11,1.696163902872639e-11,1.690276437794022e-11,-8.205665471481099e-14,-1.4093130550098072e-13,-0.48144872003630707,-0.8268823154235408
dpAGWP,agwp_final,2050,126,N2O total,1.7091619346478817e-11,1.700653655943273e-11,1.6943685595578875e-11,-8.508278704608814e-14,-1.4793375089994211e-13,-0.49780413032435533,-0.8655338496666155
dpAGWP,agwp_final,2050,127,N2O total,1.7138759564724398e-11,1.705065431639389e-11,1.6983783096776867e-11,-8.810524833050698e-14,-1.54976467947531e-13,-0.5140701577484541,-0.904245534002992
dpAGWP,agwp_final,2050,128,N2O total,1.7185126489265382e-11,1.7094002496412756e-11,1.702306743532514e-11,-9.112399285262556e-14,-1.6205905394024302e-13,-0.530249183266389,-0.9430192675129423
dpAGWP,agwp_final,2050,129,N2O total,1.723073014690322e-11,1.7136591159686705e-11,1.7061549027010132e-11,-9.413898721651622e-14,-1.6918111989308962e-13,-0.5463435757737478,-0.9818569407721562
dpAGWP,agwp_final,2050,130,N2O total,1.7275580436140518e-11,1.717843023376891e-11,1.7099238151483082e-11,-9.715020237160877e-14,-1.7634228465743597e-13,-0.5623556483715623,-1.0207604040239822
dpAGWP,agwp_final,2050,131,N2O total,1.7319687131091698e-11,1.7219529515486068e-11,1.7136144956713328e-11,-1.0015761560563031e-13,-1.8354217437837042e-13,-0.5782876725632696,-1.0597314662161645
dpAGWP,agwp_final,2050,132,N2O total,1.7363059885334774e-11,1.72598986728277e-11,1.7172279453307937e-11,-1.0316121250707509e-13,-1.9078043202683666e-13,-0.5941418919726663,-1.0987719519874146
dpAGWP,agwp_final,2050,133,N2O total,1.7405708232007093e-11,1.7299547244871312e-11,1.7207651517145828e-11,-1.0616098713578142e-13,-1.980567148612652e-13,-0.6099205256156345,-1.1378836886226882
dpAGWP,agwp_final,2050,134,N2O total,1.7447641583736538e-11,1.733848464167433e-11,1.7242270894131944e-11,-1.0915694206220659e-13,-2.053706896045934e-13,-0.625625770327349,-1.1770684801092286
dpAGWP,agwp_final,2050,135,N2O total,1.748886923272067e-11,1.7376720150486053e-11,1.7276147199289904e-11,-1.121490822346161e-13,-2.1272203343076565e-13,-0.6412597678115839,-1.2163281147575564
dpAGWP,agwp_final,2050,136,N2O total,1.752940035524499e-11,1.741426293398444e-11,1.7309289922164802e-11,-1.1513742126054786e-13,-2.2011043308018639e-13,-0.6568246427556632,-1.2556643616980712
dpAGWP,agwp_final,2050,137,N2O total,1.7569244011993815e-11,1.745112203465398e-11,1.7341708427643202e-11,-1.181219773398365e-13,-2.2753558435061315e-13,-0.6723224816002292,-1.295078969791095
dpAGWP,agwp_final,2050,138,N2O total,1.7608409147859045e-11,1.748730637467879e-11,1.7373411958503585e-11,-1.211027731802539e-13,-2.349971893554599e-13,-0.6877553341891673,-1.334573653884187
dpAGWP,agwp_final,2050,139,N2O total,1.7646904595825092e-11,1.752282475782517e-11,1.7404409636236794e-11,-1.2407983799992276e-13,-2.4249495958829773e-13,-0.7031252270116404,-1.3741501138146757
dpAGWP,agwp_final,2050,140,N2O total,1.7684739073988174e-11,1.755768587162761e-11,1.7434710464604757e-11,-1.2705320236056564e-13,-2.500286093834168e-13,-0.7184341359463057,-1.4138099993297304
dpAGWP,agwp_final,2050,141,N2O total,1.772192118689426e-11,1.7591898285389003e-11,1.746432333280048e-11,-1.300229015052562e-13,-2.5759785409378027e-13,-0.7336840071346832,-1.4535549017353682
dpAGWP,agwp_final,2050,142,N2O total,1.7758459422596365e-11,1.7625470458249164e-11,1.7493257013656935e-11,-1.3298896434720097e-13,-2.6520240893943044e-13,-0.7488766969165245,-1.493386349730199
dpAGWP,agwp_final,2050,143,N2O total,1.7794362151194743e-11,1.7658410732742497e-11,1.752152016569592e-11,-1.3595141845224553e-13,-2.7284198549882453e-13,-0.7640140022839623,-1.5333057919162643
dpAGWP,agwp_final,2050,144,N2O total,1.782963762898687e-11,1.7690727340996375e-11,1.7549121337916887e-11,-1.389102879904943e-13,-2.8051629106998306e-13,-0.7790976512313311,-1.5733145950982672
dpAGWP,agwp_final,2050,145,N2O total,1.7864293997407853e-11,1.7722428406960845e-11,1.7576068966765432e-11,-1.418655904470074e-13,-2.8822503064242053e-13,-0.7941292864279574,-1.6134140575846019
dpAGWP,agwp_final,2050,146,N2O total,1.7898339286157102e-11,1.7753521944467673e-11,1.760237137325375e-11,-1.4481734168942894e-13,-2.9596791290335234e-13,-0.8091104955275559,-1.6536054444574042
dpAGWP,agwp_final,2050,147,N2O total,1.7931781416344915e-11,1.778401586152776e-11,1.7628036770627917e-11,-1.477655548171559e-13,-3.0374464571699766e-13,-0.8240428063798882,-1.693889963660458
dpAGWP,agwp_final,2050,148,N2O total,1.796462820146767e-11,1.7813917960435183e-11,1.765307326230077e-11,-1.5071024103248531e-13,-3.11554939166898e-13,-0.8389276935894094,-1.734268784596637
dpAGWP,agwp_final,2050,149,N2O total,1.7996887350136734e-11,1.7843235939892217e-11,1.767748884380917e-11,-1.5365141024451744e-13,-3.193985063275637e-13,-0.8537665833828206,-1.7747430436915919
dpAGWP,agwp_final,2050,150,N2O total,1.802856646658429e-11,1.7871977394991276e-11,1.770129140754924e-11,-1.565890715930132e-13,-3.272750590350476e-13,-0.8685608580318851,-1.8153138223255167
dpAGWP,agwp_final,2050,151,N2O total,1.8059673055043104e-11,1.790014981715361e-11,1.772448874110207e-11,-1.595232378894946e-13,-3.351843139410349e-13,-0.8833118816896204,-1.8559821815126147
dpAGWP,agwp_final,2050,152,N2O total,1.8090214518227174e-11,1.7927760600405056e-11,1.7747088531183255e-11,-1.6245391782211744e-13,-3.43125987043919e-13,-0.8980209585598534,-1.8967491330641506
dpAGWP,agwp_final,2050,153,N2O total,1.8120198157593522e-11,1.7954817039217087e-11,1.776909836577328e-11,-1.6538111837643494e-13,-3.5109979182024263e-13,-0.9126893477548957,-1.9376156307270256
dpAGWP,agwp_final,2050,154,N2O total,1.8149631179615643e-11,1.79813263304101e-11,1.7790525732128267e-11,-1.683048492055447e-13,-3.5910544748737575e-13,-0.9273182883990092,-1.9785826165475866
dpAGWP,agwp_final,2050,155,N2O total,1.8178520692171202e-11,1.8007295575265762e-11,1.7811378018257813e-11,-1.7122511690543982e-13,-3.6714267391338873e-13,-0.9419089694090453,-2.019650994327075
dpAGWP,agwp_final,2050,156,N2O total,1.8206873704767933e-11,1.8032731776442444e-11,1.783166251648192e-11,-1.7414192832548922e-13,-3.7521118828601207e-13,-0.956462548976136,-2.0608216125965297
dpAGWP,agwp_final,2050,157,N2O total,1.8234697137074822e-11,1.8057641845318517e-11,1.7851386421896053e-11,-1.7705529175630445e-13,-3.833107151787686e-13,-0.9709801617506182,-2.1020953202420922
dpAGWP,agwp_final,2050,158,N2O total,1.8261997817504912e-11,1.8082032600106394e-11,1.7870556835102763e-11,-1.799652173985185e-13,-3.9144098240214885e-13,-0.9854629224958842,-2.1434729448217094
dpAGWP,agwp_final,2050,159,N2O total,1.828878247965523e-11,1.8105910766065407e-11,1.7889180763333724e-11,-1.8287171358982115e-13,-3.9960171632150396e-13,-0.9999119066195409,-2.1849552684331397
dpAGWP,agwp_final,2050,160,N2O total,1.8315057768938733e-11,1.8129282979886544e-11,1.7907265116844332e-11,-1.8577478905218893e-13,-4.0779265209440085e-13,-1.014328163175396,-2.2265430840518197
dpAGWP,agwp_final,2050,161,N2O total,1.8340830242938706e-11,1.8152155788686816e-11,1.7924816712368185e-11,-1.8867445425188968e-13,-4.160135305705206e-13,-1.0287127232123536,-2.2682371793429987
dpAGWP,agwp_final,2050,162,N2O total,1.836610637172565e-11,1.8174535652098828e-11,1.794184227464141e-11,-1.9157071962682152e-13,-4.2426409708423963e-13,-1.0430665909772896,-2.3100383309191104
dpAGWP,agwp_final,2050,163,N2O total,1.8390892540200844e-11,1.819642894438736e-11,1.795834843640288e-11,-1.9446359581348344e-13,-4.325441037979647e-13,-1.0573907459271126,-2.351947317687067
dpAGWP,agwp_final,2050,164,N2O total,1.841519504901014e-11,1.8217841953195728e-11,1.7974341741556128e-11,-1.973530958144115e-13,-4.4085330745401083e-13,-1.0716861553145467,-2.3939649093084556
dpAGWP,agwp_final,2050,165,N2O total,1.843902011484298e-11,1.8238780880607614e-11,1.7989828647053696e-11,-2.0023923423536645e-13,-4.491914677892841e-13,-1.0859537707981486,-2.4360918584154887
dpAGWP,agwp_final,2050,166,N2O total,1.846237387194501e-11,1.8259251846395815e-11,1.800481552359775e-11,-2.0312202554919462e-13,-4.575583483472594e-13,-1.100194519719125,-2.4783289057023934
dpAGWP,agwp_final,2050,167,N2O total,1.8485262374245416e-11,1.8279260887939736e-11,1.8019308655469272e-11,-2.0600148630567982e-13,-4.659537187761434e-13,-1.1144093177313583,-2.520676792910082
dpAGWP,agwp_final,2050,168,N2O total,1.8507691594664706e-11,1.829881396132167e-11,1.80333142421776e-11,-2.088776333430366e-13,-4.743773524871071e-13,-1.1285990598808697,-2.5631362510052735
dpAGWP,agwp_final,2050,169,N2O total,1.8529667428585347e-11,1.8317916942464277e-11,1.8046838399779e-11,-2.117504861210702e-13,-4.828290288063476e-13,-1.1427646337268145,-2.605708012122748
dpAGWP,agwp_final,2050,170,N2O total,1.8551195693400474e-11,1.833657562731234e-11,1.8059887158119584e-11,-2.146200660881344e-13,-4.913085352808903e-13,-1.1569069165955959,-2.648392822763827
dpAGWP,agwp_final,2050,171,N2O total,1.857228213006621e-11,1.8354795735218946e-11,1.8072466461311226e-11,-2.1748639484726584e-13,-4.99815668754986e-13,-1.171026766253903,-2.691191450004126
dpAGWP,agwp_final,2050,172,N2O total,1.859293240656581e-11,1.8372582909167922e-11,1.8084582168983857e-11,-2.203494973978886e-13,-5.083502375819536e-13,-1.1851250388027847,-2.7341046934717914
dpAGWP,agwp_final,2050,173,N2O total,1.8613152117189483e-11,1.8389942715850567e-11,1.8096240058043992e-11,-2.232094013389161e-13,-5.16912059145491e-13,-1.1992025849978378,-2.777133372633409
dpAGWP,agwp_final,2050,174,N2O total,1.8632946783719573e-11,1.8406880646770168e-11,1.810744582637714e-11,-2.2606613694940453e-13,-5.255009573424326e-13,-1.2132602511747015,-2.8202783136888794
dpAGWP,agwp_final,2050,175,N2O total,1.8652321855582496e-11,1.8423402120341995e-11,1.8118205094026065e-11,-2.2891973524050047e-13,-5.341167615564308e-13,-1.2272988693468558,-2.863540344692121
dpAGWP,agwp_final,2050,176,N2O total,1.8671282711694414e-11,1.8439512482720843e-11,1.8128523405684114e-11,-2.3177022897357095e-13,-5.427593060102996e-13,-1.2413192631291794,-2.9069202924679205
dpAGWP,agwp_final,2050,177,N2O total,1.868983466253193e-11,1.8455217007754687e-11,1.813840623243157e-11,-2.34617654777243e-13,-5.514284301003606e-13,-1.255322259471819,-2.950418984742683
dpAGWP,agwp_final,2050,178,N2O total,1.8707982948293613e-11,1.847052089907647e-11,1.8147858972564195e-11,-2.3746204921714227e-13,-5.601239757294187e-13,-1.2693086682485006,-2.9940372368177113
dpAGWP,agwp_final,2050,179,N2O total,1.8725732741263587e-11,1.848542928921807e-11,1.8156886952517498e-11,-2.4030345204551715e-13,-5.688457887460886e-13,-1.283279300019006,-3.0377758595934314
dpAGWP,agwp_final,2050,180,N2O total,1.874308914837173e-11,1.8499947240955505e-11,1.816549542748354e-11,-2.431419074162251e-13,-5.775937208881909e-13,-1.2972349728024828,-3.0816356701710945
dpAGWP,agwp_final,2050,181,N2O total,1.876005720942065e-11,1.8514079750529764e-11,1.817368958080819e-11,-2.4597745889088485e-13,-5.8636762861246e-13,-1.3111764860043365,-3.125617486486163
dpAGWP,agwp_final,2050,182,N2O total,1.8776641900362456e-11,1.8527831747778212e-11,1.8181474523587278e-11,-2.488101525842436e-13,-5.951673767751775e-13,-1.3251046374774857,-3.169722146981398
dpAGWP,agwp_final,2050,183,N2O total,1.8792848134427134e-11,1.8541208096205752e-11,1.818885529733354e-11,-2.516400382213818e-13,-6.03992837093594e-13,-1.3390202295116487,-3.213950502729402
dpAGWP,agwp_final,2050,184,N2O total,1.8808680760193783e-11,1.85542135930125e-11,1.8195836877781577e-11,-2.5446716718128227e-13,-6.128438824122066e-13,-1.3529240589793525,-3.2583033878123655
dpAGWP,agwp_final,2050,185,N2O total,1.882414456571395e-11,1.856685297118178e-11,1.8202424173451447e-11,-2.5729159453216946e-13,-6.217203922625022e-13,-1.3668169283017355,-3.302781648813384
dpAGWP,agwp_final,2050,186,N2O total,1.883924427738989e-11,1.8579130901450188e-11,1.8208622027087215e-11,-2.6011337593970234e-13,-6.306222503026747e-13,-1.3806996295062646,-3.3473861319348273
dpAGWP,agwp_final,2050,187,N2O total,1.8853984561101384e-11,1.8591051991390427e-11,1.8214435217199452e-11,-2.629325697109569e-13,-6.395493439019313e-13,-1.3945729554347175,-3.39211768116867
dpAGWP,agwp_final,2050,188,N2O total,1.8868370023439304e-11,1.8602620785568768e-11,1.8219868459501284e-11,-2.6574923787053664e-13,-6.485015639380208e-13,-1.408437705749933,-3.436977137571593
dpAGWP,agwp_final,2050,189,N2O total,1.8882405210764737e-11,1.8613841768667822e-11,1.822492640786814e-11,-2.685634420969151e-13,-6.574788028965985e-13,-1.4222946658501365,-3.4819653299346323
dpAGWP,agwp_final,2050,190,N2O total,1.8896094612401462e-11,1.8624719365579848e-11,1.8229613654098343e-11,-2.713752468216135e-13,-6.664809583031182e-13,-1.4361446234689712,-3.5270830929567234
dpAGWP,agwp_final,2050,191,N2O total,1.890944266080056e-11,1.8635257941517554e-11,1.8233934728116012e-11,-2.741847192830065e-13,-6.755079326845485e-13,-1.4499883693102906,-3.572331267514734
dpAGWP,agwp_final,2050,192,N2O total,1.8922453730867106e-11,1.8645461802256987e-11,1.823789410090605e-11,-2.7699192861011903e-13,-6.845596299610568e-13,-1.4638266926148065,-3.6177106822270844
dpAGWP,agwp_final,2050,193,N2O total,1.8935132143118986e-11,1.8655335196339456e-11,1.8241496183212826e-11,-2.7979694677952934e-13,-6.936359599061599e-13,-1.4776603863375064,-3.663222176974491
dpAGWP,agwp_final,2050,194,N2O total,1.894748216472371e-11,1.8664882317193874e-11,1.8244745325081275e-11,-2.825998475298363e-13,-7.02736839642435e-13,-1.4914902416743197,-3.7088666110518136
dpAGWP,agwp_final,2050,195,N2O total,1.895950800630012e-11,1.8674107302004744e-11,1.8247645819648673e-11,-2.854007042953752e-13,-7.118621866514462e-13,-1.5053170377656344,-3.7546448273599666
dpAGWP,agwp_final,2050,196,N2O total,1.8971213825836062e-11,1.8683014231677497e-11,1.8250201902065045e-11,-2.881995941585645e-13,-7.210119237710167e-13,-1.5191415626030114,-3.8005576785450716
dpAGWP,agwp_final,2050,197,N2O total,1.8982603728905348e-11,1.869160713202102e-11,1.825241775234004e-11,-2.909965968843272e-13,-7.301859765653087e-13,-1.532964608228209,-3.846606013554578
dpAGWP,agwp_final,2050,198,N2O total,1.8993681767610237e-11,1.869988997578232e-11,1.8254297495441977e-11,-2.937917918279155e-13,-7.393842721682599e-13,-1.5467869548541986,-3.8927906722598964
dpAGWP,agwp_final,2050,199,N2O total,1.9004451943718476e-11,1.8707866681702363e-11,1.8255845200697513e-11,-2.965852620161132e-13,-7.486067430209634e-13,-1.5606093924436653,-3.939112504995966
dpAGWP,agwp_final,2050,200,N2O total,1.901491820773715e-11,1.8715541116787827e-11,1.825706488095076e-11,-2.993770909493232e-13,-7.578533267863902e-13,-1.574432704251691,-3.9855723727384764
